model,total_return,ann_return,volatility,sharpe,max_drawdown,excess_spy,excess_dji
Market-Cap Weighted,0.05644998370462018,0.30479915484884124,0.6329694392318901,0.4183442966380425,-0.40349533441724517,0.22729397629573933,0.19300327256158167
Online Optimizer,-0.4836118876541924,-0.9360098295520247,0.814213383614579,-1.1987150410365088,-0.6097930379314845,-0.31276789506307323,-0.3470585987972309
GRU Policy,0.37649822140621203,1.1148212751914377,0.9982293999873599,1.076727729322586,-0.5316500322392661,0.5473422139973312,0.5130515102631735
REINFORCE MLP,-0.09763242257426263,-0.07810593732997949,0.08436406311983902,-1.3999555374924295,-0.0976324310014629,0.0,0.0
PolicyParams (Rule),0.3454173338312476,0.2560399172104937,0.18945873613271808,1.140300635485899,0.0,0.0,0.0
