date,weight_market,weight_ipo,realized_market,realized_ipo,gross_ret,cost,net_ret,turnover,was_model_updated
2021-07-19,0.4959449768066406,0.5040549635887146,-0.015670880675315857,3.6320998333394527e-06,-0.007770063775109911,0.0,-0.007770063775109911,0.0,1
2021-07-20,0.4957261085510254,0.5042738914489746,0.014504600316286087,0.01637079380452633,0.01544567296879773,2.1889805793762206e-07,0.015445454070739793,0.00043779611587524414,0
2021-07-21,0.4957905411720276,0.5042095184326172,0.00815666001290083,0.013007216155529022,0.010602357075880586,6.440281867980957e-08,0.010602292673061906,0.00012880563735961914,0
2021-07-22,0.49589303135871887,0.5041069388389587,0.00185676000546664,0.0008912595803849399,0.0013700444863952305,1.0253489017486573e-07,0.0013699419515050557,0.00020506978034973145,0
2021-07-23,0.495930552482605,0.504069447517395,0.00963009987026453,0.0016959711210802197,0.005630747975131314,3.750622272491455e-08,0.00563071046890859,7.50124454498291e-05,0
2021-07-26,0.49185633659362793,0.5081437230110168,0.0024443799629807472,-0.0098571190610528,-0.00380654940401165,4.0742456912994386e-06,-0.0038106236497029494,0.008148491382598877,1
2021-07-27,0.49183833599090576,0.5081616640090942,-0.004142200108617544,-0.017525043338537216,-0.010942847993506366,1.7970800399780273e-08,-0.010942865964306766,3.594160079956055e-05,0
2021-07-28,0.49163636565208435,0.5083635449409485,-0.0009831199422478676,0.025793058797717094,0.012628913289870952,2.019256353378296e-07,0.012628711364235615,0.0004038512706756592,0
2021-07-29,0.49169912934303284,0.5083009004592896,0.004152759909629822,-0.0009185791132040322,0.0015749938415509299,6.270408630371094e-08,0.0015749311374646262,0.00012540817260742188,0
2021-07-30,0.4917786419391632,0.5082213878631592,-0.0046695200726389885,-0.009711643680930138,-0.007232035269784859,7.95125961303711e-08,-0.007232114782380989,0.0001590251922607422,0
2021-08-02,0.4870195984840393,0.5129804015159607,-0.00230229995213449,0.017958087846636772,0.008090881915748263,4.759028553962707e-06,0.0080861228871943,0.009518057107925415,1
2021-08-03,0.4868018329143524,0.51319819688797,0.008086579851806164,0.010041889734566212,0.009090041598994708,2.177804708480835e-07,0.00908982381852386,0.000435560941696167,0
2021-08-04,0.48697659373283386,0.5130233764648438,-0.005622980184853077,0.0390888936817646,0.017315256481847202,1.7479062080383301e-07,0.0173150816912264,0.000349581241607666,0
2021-08-05,0.4870359003543854,0.5129640698432922,0.006548279896378517,0.005225424654781818,0.005869702492681594,5.930662155151367e-08,0.005869643186060043,0.00011861324310302734,0
2021-08-06,0.4871778190135956,0.512822151184082,0.0021144200582057238,-0.0033517226111143827,-0.0006887390471687418,1.419186592102051e-07,-0.000688880965827952,0.00028383731842041016,0
2021-08-09,0.4822008013725281,0.5177991390228271,-0.001148079987615347,0.010562440380454063,0.0049156174449111745,4.9770027399063115e-06,0.004910640442171268,0.009954005479812622,1
2021-08-10,0.48216691613197327,0.5178330540657043,0.001830079942010343,-0.0061620078049600124,-0.0023084873189050427,3.3900141716003417e-08,-0.0023085212190467586,6.780028343200684e-05,0
2021-08-11,0.4821512699127197,0.5178487300872803,0.0031653998885303736,0.005323300138115883,0.004282865792433255,1.5661120414733886e-08,0.00428285013131284,3.1322240829467773e-05,0
2021-08-12,0.4823598265647888,0.517640233039856,0.002604600042104721,-0.006913145538419485,-0.002322167842965628,2.085268497467041e-07,-0.0023223763698153746,0.0004170536994934082,0
2021-08-13,0.482564240694046,0.5174357295036316,0.0015733999898657203,0.009365420788526535,0.005605269909237275,2.044588327407837e-07,0.005605065450404534,0.0004089176654815674,0
2021-08-16,0.4768567681312561,0.5231431722640991,0.0025287000462412834,-0.022841326892375946,-0.010743456477574853,5.707457661628723e-06,-0.010749163935236481,0.011414915323257446,1
2021-08-17,0.47665926814079285,0.5233407616615295,-0.0067582200281322,-0.0032625228632241488,-0.004928779412721823,1.9754469394683837e-07,-0.00492897695741577,0.00039508938789367676,0
2021-08-18,0.47599366307258606,0.5240063667297363,-0.0108621995896101,0.016723062843084335,0.003592653229313625,6.656050682067871e-07,0.003591987624245418,0.0013312101364135742,0
2021-08-19,0.47478172183036804,0.5252183079719543,0.0009403200238011777,-0.016484465450048447,-0.00821149629152469,1.2119412422180177e-06,-0.008212708232766909,0.002423882484436035,0
2021-08-20,0.4743858575820923,0.5256141424179077,0.007704820018261671,0.013182733207941055,0.010584088661694746,3.95849347114563e-07,0.010583692812347632,0.000791698694229126,0
2021-08-23,0.4679853022098541,0.5320146679878235,0.00838731974363327,0.02162092737853527,0.015427792865835177,6.4005404710769656e-06,0.0154213923253641,0.01280108094215393,1
2021-08-24,0.4687272608280182,0.5312727093696594,0.0014489400200545788,0.029562881216406822,0.016385109687318142,7.419586181640625e-07,0.01638436772869998,0.001483917236328125,0
2021-08-25,0.4689421057701111,0.5310578942298889,0.0019442799966782331,0.0022025019861757755,0.0020814108226646505,2.1483004093170166e-07,0.002081195992623719,0.0004296600818634033,0
2021-08-26,0.4692141115665436,0.530785858631134,-0.005867000203579664,-0.006592916790395975,-0.0062523062875573104,2.7202069759368895e-07,-0.006252578308254904,0.0005440413951873779,0
2021-08-27,0.4684847593307495,0.5315152406692505,0.008563360199332237,0.01856968179345131,0.013881872629644354,7.293671369552613e-07,0.013881143262507398,0.0014587342739105225,0
2021-08-30,0.4616439938545227,0.5383560657501221,0.0033575999550521374,0.01909594237804413,0.011830432263450902,6.840795278549195e-06,0.011823591468172353,0.013681590557098389,1
2021-08-31,0.4620480537414551,0.5379519462585449,-0.0012965999776497483,0.0006004082388244569,-0.0002761007155289985,4.0408968925476077e-07,-0.00027650480521825325,0.0008081793785095215,0
2021-09-01,0.4620419442653656,0.537958025932312,0.00024714000755921006,0.021479472517967224,0.01166924368343141,6.094574928283692e-09,0.011669237588856482,1.2189149856567383e-05,0
2021-09-02,0.46227896213531494,0.5377210378646851,0.003195259952917695,0.012409274466335773,0.008149829399973135,2.37002968788147e-07,0.008149592397004347,0.00047400593757629395,0
2021-09-03,0.4621983468532562,0.5378016829490662,-0.00056951999431476,0.007105328142642975,0.0035580262331465964,8.063018321990968e-08,0.0035579456029633766,0.00016126036643981934,0
2021-09-07,0.45378443598747253,0.5462155342102051,-0.004304639995098114,-0.003559555858373642,-0.003897663337037338,8.413881063461303e-06,-0.0039060772181007996,0.016827762126922607,1
2021-09-08,0.4527358114719391,0.5472642183303833,-0.0013623599661514163,-0.031194424256682396,-0.017688381351892084,1.0486543178558349e-06,-0.01768943000620994,0.00209730863571167,0
2021-09-09,0.45249247550964355,0.5475075840950012,-0.00423842016607523,0.011442453600466251,0.00434697689371305,2.4335086345672607e-07,0.004346733542849594,0.00048670172691345215,0
2021-09-10,0.4519364833831787,0.5480635166168213,-0.007810660172253847,0.01462450623512268,0.004485236024856509,5.559623241424561e-07,0.004484680062532367,0.0011119246482849121,0
2021-09-13,0.44083619117736816,0.5591638088226318,0.0034481999464333057,-0.01927660033106804,-0.009258685931467947,1.1100292205810547e-05,-0.009269786223673757,0.022200584411621094,1
2021-09-14,0.4411616325378418,0.5588383078575134,-0.005883899983018637,-0.002990834414958954,-0.004267143765735559,3.254711627960205e-07,-0.004267469236898355,0.000650942325592041,0
2021-09-15,0.4411373436450958,0.558862566947937,0.008070399984717369,0.01048536691814661,0.009420033882678036,2.4273991584777832e-08,0.009420009608686452,4.8547983169555664e-05,0
2021-09-16,0.44186726212501526,0.5581327676773071,-0.0016299999551847577,0.014812653884291649,0.007547183891624325,7.298588752746583e-07,0.007546454032749051,0.0014597177505493164,0
2021-09-17,0.44177353382110596,0.5582265257835388,-0.008894960395991802,-0.007405337877571583,-0.008063414122986112,9.374320507049561e-08,-0.008063507866191182,0.0001874864101409912,0
2021-09-20,0.429627001285553,0.570372998714447,-0.016922399401664734,-0.04189474508166313,-0.031165951092099187,1.2146502733230591e-05,-0.031178097594832418,0.02429300546646118,1
2021-09-21,0.4269336760044098,0.5730663537979126,-0.0009286199929192662,0.010326708666980267,0.0055214301353314725,2.6933401823043825e-06,0.0055187367951491685,0.005386680364608765,0
2021-09-22,0.4265912175178528,0.573408842086792,0.009798560291528702,0.005168128293007612,0.007143430224934799,3.424733877182007e-07,0.007143087751547081,0.0006849467754364014,0
2021-09-23,0.42798709869384766,0.5720129609107971,0.012622320093214512,0.01774265617132187,0.015551219446459985,1.395881175994873e-06,0.01554982356528399,0.002791762351989746,0
2021-09-24,0.42974725365638733,0.5702527165412903,0.0015110999811440706,-0.015609567984938622,-0.00825200748055032,1.7601996660232544e-06,-0.008253767680216344,0.003520399332046509,0
2021-09-27,0.4192288815975189,0.5807710886001587,-0.0019631600007414818,-0.0026828176341950893,-0.00238111628943502,1.0518372058868408e-05,-0.0023916346614938884,0.021036744117736816,1
2021-09-28,0.4189648926258087,0.5810351371765137,-0.019462600350379944,-0.03621267154812813,-0.02919498084651062,2.6401877403259277e-07,-0.029195244865284655,0.0005280375480651855,0
2021-09-29,0.4160986840724945,0.5839012265205383,0.00182628002949059,-0.009393701329827309,-0.0047250810110348665,2.8661489486694335e-06,-0.004727947159983536,0.005732297897338867,0
2021-09-30,0.4155801832675934,0.584419846534729,-0.012891420163214207,-5.275365401757881e-05,-0.005388249036393208,5.185604095458985e-07,-0.005388767596802754,0.0010371208190917969,0
2021-10-01,0.4149865210056305,0.5850133895874023,0.012346779927611351,0.003399884095415473,0.00711272496664489,5.936026573181152e-07,0.007112131363987572,0.0011872053146362305,0
2021-10-04,0.4027934670448303,0.5972065329551697,-0.012237380258738995,-0.03248782083392143,-0.02433107566545839,1.2193098664283752e-05,-0.024343268764122673,0.024386197328567505,1
2021-10-05,0.4018699526786804,0.5981300473213196,0.010183780454099178,0.01431073434650898,0.012652235581059157,9.235143661499023e-07,0.012651312066693007,0.0018470287322998047,0
2021-10-06,0.4026149809360504,0.5973849892616272,0.003927220124751329,-0.0014736512675881386,0.0007008205089949066,7.45043158531189e-07,0.0007000754658363753,0.001490086317062378,0
2021-10-07,0.40300440788269043,0.5969955921173096,0.008925720117986202,0.018646270036697388,0.014728845572413052,3.894120454788208e-07,0.014728456160367573,0.0007788240909576416,0
2021-10-08,0.4042302966117859,0.5957697033882141,-0.0015475200489163399,-0.009462504647672176,-0.0062630280756393875,1.225888729095459e-06,-0.006264253964368483,0.002451777458190918,0
2021-10-11,0.39153867959976196,0.608461320400238,-0.007257460150867701,-0.021421203389763832,-0.015875550063816385,1.2691617012023926e-05,-0.01588824168082841,0.02538323402404785,1
2021-10-12,0.3909139037132263,0.6090860366821289,-0.0026450599543750286,0.005425316281616688,0.0022704936793966624,6.247460842132569e-07,0.002269868933312449,0.0012494921684265137,0
2021-10-13,0.39091262221336365,0.609087347984314,0.0030079600401222706,0.02077426202595234,0.013829189710515763,1.2964010238647462e-09,0.013829188414114738,2.592802047729492e-06,0
2021-10-14,0.3920229375362396,0.6079770922660828,0.01653588004410267,0.014281329698860645,0.015165165573642558,1.110285520553589e-06,0.015164055288122005,0.0022205710411071777,0
2021-10-15,0.39429032802581787,0.6057096719741821,0.008223139680922031,-0.0019911546260118484,0.002036242826821355,2.267405390739441e-06,0.0020339754214306156,0.004534810781478882,0
2021-10-18,0.38141149282455444,0.6185885071754456,0.002249459968879819,-0.003298854688182473,-0.0011826637121719885,1.2878835201263428e-05,-0.001195542547373252,0.025757670402526855,1
2021-10-19,0.38218796253204346,0.6178119778633118,0.007327099796384573,0.018856307491660118,0.014449981969070491,7.764995098114014e-07,0.01444920546956068,0.0015529990196228027,0
2021-10-20,0.38347941637039185,0.6165205240249634,0.004018180072307587,0.0054520838893949986,0.004902210965517517,1.2914538383483888e-06,0.004900919511679169,0.0025829076766967773,0
2021-10-21,0.38437724113464355,0.6156226992607117,0.0021031000651419163,0.015839900821447372,0.010559786300590734,8.97824764251709e-07,0.010558888475826483,0.001795649528503418,0
2021-10-22,0.38556423783302307,0.6144357323646545,-0.0004551399906631559,-0.008489019237458706,-0.00539144245583295,1.1869817972183227e-06,-0.0053926294376301686,0.0023739635944366455,0
2021-10-25,0.3705223798751831,0.6294776201248169,0.004806439857929945,0.011651336215436459,0.009115148927054173,1.504187285900116e-05,0.009100107054195172,0.03008374571800232,1
2021-10-26,0.37091752886772156,0.6290825605392456,0.0007128000142984092,0.0029214664828032255,0.0021022336354118796,3.951042890548706e-07,0.0021018385311228245,0.0007902085781097412,0
2021-10-27,0.3699648976325989,0.6300350427627563,-0.00490141985937953,-0.015999948605895042,-0.011893881600646722,9.525567293167115e-07,-0.01189483415737604,0.0019051134586334229,0
2021-10-28,0.368221253156662,0.6317787766456604,0.009088659659028053,0.013537822291254997,0.011899546454777143,1.7436891794204711e-06,0.011897802765597723,0.0034873783588409424,0
2021-10-29,0.36817657947540283,0.6318234205245972,0.0021323200780898333,0.007767146453261375,0.005692535352512934,4.4658780097961424e-08,0.0056924906937328365,8.931756019592285e-05,0
2021-11-01,0.35246700048446655,0.6475330591201782,0.0018625600496307015,0.02356959506869316,0.015918582950970282,1.570960879325867e-05,0.015902873342177024,0.031419217586517334,1
2021-11-02,0.35233691334724426,0.6476631164550781,0.004037059843540192,0.008064904250204563,0.0066457462248703525,1.300722360610962e-07,0.0066456161526342915,0.0002601444721221924,0
2021-11-03,0.3528645634651184,0.6471354365348816,0.005500379949808121,0.005830012261867523,0.0057136966999686845,5.276650190353394e-07,0.005713169034949649,0.0010553300380706787,0
2021-11-04,0.3546241223812103,0.6453758478164673,0.003760080086067319,0.006575409322977066,0.005577025467161316,1.7595738172531128e-06,0.005575265893344063,0.0035191476345062256,0
2021-11-05,0.3547669053077698,0.6452330946922302,0.0038166800513863564,-0.0024265749379992485,-0.00021167468636762443,1.427680253982544e-07,-0.0002118174543930227,0.0002855360507965088,0
2021-11-08,0.3364159166812897,0.6635841131210327,0.0012057200074195862,0.011470521800220013,0.0080172794373915,1.8351003527641298e-05,0.007998928433863859,0.03670200705528259,1
2021-11-09,0.33468368649482727,0.6653162240982056,-0.0032240001019090414,0.004679935052990913,0.0020346164791141333,1.732170581817627e-06,0.0020328843085323156,0.003464341163635254,0
2021-11-10,0.333157479763031,0.666842520236969,-0.007691840175539255,-0.026174884289503098,-0.02001711989414598,1.5262514352798461e-06,-0.02001864614558126,0.0030525028705596924,0
2021-11-11,0.3312195837497711,0.6687803864479065,-0.000536940002348274,0.03533055633306503,0.023450538073770365,1.937881112098694e-06,0.023448600192658264,0.0038757622241973877,0
2021-11-12,0.331798255443573,0.668201744556427,0.007099879905581474,0.009161955676972866,0.008477762533432742,5.78656792640686e-07,0.008477183876640102,0.001157313585281372,0
2021-11-15,0.31585273146629333,0.6841472387313843,0.00026045998674817383,0.01583419181406498,0.01091518560538773,1.594550907611847e-05,0.010899240096311612,0.03189101815223694,1
2021-11-16,0.3163745403289795,0.6836254596710205,0.0035893600434064865,0.04130373150110245,0.029371864567377504,5.217939615249634e-07,0.02937134277341598,0.0010435879230499268,0
2021-11-17,0.3168628513813019,0.6831371784210205,-0.003026240039616823,-0.0280904620885849,-0.020148542059655786,4.882961511611938e-07,-0.020149030355806948,0.0009765923023223877,0
2021-11-18,0.31585174798965454,0.6841481924057007,0.0025347000919282436,-0.026808355003595352,-0.017540298162415008,1.0110586881637573e-06,-0.017541309221103172,0.0020221173763275146,0
2021-11-19,0.3147616982460022,0.685238242149353,-0.00283812009729445,-0.0003042509488295764,-0.0011018158869987617,1.0900497436523438e-06,-0.001102905936742414,0.0021800994873046875,0
2021-11-22,0.3044743537902832,0.6955256462097168,-0.0021615999285131693,-0.04935562238097191,-0.03498625289199542,1.0287374258041382e-05,-0.034996540266253456,0.020574748516082764,1
2021-11-23,0.3023374378681183,0.6976625323295593,0.0020069400779902935,-0.021902622655034065,-0.014673866065035415,2.136901021003723e-06,-0.01467600296605642,0.004273802042007446,0
2021-11-24,0.3011987507343292,0.6988012790679932,0.0021944399923086166,0.01896609738469124,0.013914495695595164,1.1387169361114503e-06,0.013913356978659053,0.0022774338722229004,0
2021-11-26,0.30164819955825806,0.6983518600463867,-0.022818339988589287,-0.00998604018241167,-0.01385688091035131,4.494339227676392e-07,-0.013857330344274077,0.0008988678455352783,0
2021-11-29,0.28406158089637756,0.7159384489059448,0.011177999898791313,0.019246308133006096,0.016954412314420464,1.75866037607193e-05,0.016936825710659745,0.0351732075214386,1
2021-11-30,0.28464487195014954,0.7153551578521729,-0.019179539754986763,-0.01638423092663288,-0.017179901738428927,5.832910537719726e-07,-0.0171804850294827,0.0011665821075439453,0
2021-12-01,0.2816699147224426,0.7183300256729126,-0.011424879543483257,-0.04577373340725899,-0.036098691940308514,2.9749125242233276e-06,-0.03610166685283274,0.005949825048446655,0
2021-12-02,0.27891454100608826,0.7210854887962341,0.015810640528798103,0.008215301670134068,0.010333752366519122,2.755418419837952e-06,0.010330996948099285,0.005510836839675903,0
2021-12-03,0.2788994610309601,0.7211006283760071,-0.007326880004256964,-0.03720727190375328,-0.02887365003417923,1.5109777450561524e-08,-0.02887366514395668,3.0219554901123047e-05,0
2021-12-06,0.26789164543151855,0.7321084141731262,0.01313197985291481,0.021668335422873497,0.019381518374782192,1.1007800698280335e-05,0.019370510574083913,0.02201560139656067,1
2021-12-07,0.26863110065460205,0.731368899345398,0.019471799954771996,0.04351343959569931,0.037055107477415694,7.394850254058838e-07,0.037054367992390286,0.0014789700508117676,0
2021-12-08,0.27223536372184753,0.7277646064758301,0.0022971800062805414,0.009199263527989388,0.007320272035858992,3.6042779684066775e-06,0.007316667757890585,0.0072085559368133545,0
2021-12-09,0.2755568325519562,0.7244431972503662,-0.005476340185850859,-0.034564655274152756,-0.02654917233425401,3.321439027786255e-06,-0.026552493773281796,0.00664287805557251,0
2021-12-10,0.2751616835594177,0.724838376045227,0.008785080164670944,0.0013323244638741016,0.0033830373490751353,3.95163893699646e-07,0.0033826421851814357,0.000790327787399292,0
2021-12-13,0.26970043778419495,0.7302995920181274,-0.008857459761202335,-0.014286007732152939,-0.012821926393611266,5.461230874061585e-06,-0.012827387624485327,0.010922461748123169,1
2021-12-14,0.2690896689891815,0.7309103012084961,-0.006080260034650564,-0.02029673010110855,-0.01647122427184107,6.107389926910401e-07,-0.01647183501083376,0.00122147798538208,0
2021-12-15,0.26741158962249756,0.7325884699821472,0.014652100391685963,0.010953361168503761,0.011942447556645197,1.6781240701675416e-06,0.01194076943257503,0.003356248140335083,0
2021-12-16,0.26961126923561096,0.7303887009620667,-0.007416619919240475,-0.0339297279715538,-0.026781494247004017,2.199724316596985e-06,-0.026783693971320615,0.00439944863319397,0
2021-12-17,0.2689271867275238,0.731072723865509,-0.011267419904470444,0.0020478253718465567,-0.0015330062639901804,6.840527057647705e-07,-0.0015336903166959452,0.001368105411529541,0
2021-12-20,0.26026710867881775,0.7397329211235046,-0.010938280262053013,-0.02053399197757244,-0.01803654444561939,8.66013765335083e-06,-0.01804520458327274,0.01732027530670166,1
2021-12-21,0.25865694880485535,0.741343080997467,0.017469020560383797,0.04224512726068497,0.035836616357324436,1.6101598739624023e-06,0.035835006197450475,0.0032203197479248047,0
2021-12-22,0.2596895098686218,0.7403104305267334,0.009457020089030266,0.008775086142122746,0.008952176711522042,1.032605767250061e-06,0.008951144105754791,0.002065211534500122,0
2021-12-23,0.2627691626548767,0.7372307777404785,0.006094200070947409,0.022007275372743607,0.01782580858869079,3.0796527862548828e-06,0.017822728935904534,0.006159305572509766,0
2021-12-27,0.258804589509964,0.7411953806877136,0.013387899845838547,0.021227264776825905,0.019198400521221126,3.964588046073914e-06,0.019194435933175054,0.007929176092147827,1
2021-12-28,0.2602786719799042,0.7397212982177734,-0.00013929999840911478,-0.020252050831913948,-0.015017130151548451,1.4740824699401856e-06,-0.015018604234018391,0.002948164939880371,0
2021-12-29,0.26123982667922974,0.7387601137161255,0.0014690799871459603,-0.0097539983689785,-0.006822082743033524,9.611696004867554e-07,-0.006823043912634011,0.0019223392009735107,0
2021-12-30,0.26274392008781433,0.7372561693191528,-0.002647100016474724,0.023288380354642868,0.016473992654718328,1.5040189027786256e-06,0.01647248863581555,0.003008037805557251,0
2021-12-31,0.26287931203842163,0.7371207475662231,-0.002437199931591749,-0.0024945924524217844,-0.002479505294719131,1.3540685176849365e-07,-0.0024796407015708994,0.0002708137035369873,0
2022-01-03,0.2580546438694,0.7419453859329224,0.005917080212384462,-0.0002836547791957855,0.0013164736723314113,4.824653267860412e-06,0.0013116490190635509,0.009649306535720825,1
2022-01-04,0.2593270242214203,0.7406729459762573,0.0008033200283534825,-0.03274528309702873,-0.024045222705852437,1.2724101543426514e-06,-0.024046495116006778,0.0025448203086853027,0
2022-01-05,0.25936925411224365,0.7406307458877563,-0.017595140263438225,-0.07238634675741196,-0.05817519239716007,4.221498966217041e-08,-0.05817523461214973,8.442997932434082e-05,0
2022-01-06,0.2554044723510742,0.7445955276489258,-0.0016104000387713313,-0.0022058177273720503,-0.0020537453867864874,3.964781761169434e-06,-0.0020577101685476567,0.007929563522338867,0
2022-01-07,0.25404995679855347,0.7459500432014465,-0.0032820599153637886,-0.005284708924591541,-0.004775936030314565,1.354515552520752e-06,-0.004777290545867086,0.002709031105041504,0
2022-01-10,0.2499789148569107,0.7500211000442505,-0.0017751799896359444,-0.014076557010412216,-0.011001472341269872,4.0710493922233584e-06,-0.011005543390662094,0.008142098784446716,1
2022-01-11,0.2491808831691742,0.7508191466331482,0.008341560140252113,0.033135175704956055,0.026957081669091332,7.980391383171082e-07,0.026956283629953014,0.0015960782766342163,0
2022-01-12,0.2501125633716583,0.7498874068260193,0.0024208601098507643,-0.010779337957501411,-0.007477802260613044,9.317100048065186e-07,-0.00747873397061785,0.0018634200096130371,0
2022-01-13,0.25156888365745544,0.7484311461448669,-0.012166740372776985,-0.047415200620889664,-0.03854778623871086,1.4562904834747315e-06,-0.03854924252919433,0.002912580966949463,0
2022-01-14,0.2486722618341446,0.7513277530670166,-0.0006911599775776267,-0.01235839445143938,-0.0094570770496293,2.896614372730255e-06,-0.00945997366400203,0.00579322874546051,0
2022-01-18,0.2451421469449997,0.7548578977584839,-0.01717359945178032,-0.04954654723405838,-0.04161057552667563,3.530129790306091e-06,-0.041614105656465936,0.007060259580612183,1
2022-01-19,0.24146126210689545,0.7585387229919434,-0.010295259766280651,-0.008731012232601643,-0.009108717286229154,3.6808550357818604e-06,-0.009112398141264936,0.007361710071563721,0
2022-01-20,0.23920661211013794,0.7607933878898621,-0.010627360083162785,-0.012020290829241276,-0.011687092584567793,2.2546574473381043e-06,-0.011689347242015131,0.0045093148946762085,0
2022-01-21,0.23702338337898254,0.7629765868186951,-0.018544699996709824,-0.033411841839551926,-0.029887980583035767,2.1832138299942017e-06,-0.02989016379686576,0.004366427659988403,0
2022-01-24,0.23130635917186737,0.7686936855316162,0.004250240046530962,0.014126275666058064,0.011841886455347304,5.717061460018158e-06,0.011836169393887286,0.011434122920036316,1
2022-01-25,0.22975590825080872,0.7702440619468689,-0.01045634038746357,-0.026935173198580742,-0.023149063196418573,1.5504136681556703e-06,-0.023150613610086728,0.0031008273363113403,0
2022-01-26,0.22849805653095245,0.771501898765564,-0.002844699891284108,-0.00687967287376523,-0.00595768908156805,1.2578442692756654e-06,-0.005958946925837325,0.0025156885385513306,0
2022-01-27,0.22756969928741455,0.7724302411079407,-0.004001639783382416,-0.0360364206135273,-0.028746273025334945,9.283497929573059e-07,-0.0287472013751279,0.0018566995859146118,0
2022-01-28,0.22744862735271454,0.772551417350769,0.023294920101761818,0.032262083142995834,0.030222515660246668,1.2112408876419068e-07,0.030222394536157902,0.00024224817752838135,0
2022-01-31,0.22548064589500427,0.7745193243026733,0.01682768017053604,0.07968740165233612,0.06551374867697013,1.9679442048072814e-06,0.06551178073276533,0.003935888409614563,1
2022-02-01,0.2271740585565567,0.7728258967399597,0.0070070200599730015,0.038757335394620895,0.03154448566701055,1.6934201121330262e-06,0.03154279224689842,0.0033868402242660522,0
2022-02-02,0.22993409633636475,0.7700659036636353,0.009028379805386066,-0.035965099930763245,-0.025619564826603214,2.7600154280662535e-06,-0.02562232484203128,0.005520030856132507,0
2022-02-03,0.23096191883087158,0.7690381407737732,-0.021827220916748047,-0.043434228748083115,-0.038443835348046074,1.0277926921844483e-06,-0.03844486314073826,0.0020555853843688965,0
2022-02-04,0.2297734022140503,0.7702265977859497,0.003799299942329526,0.037106383591890335,0.02945330166390278,1.1884868144989013e-06,0.029452113177088284,0.0023769736289978027,0
2022-02-07,0.2279520481824875,0.7720479369163513,-0.0026160799898207188,0.016189392656087875,0.01190264640817252,1.8213465809822082e-06,0.011900825061591538,0.0036426931619644165,1
2022-02-08,0.22839099168777466,0.7716090679168701,0.008614099584519863,0.035652294754981995,0.029477016671594913,4.389062523841858e-07,0.02947657776534253,0.0008778125047683716,0
2022-02-09,0.22982077300548553,0.7701792120933533,0.013590560294687748,0.05104418471455574,0.042436563037906924,1.4298185706138612e-06,0.04243513321933631,0.002859637141227722,0
2022-02-10,0.23197707533836365,0.7680229544639587,-0.01730882003903389,-0.012809447012841702,-0.013853198790065357,2.156279981136322e-06,-0.013855355070046494,0.004312559962272644,0
2022-02-11,0.22934561967849731,0.7706544399261475,-0.018855180591344833,-0.049946948885917664,-0.04281619099656875,2.631470561027527e-06,-0.04281882246712978,0.005262941122055054,0
2022-02-14,0.22507670521736145,0.7749232649803162,-0.003406160045415163,0.007107829675078392,0.004741375298270664,4.2688697576522825e-06,0.004737106428513012,0.008537739515304565,1
2022-02-15,0.2235165536403656,0.7764834761619568,0.015477379783987999,0.03983944654464722,0.03439412253005619,1.5601813793182373e-06,0.034392562348676874,0.0031203627586364746,0
2022-02-16,0.22399504482746124,0.7760049700737,0.0006366199813783169,-0.011851606890559196,-0.009054306129166752,4.78498637676239e-07,-0.009054784627804428,0.000956997275352478,0
2022-02-17,0.2248396873474121,0.7751603126525879,-0.020599599927663803,-0.040242794901132584,-0.035826225084793606,8.446499705314637e-07,-0.035827069734764135,0.0016892999410629272,0
2022-02-18,0.22304975986480713,0.7769502997398376,-0.006451600231230259,-0.022347748279571533,-0.018802117606643187,1.7899572849273682e-06,-0.018803907563928114,0.0035799145698547363,0
2022-02-22,0.22180666029453278,0.7781932950019836,-0.011423920281231403,-0.030719127506017685,-0.026439320658544888,1.2430474162101746e-06,-0.0264405637059611,0.002486094832420349,1
2022-02-23,0.2210535705089569,0.7789463996887207,-0.016951320692896843,-0.050313033163547516,-0.042938306004171756,7.530972361564637e-07,-0.04293905910140791,0.0015061944723129272,0
2022-02-24,0.21991322934627533,0.7800868153572083,0.012785320170223713,0.06540299206972122,0.05383167284536154,1.1403784155845642e-06,0.053830532466945955,0.0022807568311691284,0
2022-02-25,0.21963226795196533,0.7803677320480347,0.022533800452947617,0.0078299380838871,0.01105938072365742,2.809390425682068e-07,0.011059099784614852,0.0005618780851364136,0
2022-02-28,0.22018669545650482,0.7798133492469788,-0.0027326999697834253,0.021384764462709427,0.016074420622502503,5.54405152797699e-07,0.016073866217349707,0.001108810305595398,1
2022-03-01,0.21939444541931152,0.7806056141853333,-0.01576676033437252,-0.026897309347987175,-0.024455330323137292,7.922574877738953e-07,-0.024456122580625066,0.0015845149755477905,0
2022-03-02,0.2181881219148636,0.7818118333816528,0.018239939585328102,-0.008216546848416328,-0.002444055393663297,1.2062713503837585e-06,-0.0024452616650136806,0.002412542700767517,0
2022-03-03,0.21840626001358032,0.7815937399864197,-0.004543839953839779,-0.029900483787059784,-0.024362434040949787,2.1811574697494508e-07,-0.024362652156696762,0.00043623149394989014,0
2022-03-04,0.218438059091568,0.7815619707107544,-0.00754611985757947,-0.032413825392723083,-0.026981773027572944,3.178417682647705e-08,-0.02698180481174977,6.35683536529541e-05,0
2022-03-07,0.2179204225540161,0.7820795774459839,-0.02845245972275734,-0.04659071937203407,-0.04263802216486923,5.176216363906861e-07,-0.04263853978650562,0.001035243272781372,1
2022-03-08,0.2167227864265442,0.783277153968811,-0.007280319929122925,0.011322121135890484,0.007290547599094199,1.1976063251495362e-06,0.00728934999276905,0.0023952126502990723,0
2022-03-09,0.21650129556655884,0.7834987044334412,0.025772040709853172,0.050028592348098755,0.04477701749244145,2.2152066230773925e-07,0.044776795971779144,0.0004430413246154785,0
2022-03-10,0.21690988540649414,0.7830901145935059,-0.004399539902806282,-0.022657832130789757,-0.01869742805589958,4.0858983993530276e-07,-0.018697836645739513,0.0008171796798706055,0
2022-03-11,0.21762466430664062,0.7823753356933594,-0.011559040285646915,-0.044122111052274704,-0.03703558370789395,7.147789001464844e-07,-0.03703629848679409,0.0014295578002929688,0
2022-03-14,0.21776734292507172,0.7822326421737671,-0.005965199787169695,-0.03750260919332504,-0.030634790785374004,1.4268606901168823e-07,-0.030634933471443016,0.00028537213802337646,1
2022-03-15,0.21751199662685394,0.7824879884719849,0.021369360387325287,0.03742104396224022,0.03392960966102099,2.553462982177734e-07,0.03392935431472277,0.0005106925964355469,0
2022-03-16,0.21804583072662354,0.7819541692733765,0.020950719714164734,0.0756785050034523,0.0637453395962213,5.338266491889954e-07,0.06374480576957212,0.0010676532983779907,0
2022-03-17,0.2195638120174408,0.7804361581802368,0.012415779754519463,0.036717843264341354,0.03138198846595791,1.5179961919784545e-06,0.031380470469765935,0.003035992383956909,0
2022-03-18,0.2207067906856537,0.7792931795120239,0.010262180119752884,0.04446478560566902,0.03691603699063106,1.1429786682128907e-06,0.03691489401196285,0.0022859573364257812,0
2022-03-21,0.22325420379638672,0.7767457365989685,-0.0011466400464996696,-0.024896807968616486,-0.019594481655168416,2.5474280118942263e-06,-0.019597029083180312,0.005094856023788452,1
2022-03-22,0.22427061200141907,0.7757293581962585,0.011001699604094028,0.03010750189423561,0.025822631024573967,1.0163933038711548e-06,0.025821614631270095,0.0020327866077423096,0
2022-03-23,0.22528240084648132,0.7747175693511963,-0.013005619868636131,-0.02375245839357376,-0.02133138410128793,1.011788845062256e-06,-0.021332395890132992,0.0020235776901245117,0
2022-03-24,0.22532755136489868,0.7746724486351013,0.014273899607360363,0.02651349827647209,0.023755579478672073,4.513561725616455e-08,0.023755534343054815,9.02712345123291e-05,0
2022-03-25,0.22701315581798553,0.772986888885498,0.004772400017827749,-0.017116643488407135,-0.012147543409393162,1.6855821013450624e-06,-0.012149228991494508,0.0033711642026901245,0
2022-03-28,0.2297435849905014,0.7702564597129822,0.006323339883238077,0.0004974652547389269,0.001835922599833957,2.730429172515869e-06,0.0018331921706614411,0.005460858345031738,1
2022-03-29,0.2318241000175476,0.7681758403778076,0.011936480179429054,0.06369446218013763,0.05169571078761315,2.0805671811103823e-06,0.05169363022043204,0.004161134362220764,0
2022-03-30,0.23377330601215363,0.7662266492843628,-0.0054969401098787785,-0.02912985533475876,-0.023605109309727597,1.9491985440254213e-06,-0.023607058508271623,0.0038983970880508423,0
2022-03-31,0.2341916263103485,0.7658083438873291,-0.015324760228395462,-0.028112418949604034,-0.025117655519167115,4.1831284761428835e-07,-0.02511807383201473,0.0008366256952285767,0
2022-04-01,0.23314471542835236,0.7668552994728088,0.002936240052804351,0.001910472521558404,0.002149624829194643,1.0469332337379455e-06,0.002148577895960905,0.002093866467475891,0
2022-04-04,0.23608046770095825,0.7639195322990417,0.007661059964448214,0.02077498473227024,0.017679043239687636,2.935759723186493e-06,0.01767610747996445,0.005871519446372986,1
2022-04-05,0.23773767054080963,0.7622623443603516,-0.011852139607071877,-0.04364428669214249,-0.03608609635299756,1.6571953892707826e-06,-0.03608775354838683,0.003314390778541565,0
2022-04-06,0.23562052845954895,0.7643795013427734,-0.00902555976063013,-0.033873170614242554,-0.02801856442345632,2.117149531841278e-06,-0.028020681572988163,0.004234299063682556,0
2022-04-07,0.23386970162391663,0.766130268573761,0.0047690002247691154,-0.013904093764722347,-0.009537022430630343,1.7507970333099365e-06,-0.009538773227663652,0.003501594066619873,0
2022-04-08,0.23359908163547516,0.7664008736610413,-0.0014642199967056513,-0.01830093190073967,-0.014367890644080842,2.7061253786087035e-07,-0.014368161256618703,0.0005412250757217407,0
2022-04-11,0.2373936027288437,0.7626063823699951,-0.01617616042494774,0.001364776398986578,-0.0027993298092229835,3.7945061922073366e-06,-0.0028031243154151906,0.007589012384414673,1
2022-04-12,0.23485177755355835,0.7651482820510864,-0.003552180016413331,-0.007198300678282976,-0.006342003188720288,2.541862428188324e-06,-0.006344545051148476,0.005083724856376648,0
2022-04-13,0.23389294743537903,0.7661070823669434,0.011254199780523777,0.03714738041162491,0.031091149182418204,9.588152170181274e-07,0.031090190367201186,0.0019176304340362549,0
2022-04-14,0.23523341119289398,0.7647666335105896,-0.010910299606621265,-0.018618831411004066,-0.01680552801169681,1.3404563069343568e-06,-0.016806868468003746,0.0026809126138687134,0
2022-04-18,0.23949944972991943,0.7605004906654358,0.00023766000231262296,-0.019362295046448708,-0.014668115443456494,4.26609069108963e-06,-0.014672381534147584,0.00853218138217926,1
2022-04-19,0.23981590569019318,0.760184109210968,0.01586328074336052,0.03914981335401535,0.03356533302898462,3.1641870737075807e-07,0.033565016610277255,0.0006328374147415161,0
2022-04-20,0.2406589537858963,0.7593410015106201,0.0006340999971143901,-0.017182955518364906,-0.012895120810326455,8.430778980255127e-07,-0.01289596388822448,0.0016861557960510254,0
2022-04-21,0.24205248057842255,0.7579475045204163,-0.014218339696526527,-0.03876785933971405,-0.03282558663538568,1.3935118913650512e-06,-0.03282698014727704,0.0027870237827301025,0
2022-04-22,0.2404688447713852,0.7595311403274536,-0.027386799454689026,-0.017027750611305237,-0.019518778865870834,1.5836358070373535e-06,-0.019520362501677872,0.003167271614074707,0
2022-04-25,0.24116210639476776,0.758837878704071,0.005972960032522678,0.030486121773719788,0.024574475599538445,6.932616233825684e-07,0.024573782337915063,0.0013865232467651367,1
2022-04-26,0.2401910275220871,0.7598089575767517,-0.02803453989326954,-0.05505833029747009,-0.04856745749231059,9.710788726806642e-07,-0.04856842857118327,0.0019421577453613281,0
2022-04-27,0.23742148280143738,0.762578547000885,0.0026199400890618563,0.005607992876321077,0.004898565120012237,2.76956707239151e-06,0.0048957955529398455,0.00553913414478302,0
2022-04-28,0.23673246800899506,0.7632675170898438,0.024095840752124786,0.026022175326943398,0.0255661490010749,6.889924407005311e-07,0.0255654600086342,0.001377984881401062,0
2022-04-29,0.23668056726455688,0.7633194327354431,-0.035396840423345566,-0.033171575516462326,-0.03369825247693736,5.1908195018768314e-08,-0.03369830438513238,0.00010381639003753662,0
2022-05-02,0.23943711817264557,0.7605628371238708,0.005508880130946636,0.020631952211260796,0.01701092649211304,2.756573259830475e-06,0.01700816991885321,0.00551314651966095,1
2022-05-03,0.23916387557983398,0.760836124420166,0.004036440048366785,-0.01237598154693842,-0.008450723190555065,2.7326494455337524e-07,-0.008450996455499618,0.0005465298891067505,0
2022-05-04,0.2398599535226822,0.760140061378479,0.030046740546822548,0.035154249519109726,0.03392916317823938,6.960704922676086e-07,0.033928467107747114,0.0013921409845352173,0
2022-05-05,0.24181292951107025,0.7581871151924133,-0.034615278244018555,-0.059882186353206635,-0.05377232396057918,1.9529610872268678e-06,-0.05377427692166641,0.0039059221744537354,0
2022-05-06,0.240102618932724,0.7598974108695984,-0.005532320123165846,-0.024943633005023003,-0.02028292668854477,1.7103031277656555e-06,-0.020284636991672534,0.003420606255531311,0
2022-05-09,0.24300667643547058,0.7569933533668518,-0.02979310043156147,-0.09586086869239807,-0.07980596276469981,2.904057502746582e-06,-0.07980886682220256,0.005808115005493164,1
2022-05-10,0.2416265457868576,0.7583734393119812,0.0014653600519523025,-0.009891520254313946,-0.007147396347600905,1.3801082968711854e-06,-0.007148776455897776,0.0027602165937423706,0
2022-05-11,0.2414635717868805,0.7585365176200867,-0.01491129957139492,-0.06235235556960106,-0.0508970743136678,1.6302615404129028e-07,-0.05089723733982184,0.00032605230808258057,0
2022-05-12,0.24136590957641602,0.758634090423584,-0.0013195800129324198,0.05097004398703575,0.03834911132887464,9.7617506980896e-08,0.03834901371136766,0.000195235013961792,0
2022-05-13,0.24146999418735504,0.7585300207138062,0.02220555953681469,0.07995420694351196,0.06600964258129968,1.0407716035842895e-07,0.06600953850413932,0.0002081543207168579,0
2022-05-16,0.24533121287822723,0.7546687722206116,-0.0030203000642359257,-0.029724521562457085,-0.02317314207039977,3.861233592033386e-06,-0.023177003303991802,0.0077224671840667725,1
2022-05-17,0.2462584227323532,0.7537415623664856,0.019276520237326622,0.03508996218442917,0.03119576838968488,9.272098541259766e-07,0.031194841179830755,0.0018544197082519531,0
2022-05-18,0.2473665028810501,0.7526335120201111,-0.03941164165735245,-0.034024957567453384,-0.035357443279908085,1.1080652475357056e-06,-0.03535855134515562,0.002216130495071411,0
2022-05-19,0.24583829939365387,0.7541617155075073,-0.006374480202794075,0.04230455309152603,0.030337382960710285,1.5282034873962402e-06,0.030335854757222887,0.0030564069747924805,0
2022-05-20,0.24589814245700836,0.7541018724441528,0.0003498799924273044,-0.0081908218562603,-0.006090679258441638,5.984306335449219e-08,-0.006090739101504992,0.00011968612670898438,0
2022-05-23,0.24960987269878387,0.7503901124000549,0.019041020423173904,0.0058007570914924145,0.00910565744977379,3.7117451429367067e-06,0.009101945704630854,0.007423490285873413,1
2022-05-24,0.24992749094963074,0.7500724792480469,-0.005949379876255989,-0.034713264554739,-0.027524377992545312,3.176257014274597e-07,-0.02752469561824674,0.0006352514028549194,0
2022-05-25,0.2496543675661087,0.7503455877304077,0.008309760130941868,0.036302968859672546,0.029314340415486043,2.731159329414368e-07,0.0293140672995531,0.0005462318658828735,0
2022-05-26,0.2499862015247345,0.7500138878822327,0.01928097940981388,0.033160530030727386,0.02969083685691737,3.3176690340042117e-07,0.029690505090013967,0.0006635338068008423,0
2022-05-27,0.2504793703556061,0.7495206594467163,0.02322906069457531,0.047717656940221786,0.041583770193816594,4.931986331939697e-07,0.041583276995183396,0.0009863972663879395,0
2022-05-31,0.2563225328922272,0.7436774969100952,-0.005614600144326687,-0.018465707078576088,-0.015171679349041373,5.8431625366210935e-06,-0.015177522511577994,0.011686325073242188,1
2022-06-01,0.2565435469150543,0.7434564828872681,-0.007635939866304398,-0.013006809167563915,-0.01162894769463474,2.2101402282714845e-07,-0.011629168708657567,0.0004420280456542969,0
2022-06-02,0.2569864094257355,0.7430136203765869,0.018033480271697044,0.0591602586209774,0.048591237284860866,4.4286251068115233e-07,0.04859079442235018,0.0008857250213623047,0
2022-06-03,0.2578078806400299,0.7421921491622925,-0.015307700261473656,-0.0240926593542099,-0.02182782838701941,8.214712142944336e-07,-0.021828649858233705,0.0016429424285888672,0
2022-06-06,0.26350125670433044,0.7364987134933472,0.0025516198948025703,-0.01909351348876953,-0.013389993071634382,5.693405866622925e-06,-0.013395686477501004,0.01138681173324585,1
2022-06-07,0.263538658618927,0.7364612817764282,0.009351519867777824,0.017952963709831238,0.015686149667430427,3.7416815757751467e-08,0.01568611225061467,7.483363151550293e-05,0
2022-06-08,0.26428306102752686,0.7357169389724731,-0.010426860302686691,-0.007822752930223942,-0.008510974397862747,7.443726062774658e-07,-0.008511718770469025,0.0014887452125549316,0
2022-06-09,0.26465970277786255,0.7353402972221375,-0.022988660261034966,-0.03386879339814186,-0.030989260595891577,3.7664175033569336e-07,-0.030989637237641914,0.0007532835006713867,0
2022-06-10,0.2635863125324249,0.7364137172698975,-0.02858595922589302,-0.033754002302885056,-0.03239177789115966,1.0734051465988159e-06,-0.03239285129630626,0.002146810293197632,0
2022-06-13,0.2685103714466095,0.7314895987510681,-0.03616673871874809,-0.05673256143927574,-0.051210423050719656,4.924088716506958e-06,-0.051215347139436165,0.009848177433013916,1
2022-06-14,0.2661243677139282,0.7338756322860718,-0.0032246799673885107,0.0018549346132203937,0.0005031253947253983,2.386018633842468e-06,0.0005007393760915558,0.0047720372676849365,0
2022-06-15,0.26543140411376953,0.7345685958862305,0.013423140160739422,0.03910699114203453,0.03228969051302055,6.929636001586914e-07,0.03228899754942039,0.0013859272003173828,0
2022-06-16,0.26582998037338257,0.7341700792312622,-0.03143316134810448,-0.060070134699344635,-0.052457572215890425,3.9854645729064945e-07,-0.05245797076234771,0.0007970929145812988,0
2022-06-17,0.2648785710334778,0.7351214289665222,0.0014668599469587207,0.012617778964340687,0.00966413946930652,9.513795375823975e-07,0.009663188089768937,0.001902759075164795,0
2022-06-21,0.27280181646347046,0.7271981835365295,0.02460159920156002,0.04419252276420593,0.038848083230119124,7.923245429992676e-06,0.03884015998468913,0.01584649085998535,1
2022-06-22,0.27300769090652466,0.7269923090934753,-0.0018875199602916837,-0.010270575992763042,-0.007981937222598025,2.0587444305419923e-07,-0.007982143097041079,0.00041174888610839844,0
2022-06-23,0.27345597743988037,0.7265440821647644,0.009297199547290802,0.02374604344367981,0.019794922128490988,4.482567310333252e-07,0.019794473871759956,0.0008965134620666504,0
2022-06-24,0.2735871970653534,0.726412832736969,0.03092999942600727,0.024225478991866112,0.026059750667085713,1.3123452663421631e-07,0.026059619432559078,0.0002624690532684326,0
2022-06-27,0.28401610255241394,0.7159838676452637,-0.003509500063955784,-0.013647826388478279,-0.010768378052645938,1.0428935289382935e-05,-0.01077880698793532,0.02085787057876587,1
2022-06-28,0.2844705283641815,0.7155295014381409,-0.019629480317234993,-0.03391927108168602,-0.029854247763582087,4.543960094451904e-07,-0.02985470215959153,0.0009087920188903809,0
2022-06-29,0.2841110825538635,0.7158889770507812,-0.00025437999283894897,-0.014531797729432583,-0.010475425986377875,3.5946071147918703e-07,-0.010475785447089355,0.000718921422958374,0
2022-06-30,0.2840936481952667,0.7159063816070557,-0.007956240326166153,-0.016198866069316864,-0.013857188934000786,1.741945743560791e-08,-0.013857206353458221,3.483891487121582e-05,0
2022-07-01,0.28387317061424255,0.7161268591880798,0.010444880463182926,0.011794907972216606,0.011411671734326417,2.2047758102416994e-07,0.011411451256745394,0.00044095516204833984,0
2022-07-05,0.29608604311943054,0.7039138674736023,0.000888919981662184,0.036175794899463654,0.02572784049663343,1.2212932109832764e-05,0.0257156275645236,0.024425864219665527,1
2022-07-06,0.2960164248943329,0.7039836049079895,0.0031759398989379406,0.021512748673558235,0.016084752737253974,6.967782974243164e-08,0.016084683059424232,0.00013935565948486328,0
2022-07-07,0.29637736082077026,0.7036226987838745,0.014333860017359257,0.04712068662047386,0.03740341629076632,3.609210252761841e-07,0.03740305536974105,0.0007218420505523682,0
2022-07-08,0.2968548834323883,0.7031450867652893,-0.0009558399906381965,0.010585351847112179,0.0071592923739778914,4.775673151016235e-07,0.00715881480666279,0.0009551346302032471,0
2022-07-11,0.30418160557746887,0.6958183646202087,-0.010378380306065083,-0.045053575187921524,-0.03450601739234563,7.326722145080566e-06,-0.03451334411449071,0.014653444290161133,1
2022-07-12,0.30382460355758667,0.6961753964424133,-0.008255179971456528,-0.0032945661805570126,-0.004801722698979355,3.57016921043396e-07,-0.004802079715900398,0.000714033842086792,0
2022-07-13,0.3032609522342682,0.6967390775680542,-0.0055958000011742115,0.008985309861600399,0.004563428867765992,5.636662244796753e-07,0.004562865201541513,0.0011273324489593506,0
2022-07-14,0.3032439649105072,0.6967560052871704,-0.0027806200087070465,-0.0004351700481493026,-0.0011464135807189475,1.6957521438598635e-08,-0.0011464305382403862,3.3915042877197266e-05,0
2022-07-15,0.30340275168418884,0.6965972781181335,0.019419100135564804,0.02609199844300747,0.024067423512422748,1.5875697135925293e-07,0.024067264755451387,0.00031751394271850586,0
2022-07-18,0.31134939193725586,0.6886506676673889,-0.00792795978486538,0.009628096595406532,0.004162029690471969,7.946625351905823e-06,0.004154083065120063,0.015893250703811646,1
2022-07-19,0.31126758456230164,0.6887324452400208,0.026478100568056107,0.019628429785370827,0.021760510849917036,8.179247379302978e-08,0.021760429057443242,0.00016358494758605957,0
2022-07-20,0.3117474913597107,0.6882525682449341,0.005582259967923164,0.05689311400055885,0.04089708736745423,4.798918962478637e-07,0.04089660747555798,0.0009597837924957275,0
2022-07-21,0.31236040592193604,0.687639594078064,0.009293080307543278,0.008805505000054836,0.008957804221019439,6.129443645477295e-07,0.008957191276654891,0.001225888729095459,0
2022-07-22,0.313157856464386,0.686842143535614,-0.008366299793124199,-0.018982142210006714,-0.01565770775417208,7.974505424499511e-07,-0.01565850520471453,0.0015949010848999023,0
2022-07-25,0.3209362328052521,0.6790637969970703,0.0015040800208225846,-0.005228104535490274,-0.003067502741247185,7.778361439704894e-06,-0.00307528110268689,0.01555672287940979,1
2022-07-26,0.320980042219162,0.6790199875831604,-0.011062759906053543,-0.025101538747549057,-0.0205953716703845,4.380941390991211e-08,-0.020595415479798408,8.761882781982422e-05,0
2022-07-27,0.3202623426914215,0.6797376871109009,0.023825980722904205,0.04549282789230347,0.03855375401488659,7.176995277404785e-07,0.03855303631535885,0.001435399055480957,0
2022-07-28,0.32087355852127075,0.6791263818740845,0.01208444032818079,0.08759167790412903,0.06336339666815266,6.112605333328247e-07,0.06336278540761933,0.0012225210666656494,0
2022-07-29,0.32176223397254944,0.6782377362251282,0.013853060081601143,0.13607902824878693,0.09675132362638444,8.886605501174927e-07,0.09675043496583433,0.0017773211002349854,0
2022-08-01,0.3310345411300659,0.6689654588699341,-0.002767500001937151,0.15160763263702393,0.10050413144199238,9.272292256355286e-06,0.10049485914973603,0.01854458451271057,1
2022-08-02,0.33048659563064575,0.6695134043693542,-0.00760446023195982,0.4390224516391754,0.2914182440178555,5.47945499420166e-07,0.29141769607235607,0.001095890998840332,0
2022-08-03,0.3297232687473297,0.6702767014503479,0.015129899606108665,-0.045250825583934784,-0.025341894156359734,7.633119821548462e-07,-0.02534265746834189,0.0015266239643096924,0
2022-08-04,0.3305927515029907,0.6694071888923645,-0.000993159948848188,-0.044871486723423004,-0.03036562726911994,8.694976568222046e-07,-0.030366496766776763,0.0017389953136444092,0
2022-08-05,0.33135104179382324,0.6686489582061768,-0.0010504600359126925,-0.02424677088856697,-0.016560649121766607,7.582604885101319e-07,-0.016561407382255117,0.0015165209770202637,0
2022-08-08,0.3404821455478668,0.6595178246498108,-0.0007050600252114236,0.0001762898755259812,-0.00012379403490933756,9.131118655204773e-06,-0.00013292515356454234,0.018262237310409546,1
2022-08-09,0.3406926691532135,0.6593073010444641,-0.003535760100930929,-0.08392101526260376,-0.05653434561997016,2.105236053466797e-07,-0.056534556143575505,0.0004210472106933594,0
2022-08-10,0.3404512405395508,0.6595487594604492,0.020127220079302788,0.030982671305537224,0.027286919468949122,2.4144351482391357e-07,0.0272866780254343,0.00048288702964782715,0
2022-08-11,0.3421311378479004,0.6578688621520996,0.0002755800087470561,-0.026193790137767792,-0.01713779441142342,1.6798973083496094e-06,-0.01713947430873177,0.0033597946166992188,0
2022-08-12,0.3424343168735504,0.657565712928772,0.016104059293866158,0.03251488134264946,0.026895253674059927,3.0316412448883055e-07,0.02689495050993544,0.0006063282489776611,0
2022-08-15,0.352108359336853,0.647891640663147,0.0041998401284217834,0.03765988349914551,0.02587832252454003,9.674057364463807e-06,0.025868648467175567,0.019348114728927612,1
2022-08-16,0.35214492678642273,0.6478550434112549,0.0028635000344365835,0.0609709732234478,0.04050871951448282,3.6582350730896e-08,0.04050868293213209,7.316470146179199e-05,0
2022-08-17,0.3524722456932068,0.6475277543067932,-0.00663144001737237,-0.03355336934328079,-0.02406413645538405,3.2730400562286377e-07,-0.024064463759389674,0.0006546080112457275,0
2022-08-18,0.3524288833141327,0.6475711464881897,0.002583980094641447,0.012280240654945374,0.008862998739334285,4.337728023529053e-08,0.00886295536205405,8.675456047058105e-05,0
2022-08-19,0.35277727246284485,0.6472228169441223,-0.012543220072984695,0.006432116497308016,-0.0002619504069482914,3.483593463897705e-07,-0.0002622987662946812,0.000696718692779541,0
2022-08-22,0.3609476089477539,0.6390523910522461,-0.020428799092769623,-0.018150154501199722,-0.01897262581816861,8.17038118839264e-06,-0.018980796199357,0.01634076237678528,1
2022-08-23,0.3586283028125763,0.6413716673851013,-0.0028816000558435917,0.0002903541026171297,-0.0008471984424841591,2.3192912340164186e-06,-0.0008495177337181755,0.004638582468032837,0
2022-08-24,0.35747358202934265,0.6425264477729797,0.003035040106624365,0.040742818266153336,0.027263284951329306,1.1547505855560303e-06,0.02726213020074375,0.0023095011711120605,0
2022-08-25,0.3575481176376343,0.6424519419670105,0.013372080400586128,0.0010972643503919244,0.005486101788889135,7.452070713043213e-08,0.0054860272681820045,0.00014904141426086426,0
2022-08-26,0.3581032454967499,0.6418967247009277,-0.03327804058790207,-0.04126705974340439,-0.038406164825629086,5.551725625991821e-07,-0.03840671999819169,0.0011103451251983643,0
2022-08-29,0.36552971601486206,0.6344702839851379,-0.006441900040954351,-0.02365066669881344,-0.01736035110940018,7.426455616950989e-06,-0.01736777756501713,0.014852911233901978,1
2022-08-30,0.3645611107349396,0.6354389190673828,-0.0107173603028059,-0.03440099209547043,-0.025766862008128777,9.686201810836792e-07,-0.02576783062830986,0.0019372403621673584,0
2022-08-31,0.3640373945236206,0.6359626650810242,-0.007592080160975456,0.022489072754979134,0.011538409563641605,5.237311124801636e-07,0.011537885832529125,0.0010474622249603271,0
2022-09-01,0.36383652687072754,0.6361634731292725,0.003377219894900918,0.006856096442788839,0.005590354082193272,2.008378505706787e-07,0.005590153244342701,0.0004016757011413574,0
2022-09-02,0.3637772500514984,0.636222779750824,-0.010519520379602909,-0.029492760077118874,-0.022590727994341336,5.9291720390319826e-08,-0.022590787286061727,0.00011858344078063965,0
2022-09-06,0.37328866124153137,0.626711368560791,-0.003988820128142834,-0.013852592557668686,-0.010170558565499282,9.51141119003296e-06,-0.010180069976689316,0.019022822380065918,1
2022-09-07,0.3727392852306366,0.627260684967041,0.017112519592046738,0.0020354464650154114,0.007655263865094075,5.493462085723877e-07,0.007654714518885503,0.0010986924171447754,0
2022-09-08,0.37329715490341187,0.6267028450965881,0.006446360144764185,0.05149775743484497,0.034680199002034534,5.578547716140747e-07,0.03467964114726292,0.0011157095432281494,0
2022-09-09,0.37396425008773804,0.6260358095169067,0.015023799613118172,0.026021236553788185,0.021908589846369897,6.670653820037842e-07,0.021907922780987892,0.0013341307640075684,0
2022-09-12,0.3845939338207245,0.6154060363769531,0.01009244006127119,0.0028786661569029093,0.0056530397546862565,1.0629728436470032e-05,0.005642410026249787,0.021259456872940063,1
2022-09-13,0.38440263271331787,0.6155974268913269,-0.04277686029672623,-0.014523070305585861,-0.025383902427951854,1.9134581089019777e-07,-0.025384093773762745,0.0003826916217803955,0
2022-09-14,0.3831847310066223,0.6168152093887329,0.0033197400625795126,0.2685610353946686,0.16692460498350886,1.2178421020507814e-06,0.1669233871414068,0.0024356842041015625,0
2022-09-15,0.38303476572036743,0.6169652938842773,-0.010290100239217281,-0.03397892042994499,-0.024905280763299176,1.500248908996582e-07,-0.024905430788190075,0.0003000497817993164,0
2022-09-16,0.38281163573265076,0.6171883344650269,-0.007091919891536236,-0.028829868882894516,-0.02050832821284268,2.2308528423309326e-07,-0.020508551298126912,0.0004461705684661865,0
2022-09-19,0.39280667901039124,0.6071932911872864,0.007586160209029913,0.005630464758723974,0.006398674825913456,9.995043277740478e-06,0.006388679782635715,0.019990086555480957,1
2022-09-20,0.39288413524627686,0.6071158647537231,-0.011229339987039566,-0.018000667914748192,-0.015340320597401425,7.744133472442627e-08,-0.01534039803873615,0.00015488266944885254,0
2022-09-21,0.39249086380004883,0.6075091361999512,-0.017358679324388504,-0.01652185618877411,-0.016850301624119268,3.9327144622802734e-07,-0.016850694895565496,0.0007865428924560547,0
2022-09-22,0.3921058177947998,0.6078941226005554,-0.007657319772988558,-0.01874331571161747,-0.014396431090842876,3.8501620292663576e-07,-0.014396816107045803,0.0007700324058532715,0
2022-09-23,0.39205512404441833,0.6079448461532593,-0.016530359163880348,-0.02680007740855217,-0.022773780949531586,5.0708651542663575e-08,-0.022773831658183127,0.00010141730308532715,0
2022-09-26,0.4016287624835968,0.5983712077140808,-0.010022600181400776,-0.004201163537800312,-0.0065392198076417996,9.573638439178467e-06,-0.006548793446080978,0.019147276878356934,1
2022-09-27,0.4010434150695801,0.5989566445350647,-0.0029666400514543056,0.014910796657204628,0.007741169275626514,5.853921175003052e-07,0.007740583883509014,0.0011707842350006104,0
2022-09-28,0.400685578584671,0.5993144512176514,0.019489699974656105,0.0343896821141243,0.028419475174562614,3.578215837478638e-07,0.028419117352978866,0.0007156431674957275,0
2022-09-29,0.4007668197154999,0.5992332100868225,-0.019870920106768608,-0.038529232144355774,-0.031051600916053135,8.124113082885742e-08,-0.031051682157183964,0.00016248226165771484,0
2022-09-30,0.4005100429058075,0.5994899868965149,-0.015705019235610962,-0.004425541032105684,-0.008943085463238104,2.567768096923828e-07,-0.008943342240047796,0.0005135536193847656,0
2022-10-03,0.41028013825416565,0.589719831943512,0.02634141966700554,0.02262372151017189,0.024149018549705414,9.770125150680543e-06,0.024139248424554734,0.019540250301361084,1
2022-10-04,0.41038778424263,0.5896121859550476,0.03050784021615982,0.0339464396238327,0.03253527942033707,1.0764598846435547e-07,0.03253517177434861,0.00021529197692871094,0
2022-10-05,0.41057512164115906,0.5894248485565186,-0.0021168598905205727,-0.0033944169990718365,-0.002869883732663364,1.8733739852905275e-07,-0.002870071070061893,0.00037467479705810547,0
2022-10-06,0.4107457101345062,0.5892543196678162,-0.010575380176305771,-0.011091762222349644,-0.010879660842706917,1.7055869102478027e-07,-0.010879831401397942,0.00034111738204956055,0
2022-10-07,0.4105181097984314,0.5894818902015686,-0.026638679206371307,-0.013471931219100952,-0.01887711971502748,2.2758543491363525e-07,-0.018877347300462394,0.0004551708698272705,0
2022-10-10,0.4193366467952728,0.5806633234024048,-0.006881160195916891,-0.011316774412989616,-0.009456758483458741,8.818551898002624e-06,-0.009465577035356743,0.01763710379600525,1
2022-10-11,0.4191259443759918,0.5808740854263306,-0.004989659879356623,-0.004912158008664846,-0.00494464119980316,2.1073222160339355e-07,-0.004944851932024763,0.0004214644432067871,0
2022-10-12,0.4189041554927826,0.5810958743095398,-0.0027844600845128298,0.004953975323587656,0.0017123127217618453,2.2178888320922852e-07,0.001712090932878636,0.00044357776641845703,0
2022-10-13,0.4187714755535126,0.581228494644165,0.02681579999625683,0.02398747391998768,0.025171895489410956,1.3265013694763185e-07,0.025171762839274008,0.00026530027389526367,0
2022-10-14,0.4188178777694702,0.5811821222305298,-0.020926719531416893,-0.016929300501942635,-0.01860349105642234,4.6387314796447754e-08,-0.018603537443737134,9.277462959289551e-05,0
2022-10-17,0.4252937436103821,0.5747062563896179,0.024249259382486343,0.02028864622116089,0.02197307021953354,6.4758658409118656e-06,0.02196659435369263,0.01295173168182373,1
2022-10-18,0.42534008622169495,0.5746598839759827,0.011667019687592983,0.025259656831622124,0.01947816262400412,4.635751247406006e-08,0.019478116266491645,9.271502494812012e-05,0
2022-10-19,0.42545321583747864,0.574546754360199,-0.006470399908721447,-0.006198256742209196,-0.006314040742847582,1.1312961578369141e-07,-0.006314153872463366,0.0002262592315673828,0
2022-10-20,0.4254772961139679,0.5745226740837097,-0.007490760181099176,-0.011956282891333103,-0.010056304006522257,2.4080276489257814e-08,-0.010056328086798747,4.8160552978515625e-05,0
2022-10-21,0.4255863130092621,0.5744136571884155,0.024528080597519875,0.03753167763352394,0.031997523596581645,1.0901689529418945e-07,0.03199741457968635,0.0002180337905883789,0
2022-10-24,0.429259717464447,0.570740282535553,0.012448860332369804,0.00801115296781063,0.009916081977311197,3.6733895540237426e-06,0.009912408587757174,0.007346779108047485,1
2022-10-25,0.4292919337749481,0.5707080960273743,0.015060000121593475,0.021602893248200417,0.018794082649212895,3.2201409339904786e-08,0.018794050447803554,6.440281867980957e-05,0
2022-10-26,0.4295091927051544,0.5704907774925232,-0.0062399799935519695,0.009602982550859451,0.002798284212160121,2.1728873252868653e-07,0.0027980669234275923,0.00043457746505737305,0
2022-10-27,0.42982184886932373,0.5701781511306763,-0.0032028600107878447,0.0022673122584819794,-8.388729992928057e-05,3.126412630081177e-07,-8.419994119228868e-05,0.0006252825260162354,0
2022-10-28,0.42996859550476074,0.5700314044952393,0.024069640785455704,0.022037893533706665,0.022911481045961857,1.4674663543701173e-07,0.02291133429932642,0.00029349327087402344,0
2022-10-31,0.4319378733634949,0.5680621862411499,-0.006558259949088097,-0.0015788463642820716,-0.003729643772807059,1.969248056411743e-06,-0.003731613020863471,0.003938496112823486,1
2022-11-01,0.4321361184120178,0.5678638219833374,-0.0041436199098825455,0.0107175437733531,0.004295497545378613,1.983046531677246e-07,0.004295299240725445,0.0003966093063354492,0
2022-11-02,0.432284951210022,0.567715048789978,-0.023363500833511353,-0.016173115000128746,-0.01928141058929378,1.488029956817627e-07,-0.01928155939228946,0.0002976059913635254,0
2022-11-03,0.43237462639808655,0.5676254034042358,-0.009278199635446072,-0.018497467041015625,-0.014511290292135909,8.966028690338135e-08,-0.014511379952422812,0.0001793205738067627,0
2022-11-04,0.4325675666332245,0.5674324631690979,0.014205080457031727,0.022654762491583824,0.018999704770237685,1.9294023513793946e-07,0.018999511830002546,0.0003858804702758789,0
2022-11-07,0.4308953583240509,0.5691046118736267,0.010220839641988277,-0.0008098923717625439,0.003943198876015869,1.6721785068511963e-06,0.003941526697509018,0.0033443570137023926,1
2022-11-08,0.43112143874168396,0.5688786506652832,0.006227139849215746,0.0024273765739053488,0.004065536201059358,2.2602081298828127e-07,0.00406531018024637,0.0004520416259765625,0
2022-11-09,0.43095341324806213,0.5690465569496155,-0.02035035938024521,-0.009987986646592617,-0.014453686247843656,1.6796588897705078e-07,-0.014453854213732633,0.00033593177795410156,0
2022-11-10,0.43078550696372986,0.5692145228385925,0.0516573004424572,0.04173494502902031,0.046009353179870316,1.6793608665466308e-07,0.04600918524378366,0.00033587217330932617,0
2022-11-11,0.4313885271549225,0.5686115026473999,0.00821955967694521,0.007355050649493933,0.007727990144755864,6.03020191192627e-07,0.007727387124564672,0.001206040382385254,0
2022-11-14,0.42743149399757385,0.5725684762001038,-0.008052139542996883,-0.018116306513547897,-0.013814564049576233,3.957003355026245e-06,-0.01381852105293126,0.00791400671005249,1
2022-11-15,0.4273401200771332,0.5726598501205444,0.007229580078274012,0.015811027958989143,0.012143830520003326,9.137392044067384e-08,0.012143739146082886,0.00018274784088134766,0
2022-11-16,0.4271117150783539,0.5728883147239685,-0.006330660078674555,-0.01878046803176403,-0.013463009764225417,2.2843480110168457e-07,-0.013463238199026518,0.00045686960220336914,0
2022-11-17,0.42715853452682495,0.572841465473175,-0.00249318010173738,0.01989859715104103,0.01033375839429311,4.683434963226319e-08,0.010333711559943478,9.366869926452637e-05,0
2022-11-18,0.42724302411079407,0.5727570056915283,0.004767700098454952,-0.008969051763415337,-0.0031001206237888657,8.447468280792237e-08,-0.0031002050984716735,0.00016894936561584473,0
2022-11-21,0.4212227165699005,0.5787772536277771,-0.0031523399520665407,-0.02367597259581089,-0.015030951594131238,6.020277738571167e-06,-0.015036971871869809,0.012040555477142334,1
2022-11-22,0.42170462012290955,0.5782953500747681,0.01312291994690895,0.026908744126558304,0.021095197575854985,4.819035530090333e-07,0.021094715672301975,0.0009638071060180664,0
2022-11-23,0.4224584698677063,0.5775415301322937,0.005690359976142645,0.00019319435523357242,0.002515518532052179,7.538348436355591e-07,0.002514764697208543,0.0015076696872711182,0
2022-11-25,0.423338919878006,0.5766611099243164,0.0006427000043913722,0.007464026566594839,0.004576293770061798,8.804351091384888e-07,0.004575413334952659,0.0017608702182769775,0
2022-11-28,0.4137420058250427,0.5862579941749573,-0.01572047919034958,-0.04448515176773071,-0.03258399843866444,9.596899151802064e-06,-0.03259359533781624,0.019193798303604126,1
2022-11-29,0.41307926177978516,0.5869207382202148,-0.001413980033248663,0.0019508134573698044,0.0005608870462237014,6.627440452575683e-07,0.0005602243021784438,0.0013254880905151367,0
2022-11-30,0.41302183270454407,0.5869781970977783,0.029909620061516762,0.027325645089149475,0.02839288398226697,5.7443976402282715e-08,0.028392826538290568,0.00011488795280456543,0
2022-12-01,0.41372254490852356,0.5862774848937988,-0.0015083800535649061,0.006220162846148014,0.003022690594619383,7.007122039794922e-07,0.0030219898824154034,0.0014014244079589844,0
2022-12-02,0.4145107567310333,0.5854892134666443,-0.000773840001784265,0.014474046416580677,0.008153633047395182,7.882416248321534e-07,0.008152844805770349,0.0015764832496643066,0
2022-12-05,0.40217694640159607,0.5978230834007263,-0.017210140824317932,-0.024739950895309448,-0.021711635611282087,1.2333840131759644e-05,-0.021723969451413846,0.024667680263519287,1
2022-12-06,0.4014650285243988,0.5985349416732788,-0.013710119761526585,-0.025338293984532356,-0.02066998793326666,7.118880748748779e-07,-0.020670699821341534,0.0014237761497497559,0
2022-12-07,0.4003886878490448,0.5996113419532776,-0.0014054400380700827,-0.021368427202105522,-0.013375473602778805,1.0763704776763915e-06,-0.013376549973256482,0.002152740955352783,0
2022-12-08,0.39965584874153137,0.6003441214561462,0.00750460010021925,0.01274796575307846,0.010652423622903834,7.328093051910401e-07,0.010651690813598643,0.00146561861038208,0
2022-12-09,0.3994925320148468,0.6005074977874756,-0.007768800016492605,-0.009985406883060932,-0.00909988929104237,1.63346529006958e-07,-0.009100052637571378,0.000326693058013916,0
2022-12-12,0.38255947828292847,0.6174405217170715,0.014639659784734249,0.01817680522799492,0.01682363671261028,1.693303883075714e-05,0.01680670367377952,0.03386607766151428,1
2022-12-13,0.3812342584133148,0.6187657117843628,0.00683631980791688,0.010994411073625088,0.009409203905868954,1.3252049684524537e-06,0.009407878700900502,0.0026504099369049072,0
2022-12-14,0.3818512558937073,0.6181487441062927,-0.006080439779907465,-0.0056896754540503025,-0.005838889302637318,6.169825792312622e-07,-0.0058395062852165495,0.0012339651584625244,0
2022-12-15,0.3829385042190552,0.6170614957809448,-0.023984640836715698,-0.028125541284680367,-0.02653983106101676,1.0872483253479004e-06,-0.026540918309342108,0.0021744966506958008,0
2022-12-16,0.3823038935661316,0.6176961064338684,-0.011301539838314056,-0.01807129569351673,-0.015483191671580632,6.34610652923584e-07,-0.015483826282233555,0.001269221305847168,0
2022-12-19,0.36257386207580566,0.6374261379241943,-0.007823539897799492,0.009014476090669632,0.0029094516040362173,1.9730031490325927e-05,0.0028897215725458914,0.039460062980651855,1
2022-12-20,0.36264002323150635,0.6373599767684937,0.0016716599930077791,0.01863282173871994,0.012482025649221545,6.61611557006836e-08,0.012481959488065845,0.0001323223114013672,0
2022-12-21,0.3633417785167694,0.636658251285553,0.01512192003428936,0.03468901664018631,0.027579473992803527,7.017403841018677e-07,0.027578772252419424,0.0014034807682037354,0
2022-12-22,0.3648575246334076,0.63514244556427,-0.013500279746949673,-0.015746157616376877,-0.01492673170703665,1.5157759189605714e-06,-0.01492824748295561,0.0030315518379211426,0
2022-12-23,0.36397963762283325,0.6360204219818115,0.0056269001215696335,0.023098666220903397,0.016739300504224786,8.779317140579224e-07,0.01673842257251073,0.0017558634281158447,0
2022-12-27,0.3430337905883789,0.6569662094116211,-0.0029953999910503626,-0.008367754518985748,-0.006524855380883432,2.094581723213196e-05,-0.006545801198115564,0.041891634464263916,1
2022-12-28,0.3426165282726288,0.657383382320404,-0.012248899787664413,-0.01689060404896736,-0.015300277939553797,4.1721761226654056e-07,-0.015300695157166063,0.0008344352245330811,0
2022-12-29,0.3420698940753937,0.6579301357269287,0.016671959310770035,0.03215659409761429,0.026859767674623503,5.466938018798828e-07,0.02685922098082162,0.0010933876037597656,0
2022-12-30,0.34242019057273865,0.6575798392295837,-0.0025555200409144163,-0.002707317704334855,-0.002655339200182287,3.502964973449707e-07,-0.002655689496679632,0.0007005929946899414,0
2023-01-03,0.31910935044288635,0.6808906197547913,-0.003511959919705987,-0.029958760365843773,-0.021519338161343472,2.331081032752991e-05,-0.021542648971671,0.046621620655059814,1
2023-01-04,0.31802240014076233,0.6819775700569153,0.007058680057525635,0.006140486337244511,0.006432492324961736,1.0869503021240235e-06,0.006431405374659612,0.002173900604248047,0
2023-01-05,0.31829994916915894,0.6817000508308411,-0.011166400276124477,0.026613689959049225,0.014588289157587198,2.775341272354126e-07,0.014588011623459962,0.0005550682544708252,0
2023-01-06,0.31797531247138977,0.6820246577262878,0.02266434021294117,0.003433502046391368,0.009548433719160435,3.246217966079712e-07,0.009548109097363826,0.0006492435932159424,0
2023-01-09,0.29387474060058594,0.7061251997947693,-0.0009948599617928267,0.01828557625412941,0.012619541972603843,2.410055696964264e-05,0.0125954414156342,0.04820111393928528,1
2023-01-10,0.29349449276924133,0.7065054774284363,0.006792140193283558,0.01806432195007801,0.01475599814460618,3.8026273250579837e-07,0.014755617881873675,0.0007605254650115967,0
2023-01-11,0.2948308289051056,0.7051692008972168,0.011721719987690449,0.012681515887379646,0.012398538844633183,1.33630633354187e-06,0.012397202538299642,0.0026726126670837402,0
2023-01-12,0.2948532700538635,0.7051467299461365,0.004172360058873892,0.0058995140716433525,0.005390257063091625,2.245604991912842e-08,0.005390234607041706,4.4912099838256836e-05,0
2023-01-13,0.29775160551071167,0.7022483944892883,0.003728979965671897,0.008394069969654083,0.007005031931116415,2.8983354568481444e-06,0.007002133595659567,0.005796670913696289,0
2023-01-17,0.27340754866600037,0.726592481136322,-0.0035382199566811323,-0.010799928568303585,-0.008814522939536058,2.4344071745872497e-05,-0.00883886701128193,0.048688143491744995,1
2023-01-18,0.2730284631252289,0.7269715070724487,-0.016231339424848557,-0.02018761821091175,-0.019107440892620065,3.7905573844909666e-07,-0.019107819948358515,0.0007581114768981934,0
2023-01-19,0.27174997329711914,0.7282499670982361,-0.0072346399538218975,0.004240366630256176,0.0011220336447031465,1.2784749269485473e-06,0.0011207551697761978,0.0025569498538970947,0
2023-01-20,0.2710593640804291,0.7289406061172485,0.01708352006971836,0.030250517651438713,0.026681478758553367,6.906241178512573e-07,0.026680788134435515,0.0013812482357025146,0
2023-01-23,0.24367766082286835,0.7563222646713257,0.011187739670276642,0.011767251417040825,0.011626036473441403,2.738168090581894e-05,0.011598654792535584,0.05476336181163788,1
2023-01-24,0.24394004046916962,0.756060004234314,-0.0003819800040218979,0.010278740897774696,0.007678164669055437,2.6232004165649413e-07,0.007677902349013781,0.0005246400833129883,0
2023-01-25,0.2449435144662857,0.7550565004348755,0.00042503999429754913,0.0030049150809645653,0.002372991455129057,1.0034888982772828e-06,0.0023719879662307797,0.0020069777965545654,0
2023-01-26,0.245597705245018,0.7544022798538208,0.010100440122187138,0.0070592793636024,0.00780618136200055,6.542056798934936e-07,0.0078055271563206565,0.0013084113597869873,0
2023-01-27,0.24649886786937714,0.7535011768341064,0.0020170200150460005,-0.008140167221426964,-0.005636432430792922,9.011328220367432e-07,-0.005637333563614959,0.0018022656440734863,0
2023-01-30,0.21875934302806854,0.7812406420707703,-0.011640160344541073,-0.0017228582873940468,-0.003892360744353854,2.7739495038986207e-05,-0.00392010023939284,0.05547899007797241,1
2023-01-31,0.21708649396896362,0.7829135060310364,0.014069760218262672,0.026495112106204033,0.0237977360285202,1.6728565096855165e-06,0.023796063172010516,0.0033457130193710327,0
2023-02-01,0.21719089150428772,0.7828090786933899,0.00873601995408535,0.005169994663447142,0.005944502721369843,1.0441243648529054e-07,0.005944398308933358,0.00020882487297058105,0
2023-02-02,0.2196582853794098,0.7803417444229126,0.011704360134899616,0.020507613196969032,0.018573906334768325,2.4673640727996825e-06,0.018571438970695527,0.004934728145599365,0
2023-02-03,0.21934282779693604,0.780657172203064,-0.009482399560511112,0.0023070534225553274,-0.0002788785329294885,3.1544268131256104e-07,-0.0002791939756108011,0.0006308853626251221,0
2023-02-06,0.19178350269794464,0.8082164525985718,-0.005276519805192947,-0.005171025171875954,-0.005191257071006483,2.7559302747249604e-05,-0.005218816373753733,0.05511860549449921,1
2023-02-07,0.1904185265302658,0.809581458568573,0.012341359630227089,0.02005785144865513,0.018588488147721932,1.364991068840027e-06,0.018587123156653094,0.0027299821376800537,0
2023-02-08,0.19101674854755402,0.8089832663536072,-0.010073520243167877,-0.006933021824806929,-0.007532909724811049,5.982071161270142e-07,-0.007533507931927176,0.0011964142322540283,0
2023-02-09,0.1898173987865448,0.8101826310157776,-0.00834949966520071,-0.0047918218187987804,-0.00546713111613073,1.1993572115898132e-06,-0.00546833047334232,0.0023987144231796265,0
2023-02-10,0.1879197508096695,0.8120802640914917,0.0027949800714850426,-0.003252482507377863,-0.0021160448949929106,1.8976405262947083e-06,-0.002117942535519205,0.0037952810525894165,0
2023-02-13,0.16109560430049896,0.8389044404029846,0.011655840091407299,0.022528911009430885,0.020777308086410498,2.6824161410331728e-05,0.020750483925000167,0.05364832282066345,1
2023-02-14,0.1609240025281906,0.839076042175293,-0.0011180799920111895,0.00556339044123888,0.004488181725049448,1.716017723083496e-07,0.00448801012327714,0.0003432035446166992,0
2023-02-15,0.16261789202690125,0.8373821377754211,0.002936860080808401,0.003240262158215046,0.003190923648517932,1.6938969492912292e-06,0.0031892297515686407,0.0033877938985824585,0
2023-02-16,0.16436879336833954,0.8356311917304993,-0.013540220446884632,-0.03234892338514328,-0.029257359096321642,1.7509236931800842e-06,-0.02925911002001482,0.0035018473863601685,0
2023-02-17,0.1624836027622223,0.8375164270401001,-0.001273639965802431,-0.0029931417666375637,-0.002713751008284318,1.8852129578590393e-06,-0.002715636221242177,0.0037704259157180786,0
2023-02-21,0.1382538080215454,0.8617461919784546,-0.02019600011408329,-0.02831045165657997,-0.027188597830823502,2.4229779839515688e-05,-0.02721282761066302,0.04845955967903137,1
2023-02-22,0.13525371253490448,0.8647462725639343,-0.0015266799600794911,-0.0012404490262269974,-0.001279162804188749,3.0000880360603334e-06,-0.0012821628922248093,0.0060001760721206665,0
2023-02-23,0.13440395891666412,0.8655960559844971,0.004987800028175116,0.015837477520108223,0.014379238148220196,8.497685194015503e-07,0.014378388379700794,0.0016995370388031006,0
2023-02-24,0.1348898857831955,0.8651101589202881,-0.010685959830880165,-0.02538442239165306,-0.02340174959041394,4.859119653701782e-07,-0.02340223550237931,0.0009718239307403564,0
2023-02-27,0.11357660591602325,0.8864233493804932,0.0033086200710386038,0.008028274402022362,0.007492231723120534,2.131323516368866e-05,0.007470918487956846,0.04262647032737732,1
2023-02-28,0.11397823691368103,0.8860217928886414,-0.004392779897898436,0.012640767730772495,0.010699314380395605,4.015937447547913e-07,0.01069891278665085,0.0008031874895095825,0
2023-03-01,0.114329494535923,0.88567054271698,-0.002908460097387433,0.003977680113166571,0.0031903913317705684,3.512538969516754e-07,0.0031900400778736167,0.0007025077939033508,0
2023-03-02,0.11458069831132889,0.8854193091392517,0.008270739577710629,-0.002415231429040432,-0.0011908254269471577,2.5121867656707766e-07,-0.0011910766456237247,0.0005024373531341553,0
2023-03-03,0.11572623997926712,0.8842737674713135,0.0152047798037529,0.036891572177410126,0.03438184151365936,1.1455416679382325e-06,0.03438069597199142,0.002291083335876465,0
2023-03-06,0.09902211278676987,0.9009779095649719,0.0008213400142267346,0.008550452068448067,0.007785099253990876,1.670413464307785e-05,0.007768395119347798,0.0334082692861557,1
2023-03-07,0.09971766173839569,0.9002822637557983,-0.015694579109549522,-0.006809684447944164,-0.007695664861030377,6.95597380399704e-07,-0.0076963604584107765,0.001391194760799408,0
2023-03-08,0.0990634560585022,0.9009366035461426,0.0011303400387987494,-0.013446075841784477,-0.012002086509156441,6.54272735118866e-07,-0.01200274078189156,0.001308545470237732,0
2023-03-09,0.09935857355594635,0.9006413817405701,-0.018093420192599297,-0.028049249202013016,-0.027060050979171607,2.951696515083313e-07,-0.027060346148823116,0.0005903393030166626,0
2023-03-10,0.09650429338216782,0.903495728969574,-0.013698199763894081,-0.035759106278419495,-0.03363013488314347,2.8543137013912204e-06,-0.033632989196844855,0.00570862740278244,0
2023-03-13,0.07860483229160309,0.9213951230049133,-0.0016807799693197012,-0.016741706058382988,-0.015557843740583357,1.7899427562952043e-05,-0.015575743168146309,0.03579885512590408,1
2023-03-14,0.07695900648832321,0.923041045665741,0.01545719988644123,0.01740557700395584,0.017255632744498914,1.6458742320537568e-06,0.01725398687026686,0.0032917484641075134,0
2023-03-15,0.07724300026893616,0.9227570295333862,-0.0066087800078094006,-0.030780615285038948,-0.028913511123553046,2.840049564838409e-07,-0.02891379512850953,0.0005680099129676819,0
2023-03-16,0.07615888863801956,0.9238410592079163,0.016476700082421303,0.01479120459407568,0.014919569285851045,1.0840706527233123e-06,0.014918485215198321,0.0021681413054466248,0
2023-03-17,0.07699019461870193,0.9230097532272339,-0.011718560010194778,-0.019448865205049515,-0.018853706489298322,8.313059806823731e-07,-0.018854537795279003,0.001662611961364746,0
2023-03-20,0.06334342062473297,0.9366565346717834,0.01003270037472248,-0.006453550420701504,-0.0054092546135459385,1.3646777719259262e-05,-0.005422901391265198,0.027293555438518524,1
2023-03-21,0.06346864253282547,0.9365313649177551,0.012621600180864334,0.03451251983642578,0.03312313313923046,1.2519583106040954e-07,0.033123007943399396,0.0002503916621208191,0
2023-03-22,0.06479212641716003,0.9352079033851624,-0.016985800117254257,-0.02240481972694397,-0.022053710591051545,1.3234727084636688e-06,-0.02205503406376001,0.0026469454169273376,0
2023-03-23,0.06484444439411163,0.9351555705070496,0.0025874399580061436,-0.004090733360499144,-0.0036576909830497648,5.232542753219605e-08,-0.003657743308477297,0.00010465085506439209,0
2023-03-24,0.06472267210483551,0.9352773427963257,0.0062111797742545605,-0.012937294319272041,-0.01169795410198949,1.2177228927612306e-07,-0.011698075874278766,0.0002435445785522461,0
2023-03-27,0.05950833484530449,0.9404916167259216,0.002644720021635294,0.023615315556526184,0.022367389191869674,5.214305594563484e-06,0.02236217488627511,0.010428611189126968,1
2023-03-28,0.06034142151474953,0.939658522605896,-0.002118459902703762,0.0012717976933345199,0.0010672246596211583,8.330903947353363e-07,0.001066391569226423,0.0016661807894706726,0
2023-03-29,0.06115409731864929,0.9388459324836731,0.01373651996254921,0.02315848134458065,0.02258229049146787,8.126329630613327e-07,0.02258147785850481,0.0016252659261226654,0
2023-03-30,0.06221213936805725,0.9377878308296204,0.0055714999325573444,0.00750446692109108,0.0073842126857560225,1.0580718517303467e-06,0.007383154613904292,0.0021161437034606934,0
2023-03-31,0.0628531351685524,0.9371469020843506,0.01382661983370781,0.020045222714543343,0.019654364773857375,6.409622728824616e-07,0.019653723811584492,0.001281924545764923,0
2023-04-03,0.05351389944553375,0.9464861154556274,0.004905399866402149,-0.012491360306739807,-0.011560392018291996,9.339224547147752e-06,-0.011569731242839143,0.0186784490942955,1
2023-04-04,0.053964126855134964,0.9460358619689941,-0.005605060141533613,-0.022602161392569542,-0.02168492741189023,4.5024044811725617e-07,-0.02168537765233835,0.0009004808962345123,0
2023-04-05,0.053909316658973694,0.9460906982421875,-0.0016724599990993738,-0.0074461703188717365,-0.007134913651902528,5.482323467731476e-08,-0.007134968475137206,0.00010964646935462952,0
2023-04-06,0.053889717906713486,0.9461102485656738,0.003241840051487088,0.012876970693469048,0.012357735789444223,1.9574537873268128e-08,0.012357716214906351,3.9149075746536255e-05,0
2023-04-10,0.05003045126795769,0.9499695301055908,0.0014110200572758913,0.016110923141241074,0.015375480056265725,3.859274089336396e-06,0.015371620782176389,0.0077185481786727905,1
2023-04-11,0.04988739639520645,0.9501126408576965,0.000724220008123666,0.013861995190382004,0.013206586308513138,1.4308281242847444e-07,0.01320644322570071,0.00028616562485694885,0
2023-04-12,0.049770988523960114,0.9502289891242981,-0.0034972999710589647,-0.008565044030547142,-0.008312817207676336,1.163780689239502e-07,-0.008312933585745261,0.0002327561378479004,0
2023-04-13,0.049738094210624695,0.9502618908882141,0.012902660295367241,0.011693279258906841,0.011753431392591412,3.289803862571716e-08,0.011753398494552788,6.579607725143433e-05,0
2023-04-14,0.05067446827888489,0.9493255615234375,-0.0028123599477112293,-0.0033796585630625486,-0.003350911108095947,9.363517165184021e-07,-0.0033518474598124653,0.0018727034330368042,0
2023-04-17,0.04775306209921837,0.9522469639778137,0.0035158200189471245,0.010941985994577408,0.010587364114918552,2.92140431702137e-06,0.01058444271060153,0.00584280863404274,1
2023-04-18,0.04840049892663956,0.9515994787216187,0.00047110000741668046,0.0021321545355021954,0.0020517586199411348,6.474610418081284e-07,0.002051111158899327,0.0012949220836162567,0
2023-04-19,0.048890866339206696,0.9511091709136963,-0.0005677000153809786,0.010485075414180756,0.009944696038576282,4.90337610244751e-07,0.009944205700966038,0.000980675220489502,0
2023-04-20,0.049545612186193466,0.9504544138908386,-0.005026979837566614,-0.007552660536020994,-0.00742752433658019,6.547514349222183e-07,-0.007428179088015113,0.0013095028698444366,0
2023-04-21,0.04925791546702385,0.9507420063018799,0.0008205599733628333,0.00465193297713995,0.004463207165671443,2.8764456510543823e-07,0.004462919521106338,0.0005752891302108765,0
2023-04-24,0.04587355628609657,0.9541264176368713,0.001196000026538968,0.005816564429551363,0.005604602556657502,3.384385257959366e-06,0.005601218171399543,0.006768770515918732,1
2023-04-25,0.04592202231287956,0.9540778994560242,-0.014833959750831127,-0.031945135444402695,-0.031159353153299933,4.8492103815078733e-08,-0.031159401645403748,9.698420763015747e-05,0
2023-04-26,0.04457058012485504,0.9554293751716614,-0.0047509800642728806,-0.010064617730677128,-0.009827785367388736,1.351458951830864e-06,-0.009829136826340568,0.002702917903661728,0
2023-04-27,0.0439278669655323,0.956072211265564,0.019162800163030624,-0.0015308470465242863,-0.0006218193846311421,6.427746266126632e-07,-0.0006224621592577547,0.0012855492532253265,0
2023-04-28,0.044870756566524506,0.9551292657852173,0.008504940196871758,0.01601441390812397,0.0156774584992337,9.429175406694413e-07,0.015676515581693033,0.0018858350813388824,0
2023-05-01,0.04303170368075371,0.9569683074951172,-0.0011819000355899334,0.007482545915991068,0.007109700128868695,1.83904729783535e-06,0.00710786108157086,0.0036780945956707,1
2023-05-02,0.043496523052453995,0.9565034508705139,-0.01106170006096363,-0.03148050978779793,-0.030592361738892744,4.6483799815177916e-07,-0.030592826576890896,0.0009296759963035583,0
2023-05-03,0.04238484799861908,0.9576151371002197,-0.007103220093995333,0.000387234496884048,6.975271183882331e-05,1.111680641770363e-06,6.864103119705295e-05,0.0022233612835407257,0
2023-05-04,0.04154070466756821,0.9584592580795288,-0.007305840030312538,-0.005421807989478111,-0.005500071806092563,8.441321551799774e-07,-0.005500915938247743,0.0016882643103599548,0
2023-05-05,0.04016396403312683,0.9598360657691956,0.018114300444722176,0.006880429573357105,0.007331626564040183,1.3767741620540618e-06,0.0073302497898781295,0.0027535483241081238,0
2023-05-08,0.03827681764960289,0.9617231488227844,-5.3759998991154134e-05,0.02759498544037342,0.02653667852775659,1.8871147185564042e-06,0.026534791413038033,0.0037742294371128082,1
2023-05-09,0.03884577006101608,0.9611542224884033,-0.003836540039628744,-0.0007484803209081292,-0.0008684383730996233,5.689393728971481e-07,-0.0008690073124725204,0.0011378787457942963,0
2023-05-10,0.03860422596335411,0.961395800113678,0.0036809199955314398,-0.001333066145889461,-0.0011395051266713313,2.4156086146831515e-07,-0.0011397466875327996,0.00048312172293663025,0
2023-05-11,0.03904932737350464,0.9609506130218506,-0.0025889200624078512,-0.0033738145139068365,-0.0033431647124215896,4.451442509889603e-07,-0.003343609856672579,0.0008902885019779205,0
2023-05-12,0.039271432906389236,0.9607285261154175,-0.0011443999828770757,0.014002456329762936,0.013407617004543014,2.2209621965885164e-07,0.013407394908323355,0.00044419243931770325,0
2023-05-15,0.03655002638697624,0.963450014591217,0.003136980114504695,0.03150135278701782,0.030464635508255962,2.7214474976062775e-06,0.030461914060758356,0.005442894995212555,1
2023-05-16,0.036527685821056366,0.9634722471237183,-0.007324520032852888,-0.016826190054416656,-0.01647911490880966,2.22865492105484e-08,-0.01647913719535887,4.45730984210968e-05,0
2023-05-17,0.03596251830458641,0.9640374779701233,0.01227508019655943,0.01103170681744814,0.011076421614257554,5.651991814374924e-07,0.011075856415076116,0.0011303983628749847,0
2023-05-18,0.03643512725830078,0.9635648727416992,0.008678999729454517,-0.0028928699903190136,-0.0024712474444625876,4.726070910692215e-07,-0.002471720051553657,0.000945214182138443,0
2023-05-19,0.03727846220135689,0.962721586227417,-0.0018058200366795063,0.00997087825089693,0.009531861531804136,8.433107286691666e-07,0.009531018221075467,0.0016866214573383331,0
2023-05-22,0.03453371301293373,0.9654662609100342,-0.00036187999648973346,-0.024193983525037766,-0.023370971870381077,2.744711935520172e-06,-0.023373716582316597,0.005489423871040344,1
2023-05-23,0.03422091156244278,0.9657790660858154,-0.01044107973575592,-0.002581039909273386,-0.0028500175793619853,3.1280331313610077e-07,-0.0028503303826751215,0.0006256066262722015,0
2023-05-24,0.03332073241472244,0.9666792750358582,-0.007356420159339905,0.010520237497985363,0.009924574250097906,9.001940488815308e-07,0.009923674056049025,0.0018003880977630615,0
2023-05-25,0.032219476997852325,0.9677804708480835,0.006958459969609976,-0.0005484759458340704,-0.0003066063681768198,1.1012256145477295e-06,-0.00030770759379136753,0.002202451229095459,0
2023-05-26,0.03206115961074829,0.9679388403892517,0.012316860258579254,0.002526711206883192,0.0028405947382426355,1.5834346413612367e-07,0.0028404363947784994,0.0003166869282722473,0
2023-05-30,0.028264285996556282,0.9717357754707336,0.0001383600028930232,-0.01105310395359993,-0.010736785895017807,3.7969043478369713e-06,-0.010740582799365643,0.0075938086956739426,1
2023-05-31,0.02866712585091591,0.971332848072052,-0.005091580096632242,-0.020458081737160683,-0.020017567767257292,4.028836265206337e-07,-0.02001797065088381,0.0008057672530412674,0
2023-06-01,0.028606919571757317,0.9713931083679199,0.00856644008308649,0.0175457876175642,0.017288916635062185,6.023328751325607e-08,0.01728885640177467,0.00012046657502651215,0
2023-06-02,0.02997310273349285,0.9700268507003784,0.01573611982166767,0.010521598160266876,0.010677893063779972,1.3662204146385194e-06,0.010676526843365333,0.0027324408292770386,0
2023-06-05,0.029495399445295334,0.9705045819282532,-0.0026039599906653166,-0.011664998717606068,-0.011397739543688126,4.777172580361367e-07,-0.011398217260946163,0.0009554345160722733,1
2023-06-06,0.03020133636891842,0.9697986245155334,0.0018065599724650383,0.006027951370924711,0.00590045947356835,7.059471681714058e-07,0.005899753526400178,0.0014118943363428116,0
2023-06-07,0.03135775774717331,0.9686421751976013,-0.002300059888511896,-0.0019504462834447622,-0.0019614092513899582,1.1564353480935096e-06,-0.0019625656867380517,0.0023128706961870193,0
2023-06-08,0.03204711154103279,0.9679529070854187,0.0058356998488307,-0.0003086786309722811,-0.00011176905422930102,6.893109530210495e-07,-0.00011245836518232207,0.001378621906042099,0
2023-06-09,0.03278631716966629,0.9672137498855591,0.001715520047582686,-0.0026040172670036554,-0.0024623957211943838,7.391814142465592e-07,-0.0024631349026086303,0.0014783628284931183,0
2023-06-12,0.031067417934536934,0.9689325094223022,0.008447039872407913,0.013650375418365002,0.013488720226698704,1.7188293859362602e-06,0.013487001397312768,0.0034376587718725204,1
2023-06-13,0.030164744704961777,0.9698352217674255,0.00617126002907753,0.003111697733402252,0.0032039885446324273,9.026927873492241e-07,0.003203085851845078,0.0018053855746984482,0
2023-06-14,0.030094394460320473,0.9699056148529053,-0.00017915999342221767,0.001831750967539847,0.0017712338369155827,7.037166506052018e-08,0.0017711634652505222,0.00014074333012104034,0
2023-06-15,0.030731627717614174,0.9692683815956116,0.012466399930417538,0.0135596739128232,0.01352607595008686,6.372332572937012e-07,0.013525438716829567,0.0012744665145874023,0
2023-06-16,0.03047286719083786,0.9695271849632263,-0.003327480051666498,0.004731063265353441,0.004485496591846456,2.5878194719552995e-07,0.00448523780989926,0.0005175638943910599,0
2023-06-20,0.027879299595952034,0.9721206426620483,-0.005561139900237322,-0.004973620641976595,-0.004989999980209236,2.5935126468539237e-06,-0.00499259349285609,0.005187025293707848,1
2023-06-21,0.027950381860136986,0.9720495939254761,-0.004746180027723312,0.008095009252429008,0.007736092912494767,7.10655003786087e-08,0.007736021846994389,0.0001421310007572174,0
2023-06-22,0.02868252992630005,0.9713174104690552,0.0029124999418854713,0.004680146463215351,0.004629445610009719,7.321657612919808e-07,0.0046287134442484276,0.0014643315225839615,0
2023-06-23,0.02940080501139164,0.9705991744995117,-0.007355520036071539,-0.009466232731938362,-0.009404175885577556,7.18255527317524e-07,-0.009404894141104875,0.001436511054635048,0
2023-06-26,0.02619573473930359,0.9738042950630188,-0.003361139912158251,0.00671310443431139,0.006449202401778445,3.2050954177975656e-06,0.006445997306360647,0.006410190835595131,1
2023-06-27,0.025447001680731773,0.9745529890060425,0.010105480439960957,0.00407810602337122,0.004231484592300256,7.487135007977486e-07,0.004230735878799459,0.0014974270015954971,0
2023-06-28,0.02551053836941719,0.9744894504547119,9.485999908065423e-05,-0.007322106976062059,-0.007132896073627059,6.353762000799179e-08,-0.007132959611247067,0.00012707524001598358,0
2023-06-29,0.025807607918977737,0.9741923809051514,0.004576399922370911,0.009415353648364544,0.009290471722641247,2.970695495605469e-07,0.009290174653091687,0.0005941390991210938,0
2023-06-30,0.025858797132968903,0.9741411209106445,0.01109611988067627,0.011090172454714775,0.011090325339085716,5.122460424900055e-08,0.011090274114481467,0.0001024492084980011,0
2023-07-03,0.024499423801898956,0.9755005240440369,0.001059020054526627,-0.008206983096897602,-0.007979970930713606,1.3593882322311402e-06,-0.007981330318945837,0.0027187764644622803,1
2023-07-05,0.024513723328709602,0.9754862189292908,-0.001878499984741211,-0.017397262156009674,-0.01701683850918645,1.4302320778369905e-08,-0.01701685281150723,2.8604641556739807e-05,0
2023-07-06,0.024022119119763374,0.975977897644043,-0.008301160298287868,-0.00241414038464427,-0.0025555591187404175,4.916414618492126e-07,-0.002556050760202267,0.0009832829236984253,0
2023-07-07,0.022916987538337708,0.9770829677581787,-0.0030255799647420645,-0.0019321136642247438,-0.00195717253143508,1.1051008477807046e-06,-0.0019582776322828606,0.002210201695561409,0
2023-07-10,0.02162932977080345,0.9783706665039062,0.0032223800662904978,0.012205998413264751,0.012011688724032119,1.2876782566308975e-06,0.012010401045775488,0.002575356513261795,1
2023-07-11,0.021361634135246277,0.9786383509635925,0.006844560150057077,-0.004018512088805437,-0.003786459054173609,2.67690047621727e-07,-0.003786726744221231,0.000535380095243454,0
2023-07-12,0.021341821178793907,0.9786581993103027,0.007117739878594875,0.021499797701835632,0.021192858836100385,1.9830651581287383e-08,0.021192839005448803,3.966130316257477e-05,0
2023-07-13,0.022229889407753944,0.9777701497077942,0.006660259794443846,0.0007354788249358535,0.0008671860794218387,8.880589157342911e-07,0.0008662980205061045,0.0017761178314685822,0
2023-07-14,0.022629495710134506,0.9773705005645752,0.00014344000373966992,-0.011926251463592052,-0.011653120387880673,3.99627722799778e-07,-0.011653520015603472,0.000799255445599556,0
2023-07-17,0.02106924168765545,0.9789307117462158,0.0032016399782150984,0.0026524083223193884,0.002663980093307579,1.5602326020598412e-06,0.002662419860705519,0.0031204652041196823,1
2023-07-18,0.021198134869337082,0.9788018465042114,0.008034720085561275,0.005948361475020647,0.0059925882754358235,1.2887921184301377e-07,0.00599245939622398,0.0002577584236860275,0
2023-07-19,0.0214302446693182,0.978569746017456,0.0023951800540089607,0.0028226093854755163,0.0028134494440357465,2.3210514336824417e-07,0.0028132173388923784,0.00046421028673648834,0
2023-07-20,0.021205851808190346,0.9787940979003906,-0.004546720068901777,-0.011350254528224468,-0.011205979213887749,2.2437237203121186e-07,-0.01120620358625978,0.0004487447440624237,0
2023-07-21,0.02093677781522274,0.9790632724761963,-1.1340000128257088e-05,-0.008183365687727928,-0.008012270213159435,2.6912428438663485e-07,-0.008012539337443822,0.0005382485687732697,0
2023-07-24,0.020184624940156937,0.9798153638839722,0.004649519920349121,0.008941391482949257,0.008854761565239011,7.521221414208413e-07,0.00885400944309759,0.0015042442828416824,1
2023-07-25,0.02003413997590542,0.97996586561203,0.002365679945796728,0.01653847098350525,0.016254531396422446,1.504933461546898e-07,0.016254380903076293,0.0003009866923093796,0
2023-07-26,0.019993698224425316,0.9800062775611877,0.0005987799959257245,-0.004048326518386602,-0.003955413575094936,4.042685031890869e-08,-0.0039554540019452545,8.085370063781738e-05,0
2023-07-27,0.020466940477490425,0.9795331358909607,-0.006693180184811354,-0.005713286343961954,-0.005733342209191707,4.7319196164608003e-07,-0.005733815401153353,0.00094638392329216,0
2023-07-28,0.019839350134134293,0.980160653591156,0.008900259621441364,0.011387866921722889,0.011338514451919485,6.275540217757225e-07,0.01133788689789771,0.001255108043551445,0
2023-07-31,0.019471704959869385,0.9805282950401306,0.0021147800143808126,-0.0005272842827253044,-0.00047583878624704937,3.676433116197586e-07,-0.00047620642955866914,0.0007352866232395172,1
2023-08-01,0.0194682776927948,0.9805317521095276,-0.002027879934757948,-0.00014388155250344425,-0.0001805597604699555,3.4421682357788088e-09,-0.0001805632026381913,6.884336471557617e-06,0
2023-08-02,0.019265353679656982,0.980734646320343,-0.013155540451407433,-0.00722078001126647,-0.007335115270149822,2.0290911197662355e-07,-0.007335318179261799,0.00040581822395324707,0
2023-08-03,0.01798086427152157,0.9820191860198975,-0.0027328000869601965,0.0003222997474949807,0.0002673664282446058,1.2845145538449288e-06,0.00026608191369076084,0.0025690291076898575,0
2023-08-04,0.017439967021346092,0.9825599789619446,-0.004394120071083307,-0.01726096123456955,-0.017036563016629126,5.408450961112977e-07,-0.017037103861725238,0.0010816901922225952,0
2023-08-07,0.016058392822742462,0.9839416146278381,0.009195740334689617,0.0003840513527393341,0.0005255529187047289,1.3816049322485925e-06,0.0005241713137724804,0.0027632098644971848,1
2023-08-08,0.016162501648068428,0.9838375449180603,-0.00437834020704031,-0.006784324999898672,-0.0067454385826386225,1.0408926755189896e-07,-0.006745542671906174,0.0002081785351037979,0
2023-08-09,0.01607738807797432,0.98392254114151,-0.006368920207023621,-0.0013165664859116077,-0.0013977950442058684,8.50548967719078e-08,-0.0013978800991026404,0.0001701097935438156,0
2023-08-10,0.01602483168244362,0.9839751720428467,0.000607040012255311,0.0006704516126774251,0.0006694354549515733,5.2593648433685304e-08,0.0006693828613031396,0.0001051872968673706,0
2023-08-11,0.016026942059397697,0.9839730262756348,8.96600031410344e-05,0.01148819550871849,0.011305511476835275,2.1280720829963685e-09,0.011305509348763192,4.256144165992737e-06,0
2023-08-14,0.015956232324242592,0.9840437769889832,0.004633499775081873,-0.016131045296788216,-0.015799721541746317,7.073022425174713e-08,-0.015799792271970568,0.00014146044850349426,1
2023-08-15,0.01618499681353569,0.9838150143623352,-0.011386740021407604,0.0006230920553207397,0.00042871296839138914,2.2876355797052384e-07,0.00042848420483341864,0.00045752711594104767,0
2023-08-16,0.015603161416947842,0.9843968749046326,-0.0069645000621676445,-0.012578878551721573,-0.012491276954777971,5.81847969442606e-07,-0.012491858802747413,0.001163695938885212,0
2023-08-17,0.015217934735119343,0.9847820401191711,-0.007650959771126509,-0.008297326974570751,-0.008287490392011642,3.8519594818353653e-07,-0.008287875587959825,0.0007703918963670731,0
2023-08-18,0.014677675440907478,0.9853223562240601,0.0006919599836692214,0.006848595570772886,0.0067582306886779945,5.402876995503903e-07,0.006757690400978444,0.0010805753991007805,0
2023-08-21,0.014158649370074272,0.9858413934707642,0.005100199952721596,-0.000406252802349627,-0.0003282888859219048,5.190316587686539e-07,-0.0003288079175806734,0.0010380633175373077,1
2023-08-22,0.014127121306955814,0.9858728647232056,-0.0031143599189817905,0.02089410275220871,0.020554931995772036,3.149965777993202e-08,0.020554900496114255,6.299931555986404e-05,0
2023-08-23,0.014140710234642029,0.9858593344688416,0.010114699602127075,0.0032974404748529196,0.003393841508173248,1.355959102511406e-08,0.003393827948582223,2.711918205022812e-05,0
2023-08-24,0.014470113441348076,0.985529899597168,-0.013347979635000229,-0.005689376033842564,-0.005800196970934653,3.2941903918981553e-07,-0.005800526389973843,0.000658838078379631,0
2023-08-25,0.014217585325241089,0.9857823848724365,0.007084739860147238,-0.01838747225701809,-0.018025318359830275,2.5250669568777085e-07,-0.018025570866525963,0.0005050133913755417,0
2023-08-28,0.014277691952884197,0.9857223033905029,0.006357740145176649,0.009405333548784256,0.009361820905172907,6.009405478835107e-08,0.009361760811118119,0.00012018810957670212,1
2023-08-29,0.014726772904396057,0.9852731823921204,0.013368160463869572,0.004373192321509123,0.004505658979127011,4.4910097494721413e-07,0.004505209878152064,0.0008982019498944283,0
2023-08-30,0.015269629657268524,0.9847303628921509,0.003780239960178733,0.008341290056705475,0.008271644448735809,5.428381264209748e-07,0.008271101610609387,0.0010856762528419495,0
2023-08-31,0.01588568463921547,0.9841142892837524,-0.0020188400521874428,-0.0030690317507833242,-0.0030523486566174686,6.160642951726914e-07,-0.0030529647209126412,0.0012321285903453827,0
2023-09-01,0.01642848551273346,0.9835715293884277,0.002134819980710745,0.007646288722753525,0.0075557437523095725,5.427803844213486e-07,0.007555200971925151,0.0010855607688426971,0
2023-09-05,0.016735654324293137,0.9832643866539001,-0.00457561993971467,-0.016829373314976692,-0.01662429942395048,3.071557730436325e-07,-0.016624606579723526,0.000614311546087265,1
2023-09-06,0.016515672206878662,0.9834843277931213,-0.006539119873195887,-0.007811554241925478,-0.0077905391329867735,2.1996162831783296e-07,-0.007790759094615091,0.0004399232566356659,0
2023-09-07,0.016191391274333,0.9838085770606995,-0.002157399896532297,-0.03635391220450401,-0.035800221942362646,3.242651000618935e-07,-0.03580054620746271,0.0006485302001237869,0
2023-09-08,0.016065029427409172,0.9839349389076233,0.0016618799418210983,0.002110491506755352,0.002103284481934562,1.2636184692382813e-07,0.002103158120087638,0.00025272369384765625,0
2023-09-11,0.01602364331483841,0.9839763641357422,0.005839900113642216,0.017543956637382507,0.017356415141022048,4.140567034482956e-08,0.017356373735351704,8.281134068965912e-05,1
2023-09-12,0.01617613062262535,0.9838238954544067,-0.004581499844789505,-0.028393901884555817,-0.028008710099150777,1.5247799456119538e-07,-0.028008862577145337,0.00030495598912239075,0
2023-09-13,0.016011850908398628,0.9839881062507629,0.0006139400065876544,-0.0005205135094001889,-0.0005023487865404478,1.6424525529146194e-07,-0.0005025130317957392,0.0003284905105829239,0
2023-09-14,0.016379600390791893,0.9836204051971436,0.008830799721181393,0.010903187096118927,0.010869242279988834,3.6772526800632475e-07,0.010868874554720827,0.0007354505360126495,0
2023-09-15,0.017028754577040672,0.9829712510108948,-0.011324699968099594,-0.012239809148013592,-0.012224226046772903,6.491541862487793e-07,-0.012224875200959152,0.0012983083724975586,0
2023-09-18,0.01648331992328167,0.9835167527198792,0.0004857399908360094,-0.005743798334151506,-0.005641115278214059,5.454681813716888e-07,-0.0056416607463954304,0.0010909363627433777,1
2023-09-19,0.016227373853325844,0.9837726950645447,-0.0022622800897806883,-0.009733636863529682,-0.009612397034792004,2.5594420731067656e-07,-0.009612652978999315,0.0005118884146213531,0
2023-09-20,0.016036588698625565,0.9839634299278259,-0.007929399609565735,-0.018433719873428345,-0.01826526675315293,1.9076000899076462e-07,-0.01826545751316192,0.00038152001798152924,0
2023-09-21,0.015409938991069794,0.9845900535583496,-0.015508119948208332,-0.008661570027470589,-0.008767074879514745,6.266366690397263e-07,-0.008767701516183786,0.0012532733380794525,0
2023-09-22,0.014223006553947926,0.985776960849762,-0.0023726599756628275,-0.0019375394331291318,-0.0019437280923007485,1.1869198642671109e-06,-0.0019449150121650155,0.0023738397285342216,0
2023-09-25,0.013574574142694473,0.9864253997802734,0.0036601400934159756,0.011217481456696987,0.011114893473520853,6.484356708824635e-07,0.011114245037849971,0.001296871341764927,1
2023-09-26,0.013385619036853313,0.9866144061088562,-0.014132640324532986,-0.010659417137503624,-0.01070590864795377,1.8898071721196176e-07,-0.010706097628670983,0.0003779614344239235,0
2023-09-27,0.012739220634102821,0.9872608184814453,4.799999828719592e-07,-0.007065793499350548,-0.006975774958564011,6.464053876698017e-07,-0.0069764213639516804,0.0012928107753396034,0
2023-09-28,0.01256404910236597,0.9874359369277954,0.005392179824411869,0.01540600135922432,0.015280186998539252,1.751449890434742e-07,0.01528001185355021,0.0003502899780869484,0
2023-09-29,0.012655801139771938,0.9873442649841309,-0.002883119974285364,0.006848364137113094,0.006725204862244949,9.171199053525925e-08,0.006725113150254414,0.0001834239810705185,0
2023-10-02,0.012495211325585842,0.987504780292511,-0.0007886000094003975,-0.013322523795068264,-0.013165909656959452,1.6055256128311157e-07,-0.013166070209520736,0.00032110512256622314,1
2023-10-03,0.012440605089068413,0.9875593781471252,-0.013190880417823792,-0.014465071260929108,-0.014449219313352274,5.4602045565843584e-08,-0.01444927391539784,0.00010920409113168716,0
2023-10-04,0.011943978257477283,0.988055944442749,0.006522220093756914,0.00543658621609211,0.005449552583275634,4.965965636074543e-07,0.005449055986712027,0.0009931931272149086,0
2023-10-05,0.011930509470403194,0.988069474697113,-0.0002112200018018484,-0.016258426010608673,-0.016066974409935826,1.3499520719051362e-08,-0.016066987909456546,2.6999041438102722e-05,0
2023-10-06,0.011916755698621273,0.9880831837654114,0.011328320018947124,0.007478359155356884,0.007524237745707836,1.3731420040130615e-08,0.007524224014287796,2.746284008026123e-05,0
2023-10-09,0.012041480280458927,0.987958550453186,0.0063217198476195335,0.0018619305919855833,0.0019156331135862159,1.2467894703149795e-07,0.0019155084346391845,0.0002493578940629959,1
2023-10-10,0.012078802101314068,0.9879212379455566,0.004996560048311949,0.014437837526202202,0.014323798782153384,3.731716424226761e-08,0.014323761464989142,7.463432848453522e-05,0
2023-10-11,0.012274229899048805,0.9877257943153381,0.003668139921501279,-0.010192341171205044,-0.01002221468656304,1.9543571397662162e-07,-0.010022410122277017,0.00039087142795324326,0
2023-10-12,0.012660544365644455,0.9873394966125488,-0.005935980007052422,-0.023055318742990494,-0.022838579540178962,3.863060846924782e-07,-0.022838965846263656,0.0007726121693849564,0
2023-10-13,0.012673520483076572,0.987326443195343,-0.003865000093355775,0.002139867516234517,0.0020637646258628416,1.3014767318964005e-08,0.0020637516110955227,2.602953463792801e-05,0
2023-10-16,0.011983547359704971,0.9880164265632629,0.010344159789383411,0.00900243129581213,0.009018509728002017,6.899782456457615e-07,0.009017819749756371,0.001379956491291523,1
2023-10-17,0.012176983058452606,0.9878230094909668,1.52000002344721e-05,0.006976630073040724,0.0068918608050016145,1.9342638552188873e-07,0.006891667378616092,0.00038685277104377747,0
2023-10-18,0.01208515278995037,0.9879148006439209,-0.012705439701676369,-0.0015465090982615948,-0.0016813664075613736,9.181071072816849e-08,-0.0016814582182721018,0.00018362142145633698,0
2023-10-19,0.01175156980752945,0.988248348236084,-0.008546600118279457,-0.01566094160079956,-0.01557733563671894,3.3356528729200364e-07,-0.015577669202006232,0.0006671305745840073,0
2023-10-20,0.011249104514718056,0.9887508749961853,-0.011553780175745487,-0.009373626671731472,-0.009398151254299112,5.024960264563561e-07,-0.009398653750325569,0.001004992052912712,0
2023-10-23,0.010913331061601639,0.9890866279602051,-0.002437340095639229,0.00039804112748242915,0.00036709765719764725,3.357632085680962e-07,0.00036676189398907917,0.0006715264171361923,1
2023-10-24,0.010932330042123795,0.9890676140785217,0.00734063982963562,0.01903447136282921,0.01890662947341737,1.9006431102752687e-08,0.018906610466986266,3.801286220550537e-05,0
2023-10-25,0.011146830394864082,0.9888532161712646,-0.01236066035926342,-0.01747007668018341,-0.017413123696551205,2.1444912999868393e-07,-0.017413338145681204,0.00042889825999736786,0
2023-10-26,0.01102596428245306,0.9889739751815796,-0.011198120191693306,-0.025401679798960686,-0.025245070320332005,1.208125613629818e-07,-0.02524519113289337,0.0002416251227259636,0
2023-10-27,0.010894263163208961,0.989105761051178,-0.005710199940949678,-0.013847782276570797,-0.013759129648409817,1.3174349442124368e-07,-0.013759261391904238,0.00026348698884248734,0
2023-10-30,0.010705816559493542,0.989294171333313,0.01260237954556942,0.014367733150720596,0.014348833424908282,1.8842844292521476e-07,0.014348644996465357,0.00037685688585042953,1
2023-10-31,0.010845753364264965,0.9891542792320251,0.005833060014992952,-0.0012044780887663364,-0.0011281507254628635,1.3991445302963257e-07,-0.0011282906399158932,0.00027982890605926514,0
2023-11-01,0.0112059460952878,0.9887940287590027,0.009943559765815735,0.009547010995447636,0.009551454459526168,3.602216020226479e-07,0.009551094237924145,0.0007204432040452957,0
2023-11-02,0.011701327748596668,0.9882986545562744,0.018804000690579414,0.03142343461513519,0.03127576992674048,4.9537792801857e-07,0.03127527454881246,0.00099075585603714,0
2023-11-03,0.012355100363492966,0.9876448512077332,0.008661660365760326,0.01817806251347065,0.01806048552949505,6.537879817187786e-07,0.018059831741513332,0.0013075759634375572,0
2023-11-06,0.012998130172491074,0.987001895904541,0.0021133399568498135,-0.0007249611080624163,-0.0006880685202568012,6.429925560951233e-07,-0.0006887115128128964,0.0012859851121902466,1
2023-11-07,0.01339579839259386,0.9866042137145996,0.0025975999888032675,0.010926509276032448,0.010814937018679884,3.976752050220966e-07,0.010814539343474863,0.0007953504100441933,0
2023-11-08,0.013679965399205685,0.9863200783729553,0.0003788399917539209,-0.022587697952985764,-0.02227351749727453,2.841511741280556e-07,-0.02227380164844866,0.0005683023482561111,0
2023-11-09,0.01403017807751894,0.9859698414802551,-0.007455740123987198,-0.02353641949594021,-0.023310805161064197,3.502247855067253e-07,-0.023311155385849703,0.0007004495710134506,0
2023-11-10,0.01385740377008915,0.9861425757408142,0.014866280369460583,0.006503179669380188,0.0066190703993068405,1.7275428399443627e-07,0.006618897645022846,0.00034550856798887253,0
2023-11-13,0.014317292720079422,0.9856826663017273,-0.0004875200102105737,0.002079744590446353,0.002042988226444674,4.598991945385933e-07,0.0020425283272501355,0.0009197983890771866,1
2023-11-14,0.014277201145887375,0.9857227206230164,0.018449880182743073,0.028602195903658867,0.028457247012433656,4.007294774055481e-08,0.028457206939485915,8.014589548110962e-05,0
2023-11-15,0.014579749666154385,0.985420286655426,0.0026917399372905493,0.014681492000818253,0.014506684950427753,3.024912439286709e-07,0.014506382459183825,0.0006049824878573418,0
2023-11-16,0.014737646095454693,0.9852623343467712,0.0008743400103412569,0.005866450723260641,0.0057928786475695895,1.5792436897754669e-07,0.005792720723200612,0.0003158487379550934,0
2023-11-17,0.014759667217731476,0.9852403402328491,0.0010801999596878886,0.010823236778378487,0.010679432877883907,2.2007618099451066e-08,0.010679410870265808,4.401523619890213e-05,0
2023-11-20,0.015112562105059624,0.984887421131134,0.007388940081000328,0.021022293716669083,0.020816258460736137,3.529069945216179e-07,0.020815905553741614,0.0007058139890432358,1
2023-11-21,0.015531061217188835,0.9844689965248108,-0.002145159989595413,0.011176432482898235,0.010969534660047055,4.184618592262268e-07,0.010969116198187828,0.0008369237184524536,0
2023-11-22,0.015807105228304863,0.9841929078102112,0.004058820195496082,0.0028898820746690035,0.002908359640230068,2.760663628578186e-07,0.00290808357386721,0.0005521327257156372,0
2023-11-24,0.01632334478199482,0.9836766719818115,0.0011373599991202354,0.01829441823065281,0.018014357960378827,5.162376910448075e-07,0.01801384172268778,0.0010324753820896149,0
2023-11-27,0.016973529011011124,0.9830264449119568,-0.0017210800433531404,-0.01017796527594328,-0.010034421823693991,6.502056494355202e-07,-0.010035072029343428,0.0013004112988710403,1
2023-11-28,0.017136378213763237,0.9828636050224304,0.0012142800260335207,0.01068020798265934,0.010517996082009427,1.6284454613924027e-07,0.010517833237463288,0.00032568909227848053,0
2023-11-29,0.017250865697860718,0.9827491044998169,-0.0003019600117113441,0.00018311543681193143,0.00017474745993886157,1.1449400335550308e-07,0.00017463296593550606,0.00022898800671100616,0
2023-11-30,0.01710130088031292,0.9828987121582031,0.005943640135228634,0.011935262009501457,0.011832797636686558,1.495862379670143e-07,0.011832648050448591,0.0002991724759340286,0
2023-12-01,0.017082123085856438,0.982917845249176,0.006376080214977264,0.027067748829722404,0.026714290342494187,1.9155442714691163e-08,0.026714271187051473,3.8310885429382324e-05,0
2023-12-04,0.01737464778125286,0.9826253652572632,-0.004507400095462799,-0.002854185411706567,-0.002882909471757969,2.9250234365463257e-07,-0.0028832019741016237,0.0005850046873092651,1
2023-12-05,0.017140386626124382,0.9828596711158752,-0.0005238800076767802,-0.01062488742172718,-0.010451752862839253,2.3428350687026978e-07,-0.010451987146346124,0.00046856701374053955,0
2023-12-06,0.017200440168380737,0.9827995300292969,-0.0036478599067777395,-0.01855681836605072,-0.018300377165062838,6.009731441736221e-08,-0.018300437262377255,0.00012019462883472443,0
2023-12-07,0.01713734120130539,0.982862651348114,0.006560619920492172,0.03672974929213524,0.03621273035468911,6.311014294624328e-08,0.036212667244546165,0.00012622028589248657,0
2023-12-08,0.017041482031345367,0.9829584956169128,0.004166880156844854,0.0031980141066014767,0.003214524948506294,9.585171937942505e-08,0.003214429096786915,0.0001917034387588501,0
2023-12-11,0.017638009041547775,0.9823619723320007,0.003968120086938143,0.0014196381671354175,0.0014645882878362975,5.965251475572586e-07,0.0014639917626887403,0.0011930502951145172,1
2023-12-12,0.017678117379546165,0.9823218584060669,0.004593819845467806,0.012427063658833504,0.012288586354324494,4.0111131966114047e-08,0.012288546243192528,8.022226393222809e-05,0
2023-12-13,0.018207857385277748,0.981792151927948,0.01392626017332077,0.02259504608809948,0.02243720628089245,5.297232419252396e-07,0.022436676557650526,0.0010594464838504791,0
2023-12-14,0.018390778452157974,0.9816092848777771,0.003401240101084113,0.0193770918995142,0.019083284775654734,1.8289405852556229e-07,0.019083101881596207,0.00036578811705112457,0
2023-12-15,0.018238995224237442,0.9817610383033752,-0.0012805400183424354,-0.006459299474954605,-0.006364844322522873,1.5176832675933839e-07,-0.006364996090849632,0.00030353665351867676,0
2023-12-18,0.01843985542654991,0.9815601110458374,0.004781519994139671,0.002213544212281704,0.0022608972402231933,2.0089372992515564e-07,0.002260696346493268,0.0004017874598503113,1
2023-12-19,0.01824982836842537,0.9817502498626709,0.006202499847859144,0.013332108967006207,0.013201995867233312,1.9008293747901916e-07,0.013201805784295834,0.00038016587495803833,0
2023-12-20,0.018181169405579567,0.9818187952041626,-0.013615800067782402,-0.018648972734808922,-0.018557463109910226,6.860215216875076e-08,-0.018557531712062394,0.00013720430433750153,0
2023-12-21,0.01724899932742119,0.9827509522438049,0.00927031971514225,0.014473656192421913,0.014383903144083547,9.321635589003563e-07,0.014382970980524646,0.0018643271178007126,0
2023-12-22,0.016793997958302498,0.9832059741020203,0.0016096800100058317,0.01654575578868389,0.016294918900268643,4.5501161366701126e-07,0.016294463888654975,0.0009100232273340225,0
2023-12-26,0.017072590067982674,0.9829273819923401,0.004209320060908794,0.04903426766395569,0.048268988338708456,2.785921096801758e-07,0.048268709746598776,0.0005571842193603516,1
2023-12-27,0.017184074968099594,0.9828159213066101,0.0020628799684345722,0.008310919627547264,0.008203552814680824,1.1147279292345047e-07,0.0082034413418879,0.00022294558584690094,0
2023-12-28,0.01769319362938404,0.9823067784309387,0.0005345999961718917,-0.0005318867042660713,-0.0005130171337113167,5.091307684779168e-07,-0.0005135262644797947,0.0010182615369558334,0
2023-12-29,0.017931774258613586,0.9820682406425476,-0.0024502200540155172,-0.007851251401007175,-0.007754401443121988,2.3855920881032945e-07,-0.007754640002330798,0.0004771184176206589,0
2024-01-02,0.018213458359241486,0.9817865490913391,-0.0044836001470685005,-0.011472281999886036,-0.011344994019448919,2.816878259181976e-07,-0.011345275707274838,0.0005633756518363953,1
2024-01-03,0.01767834834754467,0.9823216199874878,-0.008071600459516048,-0.018841568380594254,-0.0186511725393759,5.350904539227485e-07,-0.01865170762982982,0.0010701809078454971,0
2024-01-04,0.0168196689337492,0.9831803441047668,-0.0024824601132422686,-0.004846405237913132,-0.00480664452672855,8.58701765537262e-07,-0.004807503228494088,0.001717403531074524,0
2024-01-05,0.016325971111655235,0.9836740493774414,0.0011714600259438157,0.005854451097548008,0.005777996840549273,4.937015473842621e-07,0.005777503139001889,0.0009874030947685242,0
2024-01-08,0.016680080443620682,0.9833199381828308,0.012763280421495438,0.024441367015242577,0.024246576046687243,3.541102632880211e-07,0.024246221936423954,0.0007082205265760422,1
2024-01-09,0.016985969617962837,0.9830139875411987,-0.00203683995641768,-0.00037416908890008926,-0.0004024111497106975,3.0591990798711775e-07,-0.0004027170696186846,0.0006118398159742355,0
2024-01-10,0.01739431917667389,0.9826056957244873,0.005486339796334505,0.000468097539851442,0.0005553864543417775,4.0832068771123885e-07,0.0005549781336540662,0.0008166413754224777,0
2024-01-11,0.017675599083304405,0.9823243618011475,-0.0002565000031609088,0.0013369170483201742,0.0013087523950514504,2.813069149851799e-07,0.0013084710881364652,0.0005626138299703598,0
2024-01-12,0.018054379150271416,0.9819455742835999,-3.311999898869544e-05,-0.005612846463918686,-0.005512107705397506,3.7878379225730897e-07,-0.005512486489189763,0.0007575675845146179,0
2024-01-16,0.018184343352913857,0.9818156361579895,-0.004087519831955433,-0.003792102914303541,-0.0037974747992696196,1.2995116412639617e-07,-0.003797604750433746,0.00025990232825279236,1
2024-01-17,0.017302395775914192,0.9826975464820862,-0.0050112600438296795,0.001309168292209506,0.0011998096640720582,8.81928950548172e-07,0.0011989277351215101,0.001763857901096344,0
2024-01-18,0.01627965271472931,0.9837203025817871,0.00830151978880167,0.002763928147032857,0.0028540780922796244,1.0227495804429055e-06,0.0028530553426991813,0.002045499160885811,0
2024-01-19,0.01614014059305191,0.9838598966598511,0.012144340202212334,0.005404596216976643,0.005513376833796421,1.3955309987068176e-07,0.005513237280696551,0.0002791061997413635,0
2024-01-22,0.01673179306089878,0.9832682013511658,0.0024324199184775352,0.01905921660363674,0.01878102037573335,5.916738882660866e-07,0.018780428701845084,0.0011833477765321732,1
2024-01-23,0.017038622871041298,0.9829613566398621,0.001903319964185357,-0.0080527039244771,-0.007883066823150474,3.06837260723114e-07,-0.007883373660411197,0.000613674521446228,0
2024-01-24,0.01772288791835308,0.9822770953178406,0.00044517999049276114,-0.007889306172728539,-0.007741594876345902,6.842631846666336e-07,-0.007742279139530569,0.0013685263693332672,0
2024-01-25,0.017606377601623535,0.9823936223983765,0.00559775996953249,0.004616719204932451,0.004633991779076585,1.1651869863271714e-07,0.004633875260377953,0.00023303739726543427,0
2024-01-26,0.017325900495052338,0.9826740622520447,-0.0007528599817305803,-0.008484875783324242,-0.008350911330833403,2.804584801197052e-07,-0.008351191789313523,0.0005609169602394104,0
2024-01-29,0.01749287359416485,0.9825071692466736,0.007542079780250788,0.05618486925959587,0.05533396949897302,1.669330522418022e-07,0.05533380256592078,0.00033386610448360443,1
2024-01-30,0.01724105514585972,0.9827589392662048,-7.981999806361273e-05,-0.004167947918176651,-0.004097464255972429,2.5179423391819e-07,-0.004097716050206347,0.00050358846783638,0
2024-01-31,0.017318466678261757,0.9826815724372864,-0.014840640127658844,-0.011168633587658405,-0.011232227547430987,7.73891806602478e-08,-0.011232304936611648,0.0001547783613204956,0
2024-02-01,0.016635458916425705,0.9833645224571228,0.012492739595472813,0.009587923996150494,0.009636246758123811,6.829788908362388e-07,0.009635563779232975,0.0013659577816724777,0
2024-02-02,0.016590455546975136,0.9834095239639282,0.009249179624021053,0.009260142222046852,0.009259960157819677,4.5002438127994535e-08,0.009259915155381548,9.000487625598907e-05,0
2024-02-05,0.016740644350647926,0.9832593202590942,-0.004308620002120733,-0.009638480842113495,-0.00954925519624441,1.5019625425338744e-07,-0.009549405392498662,0.0003003925085067749,1
2024-02-06,0.01684284582734108,0.983157217502594,0.00308444001711905,0.01128513552248478,0.011147013187097835,1.0215211659669876e-07,0.011146911034981237,0.00020430423319339752,0
2024-02-07,0.017349841073155403,0.982650101184845,0.00758202001452446,0.0077827139757573605,0.00777923151803616,5.070557817816734e-07,0.007778724462254379,0.0010141115635633469,0
2024-02-08,0.01781218871474266,0.982187807559967,0.0006790600018575788,0.07113033533096313,0.06987544365462567,4.6232063323259355e-07,0.06987498133399243,0.0009246412664651871,0
2024-02-09,0.018111974000930786,0.9818879961967468,0.004446099977940321,0.008223585784435272,0.008155167814637196,2.9979832470417023e-07,0.008154868016312492,0.0005995966494083405,0
2024-02-12,0.01836320012807846,0.9816368222236633,0.00028693999047391117,0.05599629133939743,0.05497329062318636,2.512000501155853e-07,0.05497303942313624,0.0005024001002311707,1
2024-02-13,0.017621798440814018,0.9823781847953796,-0.013747259974479675,-0.03582266718149185,-0.035433658204666735,7.413821294903755e-07,-0.03543439958679623,0.001482764258980751,0
2024-02-14,0.016134008765220642,0.9838660359382629,0.008143359795212746,0.02315904200077057,0.022916779887740185,1.4878204092383385e-06,0.022915292067330947,0.002975640818476677,0
2024-02-15,0.016188854351639748,0.98381108045578,0.007512900047004223,0.020773880183696747,0.020559198753400995,5.490053445100784e-08,0.020559143852866543,0.00010980106890201569,0
2024-02-16,0.016406994313001633,0.9835929870605469,-0.004755000118166208,0.0010466838721185923,0.0009514956563881505,2.1811667829751968e-07,0.000951277539709853,0.00043623335659503937,0
2024-02-20,0.016529783606529236,0.9834702610969543,-0.004747199825942516,-0.008310568518936634,-0.008251667177042524,1.2275762856006623e-07,-0.008251789934671084,0.00024551525712013245,1
2024-02-21,0.015821566805243492,0.984178364276886,0.0009108600206673145,-0.001150025287643075,-0.0011174187738024035,7.081599906086921e-07,-0.0011181269337930122,0.0014163199812173843,0
2024-02-22,0.01550452783703804,0.9844954609870911,0.019064299762248993,0.015663160011172295,0.015715892902071066,3.1706783920526506e-07,0.01571557583423186,0.0006341356784105301,0
2024-02-23,0.01575407013297081,0.9842459559440613,0.0009068999788723886,0.018805116415023804,0.018523147148415207,2.4952366948127745e-07,0.018522897624745727,0.0004990473389625549,0
2024-02-26,0.01654784381389618,0.9834521412849426,-0.0032659200951457024,0.0182301327586174,0.017874419161727925,7.937941700220108e-07,0.017873625367557905,0.0015875883400440216,1
2024-02-27,0.01688375510275364,0.9831162095069885,0.0010399000020697713,0.005153700243681669,0.0050842436654698646,3.359215334057808e-07,0.005083907743936459,0.0006718430668115616,0
2024-02-28,0.01730145886540413,0.9826985597610474,-0.0011117600370198488,-0.01105143129825592,-0.010879460690642953,4.17676754295826e-07,-0.010879878367397249,0.0008353535085916519,0
2024-02-29,0.017232341691851616,0.982767641544342,0.003109540091827512,0.009631270542740822,0.009518885693731776,6.909947842359544e-08,0.009518816594253353,0.00013819895684719086,0
2024-03-01,0.01754031330347061,0.9824596643447876,0.008325999602675438,0.01797804795205593,0.017808747598146865,3.079744055867195e-07,0.01780843962374128,0.000615948811173439,0
2024-03-04,0.01813853718340397,0.9818614721298218,-0.0013758400455117226,0.005762116052210331,0.005632644023782182,5.982080474495888e-07,0.005632045815734732,0.0011964160948991776,1
2024-03-05,0.018056800588965416,0.9819431900978088,-0.010058620013296604,-0.01273694820702076,-0.012688586050292805,8.17272812128067e-08,-0.012688667777574018,0.0001634545624256134,0
2024-03-06,0.017331227660179138,0.9826687574386597,0.00461628008633852,0.02526208385825157,0.024904266356418778,7.25570134818554e-07,0.02490354078628396,0.0014511402696371078,0
2024-03-07,0.016948901116847992,0.9830511212348938,0.008729719556868076,0.0006128402310423553,0.0007504124298112098,3.8234516978263857e-07,0.0007500300846414272,0.0007646903395652771,0
2024-03-08,0.01677662320435047,0.9832233786582947,-0.005134759936481714,-0.014779942110180855,-0.014618128550645173,1.7226766794919968e-07,-0.014618300818313123,0.00034453533589839935,0
2024-03-11,0.016640856862068176,0.983359158039093,-0.0005057600210420787,-0.0015748866135254502,-0.001557095454400143,1.3577286154031753e-07,-0.0015572312272616833,0.00027154572308063507,1
2024-03-12,0.01620808057487011,0.9837919473648071,0.009919100441038609,0.012793216854333878,0.012746633301363981,4.32782806456089e-07,0.012746200518557524,0.000865565612912178,0
2024-03-13,0.01682208478450775,0.9831779599189758,-0.0010877599706873298,0.005540153477340937,0.005428658403037986,6.139958277344704e-07,0.0054280444072102516,0.0012279916554689407,0
2024-03-14,0.01719762571156025,0.9828023314476013,-0.0021503400057554245,-0.006869387812912464,-0.006788231100719685,3.755846992135048e-07,-0.006788606685418899,0.0007511693984270096,0
2024-03-15,0.0169528741389513,0.9830471873283386,-0.00659976014867425,-0.0046240766532719135,-0.004657570451137333,2.448037266731262e-07,-0.004657815254864006,0.0004896074533462524,0
2024-03-18,0.01696915552020073,0.9830307960510254,0.005212740041315556,0.00331701198592782,0.003349180729484879,1.633632928133011e-08,0.0033491643931555974,3.267265856266022e-05,1
2024-03-19,0.016957085579633713,0.9830428957939148,0.006028419826179743,-0.0007639425457455218,-0.0006487638614873625,1.208484172821045e-08,-0.0006487759463290907,2.41696834564209e-05,0
2024-03-20,0.017297929152846336,0.9827020168304443,0.00946751981973648,0.019663596525788307,0.019487224451127258,3.408612683415413e-07,0.019486883589858915,0.0006817225366830826,0
2024-03-21,0.018094157800078392,0.9819058179855347,0.003967939876019955,0.010987077839672565,0.01086007218369236,7.962137460708618e-07,0.01085927596994629,0.0015924274921417236,0
2024-03-22,0.01864021271467209,0.9813597202301025,-0.003011999884620309,0.008141906931996346,0.007933995190377576,5.460763350129128e-07,0.007933449114042562,0.0010921526700258255,0
2024-03-25,0.018953299149870872,0.981046736240387,-0.002986560110002756,0.04079388082027435,0.03996409847011552,3.1303521245718005e-07,0.03996378543490306,0.00062607042491436,1
2024-03-26,0.018965236842632294,0.9810346961021423,-0.0015604400541633368,-0.0013577569043263793,-0.0013616007472223527,1.1988915503025056e-08,-0.0013616127361378556,2.397783100605011e-05,0
2024-03-27,0.0189396683126688,0.981060266494751,0.009049300104379654,-0.008980796672403812,-0.008639312034324907,2.5569461286067964e-08,-0.008639337603786193,5.1138922572135925e-05,0
2024-03-28,0.019350599497556686,0.9806493520736694,-6.607999966945499e-05,-0.006248238496482372,-0.006128609720785599,4.1092280298471453e-07,-0.006129020643588583,0.000821845605969429,0
2024-04-01,0.019464919343590736,0.980535089969635,-0.002526419935747981,-0.008297164924442768,-0.008184837915958764,1.1429097503423692e-07,-0.008184952206933799,0.00022858195006847382,1
2024-04-02,0.01892787031829357,0.9810721278190613,-0.006898180115967989,-0.0027643374633044004,-0.0028425822958012678,5.370434373617172e-07,-0.0028431193392386297,0.0010740868747234344,0
2024-04-03,0.01795804128050804,0.9820418953895569,0.0007310800137929618,-0.003917716909199953,-0.0038342333740433903,9.697983041405679e-07,-0.003835203172347531,0.0019395966082811356,0
2024-04-04,0.017651712521910667,0.9823482632637024,-0.01241965964436531,-0.011991563253104687,-0.011999119597166534,3.063483163714409e-07,-0.011999425945482905,0.0006126966327428818,0
2024-04-05,0.0163369569927454,0.9836630821228027,0.009890800341963768,0.014609741978347301,0.014532649403250494,1.3147871941328048e-06,0.01453133461605636,0.0026295743882656097,0
2024-04-08,0.015897832810878754,0.984102189540863,0.0005694400169886649,-0.015469437465071678,-0.015214454418156586,4.391157999634743e-07,-0.01521489353395655,0.0008782315999269485,1
2024-04-09,0.016021056100726128,0.9839788675308228,0.0008285000221803784,-0.01009929459542036,-0.00992421901352708,1.2327264994382858e-07,-0.009924342286177024,0.00024654529988765717,0
2024-04-10,0.016166185960173607,0.9838338494300842,-0.01021513994783163,-0.009810714982450008,-0.009817253338851037,1.450739800930023e-07,-0.00981739841283113,0.00029014796018600464,0
2024-04-11,0.015791187062859535,0.984208881855011,0.006202579941600561,0.01906399428844452,0.01886089860245045,3.7501566112041475e-07,0.01886052358678933,0.0007500313222408295,0
2024-04-12,0.01606491021811962,0.9839350581169128,-0.013504380360245705,-0.023270098492503166,-0.023113212370646074,2.737734466791153e-07,-0.023113486144092754,0.0005475468933582306,0
2024-04-15,0.015120996162295341,0.9848789572715759,-0.01148597989231348,-0.020266152918338776,-0.020133387011991674,9.439066052436829e-07,-0.020134330918596916,0.0018878132104873657,1
2024-04-16,0.01405799575150013,0.9859420657157898,-0.0011759999906644225,0.005500541068613529,0.005406682620870836,1.0630544275045394e-06,0.005405619566443331,0.002126108855009079,0
2024-04-17,0.01375261228531599,0.9862473607063293,-0.005105120129883289,-0.021489964798092842,-0.02126462980160724,3.05339228361845e-07,-0.021264935140835602,0.00061067845672369,0
2024-04-18,0.013608641922473907,0.9863913059234619,-0.0015016200486570597,0.06810877472162247,0.06716146823296228,1.4395778998732566e-07,0.06716132427517228,0.00028791557997465134,0
2024-04-19,0.013566658832132816,0.9864332675933838,-0.006128979846835136,-0.017670517787337303,-0.017513936379601178,4.197238013148308e-08,-0.017513978351981308,8.394476026296616e-05,0
2024-04-22,0.013349480926990509,0.9866504669189453,0.008769440464675426,0.014178561978042126,0.014106352274098032,2.1718861535191536e-07,0.014106135085482679,0.0004343772307038307,1
2024-04-23,0.013759205117821693,0.986240804195404,0.010978340171277523,0.03164946287870407,0.03136504495611552,4.096934571862221e-07,0.031364635262658334,0.0008193869143724442,0
2024-04-24,0.014468250796198845,0.9855318069458008,-0.0006605800008401275,-0.006055896170437336,-0.005977835732650371,7.090214639902115e-07,-0.005978544754114361,0.001418042927980423,0
2024-04-25,0.014715471304953098,0.9852845072746277,-0.004763260018080473,-0.000977847259491682,-0.0010335513713722005,2.4726008996367453e-07,-0.0010337986314621643,0.0004945201799273491,0
2024-04-26,0.015149903483688831,0.9848500490188599,0.008425500243902206,0.04345579072833061,0.04292508314444664,4.344452172517777e-07,0.042924648699229385,0.0008688904345035553,0
2024-04-29,0.015596792101860046,0.9844032526016235,0.003605080069974065,-0.0012241242220625281,-0.0011488041814248402,4.468425177037716e-07,-0.001149251023942544,0.0008936850354075432,1
2024-04-30,0.016047237440943718,0.9839528203010559,-0.01564875990152359,-0.009613282047212124,-0.009710135348499946,4.504388198256493e-07,-0.009710585787319771,0.0009008776396512985,0
2024-05-01,0.015763824805617332,0.9842362403869629,-0.002300739986822009,-0.017653116956353188,-0.017411105926307947,2.83416360616684e-07,-0.017411389342668563,0.0005668327212333679,0
2024-05-02,0.015774689614772797,0.9842252731323242,0.009256159886717796,0.01563870906829834,0.015538025753420573,1.0916031897068024e-08,0.015538014837388675,2.1832063794136047e-05,0
2024-05-03,0.01618546061217785,0.983814537525177,0.01230193953961134,0.008789568208158016,0.00884641753962675,4.107533022761345e-07,0.008846006786324474,0.000821506604552269,0
2024-05-06,0.017153669148683548,0.9828463196754456,0.009250059723854065,0.01707739569246769,0.01694312797009173,9.682131931185723e-07,0.01694215975689861,0.0019364263862371445,1
2024-05-07,0.017732543870806694,0.982267439365387,0.0010389200178906322,-0.00010914076119661331,-8.878272123548163e-05,5.7887751609087e-07,-8.93615987515725e-05,0.0011577550321817398,0
2024-05-08,0.018286101520061493,0.9817138910293579,0.0008852200116962194,0.060316283255815506,0.059229520350497014,5.535529926419259e-07,0.05922896679750437,0.0011071059852838516,0
2024-05-09,0.018820393830537796,0.9811796545982361,0.006347539834678173,0.007782501634210348,0.007755495464908387,5.342643707990647e-07,0.007754961200537589,0.0010685287415981293,0
2024-05-10,0.01942199096083641,0.9805780649185181,0.0015952599933370948,0.002373599447309971,0.002358482678105652,6.015934050083161e-07,0.002357881084700644,0.001203186810016632,0
2024-05-13,0.019740670919418335,0.9802592992782593,-0.00021807999291922897,0.012113600037992,0.011870164039604806,3.1872279942035675e-07,0.011869845316805386,0.0006374455988407135,1
2024-05-14,0.019069166854023933,0.9809308648109436,0.004273179918527603,0.01284896582365036,0.012685433138183273,6.715347990393639e-07,0.012684761603384234,0.0013430695980787277,0
2024-05-15,0.018895287066698074,0.9811046719551086,0.01183759979903698,0.0036044875159859657,0.0037600543883211865,1.7384346574544908e-07,0.003759880544855441,0.00034768693149089813,0
2024-05-16,0.019693568348884583,0.9803065061569214,-0.0017190600046887994,0.001970164244994521,0.0018975104018676952,7.98223540186882e-07,0.0018967121783275084,0.001596447080373764,0
2024-05-17,0.020160337910056114,0.9798396229743958,0.0017807199619710445,0.007441702298820019,0.00732757469092002,4.6682637184858325e-07,0.007327107864548171,0.0009336527436971664,0
2024-05-20,0.02062087133526802,0.9793790578842163,0.0001119599983212538,-0.001268243184313178,-0.0012397821023006394,4.605492576956749e-07,-0.001240242651558335,0.0009210985153913498,1
2024-05-21,0.02085539512336254,0.9791446328163147,0.00231890007853508,-0.0004355660348664969,-0.00037812056788716873,2.3447442799806596e-07,-0.0003783550423151668,0.0004689488559961319,0
2024-05-22,0.02133827842772007,0.9786617755889893,-0.003317659953609109,0.0005711654084734619,0.0004881846009930405,4.828702658414841e-07,0.000487701730727199,0.0009657405316829681,0
2024-05-23,0.02112150378525257,0.9788784980773926,-0.008711960166692734,-0.006355582270771265,-0.00640535252725765,2.1674856543540955e-07,-0.006405569275823086,0.0004334971308708191,0
2024-05-24,0.02051985077559948,0.9794801473617554,0.0054159401915967464,0.01334388554096222,0.013181205260581207,6.016511470079422e-07,0.0131806036094342,0.0012033022940158844,0
2024-05-28,0.02075614035129547,0.979243814945221,-0.0003667800046969205,0.01310829259455204,0.01282860151045179,2.3631099611520767e-07,0.012828365199455675,0.00047262199223041534,1
2024-05-29,0.020029500126838684,0.9799704551696777,-0.007604559883475304,-0.0076873647049069405,-0.007685705822073591,7.266402244567872e-07,-0.007686432462298048,0.0014532804489135742,0
2024-05-30,0.01855042390525341,0.9814496040344238,-0.006890859920531511,0.009365091100335121,0.00906353657957263,1.4791125431656837e-06,0.009062057467029464,0.0029582250863313675,0
2024-05-31,0.017683152109384537,0.9823169112205505,0.010323179885745049,0.0031619686633348465,0.003288601650915428,8.672894909977913e-07,0.00328773436142443,0.0017345789819955826,0
2024-06-03,0.017995964735746384,0.9820039868354797,6.908000068506226e-05,0.006221666466444731,0.006110944436065611,3.1286850571632385e-07,0.006110631567559894,0.0006257370114326477,1
2024-06-04,0.018166756257414818,0.9818331599235535,0.0015085999621078372,-0.015088916756212711,-0.014787392450774222,1.7080921679735184e-07,-0.014787563259991018,0.0003416184335947037,0
2024-06-05,0.018209651112556458,0.98179030418396,0.010219460353255272,0.015640445053577423,0.015541730114315672,4.2875297367572784e-08,0.015541687239018304,8.575059473514557e-05,0
2024-06-06,0.018696382641792297,0.9813035726547241,0.0003550400142557919,0.0014975735684856772,0.001476212257027953,4.867315292358399e-07,0.001475725525498717,0.0009734630584716797,0
2024-06-07,0.019006336107850075,0.9809936285018921,-0.0013855600263923407,-0.010393055155873299,-0.01022185530813966,3.0994880944490433e-07,-0.010222165256949104,0.0006198976188898087,0
2024-06-10,0.019052302464842796,0.980947732925415,0.002904420020058751,0.016866210848093033,0.016600207183186007,4.593096673488617e-08,0.016600161252219272,9.186193346977234e-05,1
2024-06-11,0.018849428743124008,0.9811505675315857,0.0013641800032928586,-0.003549521788954735,-0.003456901303933804,2.0285416394472124e-07,-0.0034571041580977488,0.00040570832788944244,0
2024-06-12,0.01865527406334877,0.9813446998596191,0.00660469988361001,0.011754346080124378,0.011658277712480661,1.9414350390434266e-07,0.011658083568976756,0.0003882870078086853,0
2024-06-13,0.019326094537973404,0.9806739091873169,0.0012754600029438734,-0.004272927530109882,-0.004165698884030668,6.7080557346344e-07,-0.004166369689604131,0.0013416111469268799,0
2024-06-14,0.019799504429101944,0.9802005290985107,0.0003030800144188106,-0.01477130502462387,-0.014472840166523952,4.733949899673462e-07,-0.014473313561513918,0.0009467899799346924,0
2024-06-17,0.018819794058799744,0.9811801910400391,0.007513859774917364,-0.00333285890519619,-0.003128725843759249,9.796861559152604e-07,-0.0031297055299151643,0.0019593723118305206,1
2024-06-18,0.018520934507250786,0.9814790487289429,0.0023429999127984047,0.0008003018447197974,0.0008288740411870384,2.988586202263832e-07,0.000828575182566812,0.0005977172404527664,0
2024-06-20,0.018772384151816368,0.9812275767326355,-0.0008727199747227132,-0.012110146693885326,-0.011899192928940294,2.514608204364777e-07,-0.011899444389760731,0.0005029216408729553,0
2024-06-21,0.018048282712697983,0.9819516539573669,-0.001029639970511198,-0.00290262745693326,-0.0028688230654377606,7.240893319249153e-07,-0.0028695471547696854,0.0014481786638498306,0
2024-06-24,0.017249928787350655,0.9827500581741333,-0.0014515400398522615,-0.0009940313175320625,-0.0010019232974509845,7.983790710568428e-07,-0.0010027216765220413,0.0015967581421136856,1
2024-06-25,0.016985371708869934,0.9830145835876465,0.0018054799875244498,0.0029186177998781204,0.002899710609899712,2.6454124599695204e-07,0.002899446068653715,0.0005290824919939041,0
2024-06-26,0.017208155244588852,0.9827918410301208,0.0011246999492868781,0.002599160186946392,0.0025737874365921475,2.227630466222763e-07,0.0025735646735455253,0.0004455260932445526,0
2024-06-27,0.017558202147483826,0.9824418425559998,0.0014395599719136953,-0.0005640798481181264,-0.0005288995603435938,3.5002268850803376e-07,-0.0005292495830321018,0.0007000453770160675,0
2024-06-28,0.01802261359989643,0.9819774031639099,-0.0034243399277329445,0.006181235890835524,0.006008118413073997,4.644254222512245e-07,0.006007653987651745,0.000928850844502449,0
2024-07-01,0.017582474276423454,0.9824175238609314,0.0018394800135865808,-0.006938629783689976,-0.006784288881059535,4.4013001024723054e-07,-0.006784729011069782,0.0008802600204944611,1
2024-07-02,0.017825784161686897,0.982174277305603,0.006360100116580725,0.017709506675601006,0.01750719569247206,2.432782202959061e-07,0.017506952414251764,0.00048655644059181213,0
2024-07-03,0.018143078312277794,0.9818570017814636,0.003449060022830963,0.00679011782631278,0.006729501296784304,3.1728483736515047e-07,0.006729184011946939,0.0006345696747303009,0
2024-07-05,0.018265895545482635,0.9817341566085815,0.005127639975398779,-0.005891685374081135,-0.005690407835541183,1.2283120304346086e-07,-0.005690530666744227,0.0002456624060869217,0
2024-07-08,0.017450332641601562,0.9825496673583984,0.0008364800014533103,0.004334039520472288,0.004273005943431607,8.155368268489838e-07,0.004272190406604758,0.0016310736536979675,1
2024-07-09,0.017405984923243523,0.9825940728187561,0.0005590799846686423,-0.009733580984175205,-0.009554427644567882,4.4376589357852937e-08,-0.00955447202115724,8.875317871570587e-05,0
2024-07-10,0.01726246438920498,0.9827374815940857,0.010092820040881634,-0.0004124234546907246,-0.00023107704067072167,1.4346465468406678e-07,-0.00023122050532540573,0.00028692930936813354,0
2024-07-11,0.016914397478103638,0.983085572719574,-0.006903280038386583,0.019449332728981972,0.019003593582412867,3.4807901829481126e-07,0.01900324550339457,0.0006961580365896225,0
2024-07-12,0.016675693914294243,0.9833242893218994,0.006390260066837072,0.013644583523273468,0.013523612417023493,2.3871008306741713e-07,0.013523373706940426,0.0004774201661348343,0
2024-07-15,0.016376527026295662,0.9836235046386719,0.0031722800340503454,0.008794463239610195,0.008702391682873952,2.9919110238552095e-07,0.008702092491771566,0.0005983822047710419,1
2024-07-16,0.01599780097603798,0.9840022325515747,0.008128340356051922,0.021499047055840492,0.02128514587196002,3.7872698158025744e-07,0.02128476714497844,0.0007574539631605148,0
2024-07-17,0.01575092040002346,0.9842490553855896,-0.010499839670956135,-0.01747196912765503,-0.017362151248490887,2.4685170501470566e-07,-0.0173623981001959,0.0004937034100294113,0
2024-07-18,0.014849641360342503,0.9851502776145935,-0.008578339591622353,-0.003469928167760372,-0.0035457859641746473,9.01250634342432e-07,-0.00354668721480899,0.001802501268684864,0
2024-07-19,0.013751281425356865,0.986248791217804,-0.007027999963611364,-0.0041751982644200325,-0.004214428246735948,1.0984367690980434e-06,-0.004215526683505046,0.002196873538196087,0
2024-07-22,0.012594373896718025,0.9874055981636047,0.008990240283310413,0.005254475399851799,0.005301524872775959,1.1568572372198104e-06,0.005300368015538739,0.002313714474439621,1
2024-07-23,0.012768103741109371,0.9872318506240845,-0.0015805199509486556,0.00074438052251935,0.0007146959181166954,1.7373869195580482e-07,0.0007145221794247396,0.00034747738391160965,0
2024-07-24,0.012908765114843845,0.9870911836624146,-0.020733939483761787,-0.022219225764274597,-0.022200051414421496,1.4066416770219803e-07,-0.022200192078589198,0.00028132833540439606,0
2024-07-25,0.011898204684257507,0.9881018400192261,-0.0039019400719553232,0.023412108421325684,0.023087121328199695,1.0106083936989307e-06,0.023086110719805996,0.0020212167873978615,0
2024-07-26,0.011316430754959583,0.9886835217475891,0.012103780172765255,0.017854854464530945,0.01778977198248147,5.817278288304806e-07,0.01778919025465264,0.0011634556576609612,0
2024-07-29,0.01113674882799387,0.9888632297515869,0.000278219988103956,-0.00010845706128748134,-0.0001041507337876634,1.7969496548175812e-07,-0.00010433042875314516,0.00035938993096351624,1
2024-07-30,0.011146673932671547,0.9888533353805542,-0.003310820087790489,-0.0020132651552557945,-0.0020277285957484813,9.909737855195999e-09,-0.0020277385054863367,1.9819475710391998e-05,0
2024-07-31,0.010870124213397503,0.989129900932312,0.013806279748678207,0.01194600947201252,0.011966231141381251,2.765576355159283e-07,0.011965954583745735,0.0005531152710318565,0
2024-08-01,0.011056069284677505,0.9889439344406128,-0.0139298802241683,-0.03116210363805294,-0.030971583098147872,1.8595578148961067e-07,-0.03097176905392936,0.00037191156297922134,0
2024-08-02,0.010619735345244408,0.9893802404403687,-0.01798979938030243,-0.02078327164053917,-0.020753605201186992,4.363199695944786e-07,-0.020754041521156587,0.0008726399391889572,0
2024-08-05,0.009483280591666698,0.990516722202301,-0.02855934016406536,-0.02337321639060974,-0.023422397922840545,1.1364682577550411e-06,-0.0234235343910983,0.0022729365155100822,1
2024-08-06,0.008649135939776897,0.9913508892059326,0.009026319719851017,0.016424188390374184,0.016360203631576083,8.341558277606964e-07,0.01635936947574832,0.0016683116555213928,0
2024-08-07,0.008501413278281689,0.9914985299110413,-0.006491759791970253,-0.016361333429813385,-0.01627742717593922,1.4768168330192566e-07,-0.01627757485762252,0.0002953633666038513,0
2024-08-08,0.008366381749510765,0.9916336536407471,0.022089200094342232,0.03020164556801319,0.030133774821102393,1.3507762923836708e-07,0.030133639743473155,0.00027015525847673416,0
2024-08-09,0.00846489891409874,0.9915350675582886,0.0039036599919199944,-0.007003363221883774,-0.006911036138119147,9.855162352323532e-08,-0.00691113468974267,0.00019710324704647064,0
2024-08-12,0.00850206520408392,0.9914979338645935,-0.0001980600063689053,-0.002081048907712102,-0.0020650396113561877,3.714999184012413e-08,-0.002065076761348028,7.429998368024826e-05,1
2024-08-13,0.008606079034507275,0.9913938641548157,0.015323339961469173,0.03144096955657005,0.031302258176242936,1.0404177010059357e-07,0.031302154134472834,0.00020808354020118713,0
2024-08-14,0.009014266543090343,0.9909857511520386,0.0036278599873185158,0.0030891390051692724,0.003093995234357434,4.081502556800842e-07,0.003093587084101754,0.0008163005113601685,0
2024-08-15,0.00963585451245308,0.990364134311676,0.01665976084768772,0.026496050879359245,0.026401269523555322,6.216024048626423e-07,0.02640064792115046,0.0012432048097252846,0
2024-08-16,0.010260173119604588,0.9897397756576538,0.0023647600319236517,-0.0008818674832582474,-0.0008485564777259392,6.243386305868626e-07,-0.000849180816356526,0.0012486772611737251,0
2024-08-19,0.010361921042203903,0.989638090133667,0.008888879790902138,0.029984569177031517,0.02976597764438526,1.0171672329306603e-07,0.029765875927661965,0.00020343344658613205,1
2024-08-20,0.01070332806557417,0.9892967343330383,-0.0015752400504425168,-0.001073040533810854,-0.001078415806947976,3.4138141199946403e-07,-0.0010787571883599755,0.0006827628239989281,0
2024-08-21,0.010520793497562408,0.9894792437553406,0.003007699968293309,0.026777319610118866,0.026527245347884504,1.825219951570034e-07,0.026527062825889347,0.0003650439903140068,0
2024-08-22,0.010339525528252125,0.9896605014801025,-0.007100739981979132,-0.023705992847681046,-0.023534303052032902,1.8126284703612328e-07,-0.02353448431487994,0.00036252569407224655,0
2024-08-23,0.009958717040717602,0.9900413155555725,0.010634000413119793,0.028306275606155396,0.02813028334072183,3.808112815022469e-07,0.02812990252944033,0.0007616225630044937,0
2024-08-26,0.009762533940374851,0.9902375340461731,-0.0015659000491723418,-0.0031632918398827314,-0.0031476974633711375,1.9620079547166825e-07,-0.0031478936641666094,0.0003924015909433365,1
2024-08-27,0.00978342816233635,0.9902166128158569,0.001200019964016974,0.012422658503055573,0.012312863134175123,2.0907726138830185e-08,0.012312842226448984,4.181545227766037e-05,0
2024-08-28,0.009984777309000492,0.9900152087211609,-0.0054358202032744884,-0.02867390774190426,-0.028441880212174118,2.0137662068009378e-07,-0.0284420815887948,0.00040275324136018753,0
2024-08-29,0.009682388976216316,0.9903175830841064,0.0011984399752691388,0.01894177682697773,0.018769978408616324,3.023813478648663e-07,0.01876967602726846,0.0006047626957297325,0
2024-08-30,0.009875914081931114,0.9901240468025208,0.008827979676425457,0.004220141563564539,0.0042656480117974505,1.9353069365024566e-07,0.0042654544811038,0.00038706138730049133,0
2024-09-03,0.009760514833033085,0.9902395009994507,-0.019452380016446114,-0.03811584413051605,-0.037933679715663374,1.1542672291398049e-07,-0.03793379514238629,0.00023085344582796097,1
2024-09-04,0.008861415088176727,0.9911385178565979,-0.001604020013473928,0.011828368529677391,0.011709337766016941,8.990583010017872e-07,0.01170843870771594,0.0017981166020035744,0
2024-09-05,0.008387363515794277,0.9916126728057861,-0.0028539199847728014,0.008554819971323013,0.008459131032778653,4.7410326078534127e-07,0.008458656929517867,0.0009482065215706825,0
2024-09-06,0.00827820785343647,0.9917218089103699,-0.015558839775621891,-0.022802427411079407,-0.022742463869283983,1.091458834707737e-07,-0.022742573015167453,0.0002182917669415474,0
2024-09-09,0.007684942334890366,0.9923151135444641,0.011218859814107418,0.005313249304890633,0.0053586338780072275,5.932850763201713e-07,0.005358040592930907,0.0011865701526403427,1
2024-09-10,0.007787245791405439,0.99221271276474,0.003224340034648776,-0.011782051995396614,-0.011665193043922814,1.0235211811959743e-07,-0.011665295396040934,0.00020470423623919487,0
2024-09-11,0.007865985855460167,0.9921339750289917,0.008857700042426586,0.01465737447142601,0.01461175374106999,7.873889990150928e-08,0.014611675002170088,0.00015747779980301857,0
2024-09-12,0.008090355433523655,0.9919096827507019,0.008094320073723793,0.00762338750064373,0.00762719780363832,2.2433092817664147e-07,0.007626973472710143,0.00044866185635328293,0
2024-09-13,0.00831033755093813,0.9916896820068359,0.005580480210483074,0.019848408177495003,0.019729837268127347,2.1999143064022064e-07,0.019729617276696705,0.0004399828612804413,0
2024-09-16,0.0082022650167346,0.991797685623169,0.0022695399820804596,0.0023466877173632383,0.002346054815360276,1.0803807526826858e-07,0.002345946777285008,0.00021607615053653717,1
2024-09-17,0.008214750327169895,0.9917852878570557,0.00028372000087983906,0.0033927641343325377,0.0033672242425701426,1.2441538274288177e-08,0.003367211801031868,2.4883076548576355e-05,0
2024-09-18,0.008151822723448277,0.9918482303619385,-0.002893639961257577,-0.002068445086479187,-0.0020751720386148857,6.293505430221558e-08,-0.002075234973669188,0.00012587010860443115,0
2024-09-19,0.008031774312257767,0.9919682145118713,0.016250040382146835,-0.01233132928609848,-0.01210177003757458,1.2001628056168556e-07,-0.012101890053855141,0.00024003256112337112,0
2024-09-20,0.008283082395792007,0.9917169213294983,-0.0012394400546327233,0.00769542483612895,0.007621416642711194,2.513006329536438e-07,0.00762116534207824,0.0005026012659072876,0
2024-09-23,0.008118490688502789,0.9918815493583679,0.0022803000174462795,0.0028411508537828922,0.0028365977052696553,1.646098680794239e-07,0.0028364330954015757,0.0003292197361588478,1
2024-09-24,0.00826256349682808,0.991737425327301,0.0027819799724966288,0.005447498057037592,0.005425473983731594,1.440984196960926e-07,0.005425329885311898,0.0002881968393921852,0
2024-09-25,0.008455352857708931,0.9915447235107422,-0.003092499915510416,-0.002714443951845169,-0.0027176407557158,1.9274558871984482e-07,-0.00271783350130452,0.00038549117743968964,0
2024-09-26,0.008561288937926292,0.9914387464523315,0.00432500010356307,0.005913713946938515,0.0059001127179735555,1.0595656931400299e-07,0.005900006761404242,0.00021191313862800598,0
2024-09-27,0.008634931407868862,0.9913650751113892,-0.0006211000145412982,0.0034694743808358908,0.0034341525741314227,7.365690544247627e-08,0.00343407891722598,0.00014731381088495255,0
2024-09-30,0.008019311353564262,0.9919806718826294,0.003358100075274706,0.0033952738158404827,0.0033949756511229964,6.156084127724171e-07,0.003394360042710224,0.0012312168255448341,1
2024-10-01,0.007925071753561497,0.9920749664306641,-0.008034779690206051,-0.014358898624777794,-0.01430878007672668,9.426707401871682e-08,-0.014308874343800699,0.00018853414803743362,0
2024-10-02,0.007530092261731625,0.9924699664115906,0.0005211799871176481,0.006296811159700155,0.0062533204935557056,3.949897363781929e-07,0.006252925503819328,0.0007899794727563858,0
2024-10-03,0.007368800230324268,0.992631196975708,-0.002322280080989003,-0.007564421743154526,-0.007525793427332218,1.6126129776239394e-07,-0.00752595468862998,0.0003225225955247879,0
2024-10-04,0.007123863790184259,0.9928761720657349,0.008921399712562561,0.02631995640695095,0.026196012402640557,2.449557650834322e-07,0.026195767446875472,0.0004899115301668644,0
2024-10-07,0.006828283425420523,0.9931716918945312,-0.00902829971164465,-0.009282904677093029,-0.009281165933124893,2.955500967800617e-07,-0.009281461483221672,0.0005911001935601234,1
2024-10-08,0.00655946834012866,0.993440568447113,0.008266040123999119,0.004474869463592768,0.004499737692129833,2.688458189368248e-07,0.004499468846310896,0.0005376916378736496,0
2024-10-09,0.006492799147963524,0.9935072660446167,0.0074973199516534805,0.016120964661240578,0.016064974119185112,6.668339483439923e-08,0.01606490743579028,0.00013336678966879845,0
2024-10-10,0.006485128775238991,0.993514895439148,-0.0016002400079742074,0.005191033240407705,0.005146991084541801,7.649883627891541e-09,0.005146983434658173,1.529976725578308e-05,0
2024-10-11,0.006467554252594709,0.9935324192047119,0.006635279860347509,0.058554407209157944,0.058218615882090465,1.7549144104123117e-08,0.05821859833294636,3.509828820824623e-05,0
2024-10-14,0.006236528977751732,0.9937635064125061,0.007612800225615501,0.008762475103139877,0.008755305432557457,2.310562413185835e-07,0.008755074376316138,0.000462112482637167,1
2024-10-15,0.006300903391093016,0.9936990737915039,-0.007770900148898363,-0.006802195217460394,-0.00680829877843943,6.440351717174053e-08,-0.006808363181956602,0.00012880703434348106,0
2024-10-16,0.006260600872337818,0.9937393665313721,0.004902559798210859,0.02035234495997429,0.02025561935810218,4.0297629311680793e-08,0.020255579060472866,8.059525862336159e-05,0
2024-10-17,0.006321873050183058,0.9936781525611877,0.0007935800240375102,-9.206232061842456e-05,-8.64634045054855e-05,6.12430740147829e-08,-8.652464757950029e-05,0.0001224861480295658,0
2024-10-18,0.006394007243216038,0.9936059713363647,0.003295480040833354,0.011598844081163406,0.011545752062894373,7.215770892798901e-08,0.011545679905185445,0.000144315417855978,0
2024-10-21,0.006287995260208845,0.9937120676040649,-0.002706879982724786,-0.0015712195308879018,-0.0015783606571998336,1.0605412535369397e-07,-0.0015784667113251873,0.00021210825070738792,1
2024-10-22,0.006329996045678854,0.9936700463294983,-0.0004606200091075152,0.005877799354493618,0.0058376774340589575,4.201103001832962e-08,0.005837635423028939,8.402206003665924e-05,0
2024-10-23,0.00637389998883009,0.9936261177062988,-0.009232399985194206,-0.0064215706661343575,-0.006439486724730237,4.3916283175349235e-08,-0.006439530641013412,8.783256635069847e-05,0
2024-10-24,0.006300133187323809,0.9936999082565308,0.0011893799528479576,0.0038216381799429655,0.003805054760912255,7.377867586910725e-08,0.003804980982236386,0.0001475573517382145,0
2024-10-25,0.00627895537763834,0.9937210083007812,-0.0014042999828234315,0.0016844155034050345,0.0016650215355121525,2.1138926967978477e-08,0.0016650003965851844,4.2277853935956955e-05,0
2024-10-28,0.005925850942730904,0.9940741658210754,0.0037868800573050976,0.0009678665664978325,0.0009845716364750316,3.531309776008129e-07,0.0009842185054974308,0.0007062619552016258,1
2024-10-29,0.005908799823373556,0.9940912127494812,0.000660400022752583,0.010783049277961254,0.010723236705403717,1.7049023881554606e-08,0.010723219656379835,3.409804776310921e-05,0
2024-10-30,0.00593256251886487,0.9940674304962158,-0.00279999990016222,0.03924860432744026,0.03899914807988067,2.3772474378347398e-08,0.03899912430740629,4.7544948756694794e-05,0
2024-10-31,0.0058688875287771225,0.9941311478614807,-0.017815779894590378,-0.009559120051562786,-0.009607577797844609,6.369617767632007e-08,-0.009607641494022285,0.00012739235535264015,0
2024-11-01,0.00568547286093235,0.9943144917488098,0.0046463399194180965,-0.0022668568417429924,-0.0022275519689504775,1.8337927758693696e-07,-0.0022277353482280642,0.0003667585551738739,0
2024-11-04,0.005434855818748474,0.9945651292800903,-0.002780939918011427,-0.011991137638688087,-0.011941081363332169,2.506272867321968e-07,-0.0119413319906189,0.0005012545734643936,1
2024-11-05,0.005407505203038454,0.9945924878120422,0.011745319701731205,0.052531152963638306,0.05231060299113842,2.7354573830962183e-08,0.05231057563656459,5.470914766192436e-05,0
2024-11-06,0.00546962209045887,0.9945303797721863,0.02675383910536766,0.014245906844735146,0.014314320533868934,6.211246363818646e-08,0.014314258421405296,0.0001242249272763729,0
2024-11-07,0.005881982855498791,0.9941179752349854,0.006406120024621487,0.018204115331172943,0.01813471896212489,4.123826511204243e-07,0.01813430657947377,0.0008247653022408485,0
2024-11-08,0.006276519037783146,0.993723452091217,0.0046716597862541676,0.03506188094615936,0.03487113513221522,3.9452966302633285e-07,0.03487074060255219,0.0007890593260526657,0
2024-11-11,0.006288763601332903,0.9937112331390381,0.0019674799405038357,0.00037772723590023816,0.00038772481361281914,1.2231757864356042e-08,0.0003877125818549548,2.4463515728712082e-05,1
2024-11-12,0.006442093290388584,0.993557870388031,-0.004017699975520372,-0.01792876236140728,-0.017839145348547997,1.5334622003138064e-07,-0.017839298694768028,0.0003066924400627613,0
2024-11-13,0.006584597751498222,0.993415355682373,0.0005705999792553484,-0.010244154371321201,-0.010172943087110779,1.4250958338379862e-07,-0.010173085596694163,0.0002850191667675972,0
2024-11-14,0.006813407875597477,0.9931865930557251,-0.006136060226708651,-0.024417981505393982,-0.02429341934171375,2.287863753736019e-07,-0.024293648128089124,0.0004575727507472038,0
2024-11-15,0.0068852282129228115,0.9931147694587708,-0.011705780401825905,-0.021261323243379593,-0.02119553110071426,7.182196713984013e-08,-0.0211956029226814,0.00014364393427968025,0
2024-11-18,0.006333031225949526,0.99366694688797,0.0032270599622279406,0.011445452459156513,0.01139340487235026,5.521872080862523e-07,0.011392852685142174,0.0011043744161725044,1
2024-11-19,0.006280922796577215,0.9937191009521484,0.002437480026856065,0.018249744549393654,0.018150429370096716,5.213124677538872e-08,0.018150377238849942,0.00010426249355077744,0
2024-11-20,0.006141901481896639,0.9938581585884094,0.0008809799910522997,0.004003239329904318,0.003984062961119969,1.3903947547078132e-07,0.003983923921644498,0.00027807895094156265,0
2024-11-21,0.005969364661723375,0.9940306544303894,0.006341440137475729,0.02717079594731331,0.0270464584455635,1.72516331076622e-07,0.027046285929232423,0.000345032662153244,0
2024-11-22,0.005909455008804798,0.9940904974937439,0.004259279929101467,0.011880231089890003,0.011835194857600328,5.98763581365347e-08,0.01183513498124219,0.00011975271627306938,0
2024-11-25,0.00585051579400897,0.9941495656967163,0.004568660166114569,0.011208104901015759,0.011169261638087367,5.900370888411999e-08,0.011169202634378483,0.00011800741776823997,1
2024-11-26,0.006049580872058868,0.9939504861831665,0.004812039900571108,0.14592580497264862,0.1450721356237721,1.9907229579985142e-07,0.14507193655147632,0.00039814459159970284,0
2024-11-27,0.006257326807826757,0.9937426447868347,-0.0029418000485748053,0.0016146720154210925,0.0015861606347606322,2.0779366604983806e-07,0.0015859528410945823,0.00041558733209967613,0
2024-11-29,0.00637526111677289,0.9936246871948242,0.006038660183548927,0.008165862411260605,0.008152300519530375,1.1794595047831536e-07,0.008152182573579896,0.0002358919009566307,0
2024-12-02,0.006317534018307924,0.9936825037002563,0.0009296200005337596,-0.0044254218228161335,-0.004391591330848216,5.7771801948547367e-08,-0.0043916491026501645,0.00011554360389709473,1
2024-12-03,0.006467272527515888,0.993532657623291,3.956000000471249e-05,0.02511216141283512,0.024950008312460355,1.49792293086648e-07,0.02494985852016727,0.000299584586173296,0
2024-12-04,0.0065660844556987286,0.993433952331543,0.006318000145256519,0.013607705943286419,0.013559841619949326,9.875860996544362e-08,0.01355974286133936,0.00019751721993088722,0
2024-12-05,0.006590227130800486,0.9934096932411194,-0.0022558399941772223,0.05007118731737137,0.04972633633523615,2.420088276267052e-08,0.049726312134353384,4.8401765525341034e-05,0
2024-12-06,0.006587125360965729,0.9934129118919373,0.0009448800119571388,0.01665840484201908,0.016554898504674755,3.1602103263139726e-09,0.01655489534446443,6.320420652627945e-06,0
2024-12-09,0.0065210009925067425,0.9934790134429932,-0.005056220106780529,-0.0104627450928092,-0.01042748928904425,6.611295975744725e-08,-0.010427555402004008,0.00013222591951489449,1
2024-12-10,0.006302963942289352,0.9936971068382263,-0.0031115200836211443,-0.012492549605667591,-0.012433422199077684,2.1806522272527217e-07,-0.012433640264300409,0.00043613044545054436,0
2024-12-11,0.006191757507622242,0.9938082098960876,0.005860620178282261,0.005463442299515009,0.005465901350539777,1.1115474626421929e-07,0.005465790195793513,0.00022230949252843857,0
2024-12-12,0.006252093240618706,0.9937479496002197,-0.005136619787663221,-0.013365617953240871,-0.013314170062027078,6.029801443219185e-08,-0.01331423036004151,0.0001205960288643837,0
2024-12-13,0.006212278269231319,0.9937877655029297,-0.0005311000277288258,-0.007505386136472225,-0.007462060258962447,3.981543704867363e-08,-0.007462100074399496,7.963087409734726e-05,0
2024-12-16,0.005986651871353388,0.9940133690834045,0.0030917199328541756,0.006464673671871424,0.006444481107523419,2.2561498917639256e-07,0.006444255492534243,0.0004512299783527851,1
2024-12-17,0.0058271680027246475,0.9941728711128235,-0.0045280600897967815,-0.010860712267458439,-0.010823811264139099,1.5949294902384282e-07,-0.010823970757088122,0.0003189858980476856,0
2024-12-18,0.005570709705352783,0.994429349899292,-0.029129719361662865,-0.0404779277741909,-0.04041471261212137,2.564685419201851e-07,-0.04041496908066329,0.0005129370838403702,0
2024-12-19,0.004837017506361008,0.9951629638671875,-0.00012016000255243853,-0.005343985743820667,-0.005318717907720483,7.336530834436417e-07,-0.005319451560803926,0.0014673061668872833,0
2024-12-20,0.004574396647512913,0.9954256415367126,0.012034079991281033,0.022404123097658157,0.022356687262721872,2.626492641866207e-07,0.022356424613457687,0.0005252985283732414,0
2024-12-23,0.004504125565290451,0.9954959154129028,0.005057219881564379,0.005819396581500769,0.005815963880409674,7.027247920632362e-08,0.005815893607930468,0.00014054495841264725,1
2024-12-24,0.004657987505197525,0.9953420162200928,0.010629359632730484,0.0076337773352861404,0.007647730748636464,1.538805663585663e-07,0.007647576868070105,0.00030776113271713257,0
2024-12-26,0.005035057198256254,0.9949648976325989,0.0003504999913275242,0.013458876870572567,0.013392874835283309,3.770941402763128e-07,0.013392497741143032,0.0007541882805526257,0
2024-12-27,0.005180909764021635,0.9948191046714783,-0.00996594037860632,-0.009241625666618347,-0.009245378409189396,1.4582276344299316e-07,-0.009245524231952839,0.00029164552688598633,0
2024-12-30,0.00493566133081913,0.9950643181800842,-0.0111285001039505,-0.01193150132894516,-0.01192753774238467,2.452309709042311e-07,-0.011927782973355575,0.0004904619418084621,1
2024-12-31,0.004758387804031372,0.995241641998291,-0.00309727992862463,-0.006429722066968679,-0.006413865206560593,1.7729867249727248e-07,-0.00641404250523309,0.000354597344994545,0
