date,ret_online_compound,ret_offline_compound_static,ret_5050,ret_market_only,ret_ipo_only,weight_ipo_online_compound,weight_ipo_offline_compound_static
2021-07-19,-0.0077700637751099,-8.3131265e-05,-0.007833624287741231,-0.0156708806753158,3.6320998333394527e-06,0.5040549635887146,0.9944647
2021-07-20,0.0154454540707397,0.016361594,0.01543769706040615,0.014504600316286,0.0163707938045263,0.5042738914489746,0.99507105
2021-07-21,0.0106022926730619,0.012983326,0.0105819380842149,0.0081566600129008,0.013007216155529,0.5042095184326172,0.99507457
2021-07-22,0.001369941951505,0.00089623616,0.00137400979292575,0.0018567600054666,0.0008912595803849,0.5041069388389587,0.9948455
2021-07-23,0.0056307104689085,0.0017379676,0.005663035495672351,0.0096300998702645,0.0016959711210802,0.504069447517395,0.9947069
2021-07-26,-0.0038106236497029,-0.009790063,-0.0037063695490360494,0.0024443799629807,-0.0098571190610528,0.5081437230110168,0.994549
2021-07-27,-0.0109428659643067,-0.017451994,-0.010833621723577349,-0.0041422001086175,-0.0175250433385372,0.5081616640090942,0.9945416
2021-07-28,0.0126287113642356,0.025654193,0.0124049694277346,-0.0009831199422478,0.025793058797717,0.5083635449409485,0.9948138
2021-07-29,0.0015749311374646,-0.00089212984,0.0016170903982129,0.0041527599096298,-0.000918579113204,0.5083009004592896,0.99478453
2021-07-30,-0.0072321147823809,-0.009684798,-0.0071905818767845,-0.0046695200726389,-0.0097116436809301,0.5082213878631592,0.9946759
2021-08-02,0.0080861228871943,0.01785105,0.00782789394725115,-0.0023022999521344,0.0179580878466367,0.5129804015159607,0.9947168
2021-08-03,0.0090898238185238,0.010031939,0.00906423479318615,0.0080865798518061,0.0100418897345662,0.51319819688797,0.9949102
2021-08-04,0.0173150816912264,0.03885618,0.0167329567484558,-0.005622980184853,0.0390888936817646,0.5130233764648438,0.99479526
2021-08-05,0.00586964318606,0.005232392,0.00588685227558015,0.0065482798963785,0.0052254246547818,0.5129640698432922,0.9947332
2021-08-06,-0.0006888809658279,-0.0033220956,-0.0006186512764543,0.0021144200582057,-0.0033517226111143,0.512822151184082,0.9945799
2021-08-09,0.0049106404421712,0.0104952045,0.00470718019641935,-0.0011480799876153,0.010562440380454,0.5177991390228271,0.9942585
2021-08-10,-0.0023085212190467,-0.00611585,-0.0021659639314748503,0.0018300799420103,-0.00616200780496,0.5178330540657043,0.9942246
2021-08-11,0.0042828501313128,0.0053108134,0.00424435001332305,0.0031653998885303,0.0053233001381158,0.5178487300872803,0.9942135
2021-08-12,-0.0023223763698153,-0.0068563167,-0.00215427274815735,0.0026046000421047,-0.0069131455384194,0.517640233039856,0.99402916
2021-08-13,0.0056050654504045,0.0093171615,0.0054694103891961,0.0015733999898657,0.0093654207885265,0.5174357295036316,0.9938066
2021-08-16,-0.0107491639352364,-0.022680135,-0.01015631342306735,0.0025287000462412,-0.0228413268923759,0.5231431722640991,0.9936464
2021-08-17,-0.0049289769574157,-0.0032843815,-0.00501037144567815,-0.0067582200281322,-0.0032625228632241,0.5233407616615295,0.9937471
2021-08-18,0.0035919876242454,0.016562648,0.0029304316267371004,-0.0108621995896101,0.0167230628430843,0.5240063667297363,0.9941848
2021-08-19,-0.0082127082327669,-0.016394954,-0.007772072713123651,0.0009403200238011,-0.0164844654500484,0.5252183079719543,0.994863
2021-08-20,0.0105836928123476,0.013156243,0.0104437766131013,0.0077048200182616,0.013182733207941,0.5256141424179077,0.99516416
2021-08-23,0.0154213923253641,0.021554444,0.015004123561084201,0.0083873197436332,0.0216209273785352,0.5320146679878235,0.9949763
2021-08-24,0.0163843677286999,0.029413003,0.01550591061823065,0.0014489400200545,0.0295628812164068,0.5312727093696594,0.9946689
2021-08-25,0.0020811959926237,0.0022010906,0.00207339099142695,0.0019442799966782,0.0022025019861757,0.5310578942298889,0.9945338
2021-08-26,-0.0062525783082549,-0.006588834,-0.00622995849698775,-0.0058670002035796,-0.0065929167903959,0.530785858631134,0.99437547
2021-08-27,0.0138811432625073,0.018516285,0.013566520996391749,0.0085633601993322,0.0185696817934513,0.5315152406692505,0.9946637
2021-08-30,0.0118235914681723,0.019006887,0.0112267711665481,0.0033575999550521,0.0190959423780441,0.5383560657501221,0.9943415
2021-08-31,-0.0002765048052182,0.0005892822,-0.00034809586941265,-0.0012965999776497,0.0006004082388244,0.5379519462585449,0.99413496
2021-09-01,0.0116692375888564,0.021354122,0.0108633062627632,0.0002471400075592,0.0214794725179672,0.537958025932312,0.9940963
2021-09-02,0.0081495923970043,0.012353794,0.00780226720962665,0.0031952599529176,0.0124092744663357,0.5377210378646851,0.9939786
2021-09-03,0.0035579456029633,0.0070592063,0.0032679040741641,-0.0005695199943147,0.0071053281426429,0.5378016829490662,0.99399054
2021-09-07,-0.0039060772181007,-0.0035640334,-0.00393209792673585,-0.0043046399950981,-0.0035595558583736,0.5462155342102051,0.9939908
2021-09-08,-0.0176894300062099,-0.031025764,-0.01627839211141685,-0.0013623599661514,-0.0311944242566823,0.5472642183303833,0.9943463
2021-09-09,0.0043467335428495,0.011355833,0.0036020167171954996,-0.0042384201660752,0.0114424536004662,0.5475075840950012,0.994476
2021-09-10,0.0044846800625323,0.014505125,0.0034069230314344003,-0.0078106601722538,0.0146245062351226,0.5480635166168213,0.99467885
2021-09-13,-0.0092697862236737,-0.019163853,-0.007914200192317351,0.0034481999464333,-0.019276600331068,0.5591638088226318,0.99503857
2021-09-14,-0.0042674692368983,-0.0030052082,-0.00443736719898875,-0.0058838999830186,-0.0029908344149589,0.5588383078575134,0.9950317
2021-09-15,0.0094200096086864,0.010473424,0.00927788345143195,0.0080703999847173,0.0104853669181466,0.558862566947937,0.9950546
2021-09-16,0.007546454032749,0.01472871,0.00659132696455345,-0.0016299999551847,0.0148126538842916,0.5581327676773071,0.99489474
2021-09-17,-0.0080635078661911,-0.0074129356,-0.008150149136781651,-0.0088949603959918,-0.0074053378775715,0.5582265257835388,0.99489945
2021-09-20,-0.0311780975948324,-0.041773804,-0.029408572241663898,-0.0169223994016647,-0.0418947450816631,0.570372998714447,0.99515694
2021-09-21,0.0055187367951491,0.010277134,0.0046990443370305,-0.0009286199929192,0.0103267086669802,0.5730663537979126,0.9955955
2021-09-22,0.007143087751547,0.00518794,0.00748334429226815,0.0097985602915287,0.0051681282930076,0.573408842086792,0.99572134
2021-09-23,0.0155498235652839,0.017719926,0.015182488132268149,0.0126223200932145,0.0177426561713218,0.5720129609107971,0.9955611
2021-09-24,-0.0082537676802163,-0.0155282365,-0.007049234001897301,0.001511099981144,-0.0156095679849386,0.5702527165412903,0.9952495
2021-09-27,-0.0023916346614938,-0.0026791932,-0.0023229888174681997,-0.0019631600007414,-0.002682817634195,0.5807710886001587,0.9949635
2021-09-28,-0.0291952448652846,-0.036128443,-0.027837635949254,-0.0194626003503799,-0.0362126715481281,0.5810351371765137,0.99497163
2021-09-29,-0.0047279471599835,-0.009342182,-0.0037837106501684,0.0018262800294905,-0.0093937013298273,0.5839012265205383,0.99540824
2021-09-30,-0.0053887675968027,-0.00010998696,-0.006472086908615889,-0.0128914201632142,-5.275365401757881e-05,0.584419846534729,0.9955421
2021-10-01,0.0071121313639875,0.0034387961,0.00787333201151335,0.0123467799276113,0.0033998840954154,0.5850133895874023,0.9956508
2021-10-04,-0.0243432687641226,-0.03239799,-0.022362600546330148,-0.0122373802587389,-0.0324878208339214,0.5972065329551697,0.995564
2021-10-05,0.012651312066693,0.014292856,0.012247257400304,0.0101837804540991,0.0143107343465089,0.5981300473213196,0.99566805
2021-10-06,0.0007000754658363,-0.0014498627,0.0012267844285816,0.0039272201247513,-0.0014736512675881,0.5973849892616272,0.9955954
2021-10-07,0.0147284561603675,0.018602926,0.01378599507734175,0.0089257201179862,0.0186462700366973,0.5969955921173096,0.99554104
2021-10-08,-0.0062642539643684,-0.0094258385,-0.0055050123482942,-0.0015475200489163,-0.0094625046476721,0.5957697033882141,0.9953674
2021-10-11,-0.0158882416808284,-0.02135301,-0.01433933177031575,-0.0072574601508677,-0.0214212033897638,0.608461320400238,0.9951853
2021-10-12,0.0022698689333124,0.005386935,0.0013901281636208,-0.002645059954375,0.0054253162816166,0.6090860366821289,0.9952442
2021-10-13,0.0138291884141147,0.020689812,0.011891111033037251,0.0030079600401222,0.0207742620259523,0.609087347984314,0.9952466
2021-10-14,0.015164055288122,0.014292395,0.0154086048714816,0.0165358800441026,0.0142813296988606,0.6079770922660828,0.9950923
2021-10-15,0.0020339754214306,-0.0019371683,0.0031159925274551,0.008223139680922,-0.0019911546260118,0.6057096719741821,0.9947147
2021-10-18,-0.0011955425473732,-0.00326775,-0.0005246973596513,0.0022494599688798,-0.0032988546881824,0.6185885071754456,0.9943938
2021-10-19,0.0144492054695606,0.018789664,0.0130917036440223,0.0073270997963845,0.0188563074916601,0.6178119778633118,0.99421966
2021-10-20,0.0049009195116791,0.005443424,0.0047351319808512,0.0040181800723075,0.0054520838893949,0.6165205240249634,0.99396086
2021-10-21,0.0105588884758264,0.01575415,0.0089715004432946,0.0021031000651419,0.0158399008214473,0.6156226992607117,0.9937576
2021-10-22,-0.0053926294376301,-0.008436741,-0.0044720796140609006,-0.0004551399906631,-0.0084890192374587,0.6144357323646545,0.9934928
2021-10-25,0.0091001070541951,0.011606709,0.00822888803668315,0.0048064398579299,0.0116513362154364,0.6294776201248169,0.9934802
2021-10-26,0.0021018385311228,0.0029068924,0.0018171332485508,0.0007128000142984,0.0029214664828032,0.6290825605392456,0.99340147
2021-10-27,-0.011894834157376,-0.015928647,-0.01045068423263725,-0.0049014198593795,-0.015999948605895,0.6300350427627563,0.99357563
2021-10-28,0.0118978027655977,0.01351069,0.011313240975141449,0.009088659659028,0.0135378222912549,0.6317787766456604,0.9939017
2021-10-29,0.0056924906937328,0.007733056,0.00494973326567555,0.0021323200780898,0.0077671464532613,0.6318234205245972,0.99395
2021-11-01,0.015902873342177,0.023437493,0.0127160775591619,0.0018625600496307,0.0235695950686931,0.6475330591201782,0.9939143
2021-11-02,0.0066456161526342,0.008040487,0.0060509820468723,0.0040370598435401,0.0080649042502045,0.6476631164550781,0.99393785
2021-11-03,0.0057131690349496,0.005827986,0.005665196105837799,0.0055003799498081,0.0058300122618675,0.6471354365348816,0.9938547
2021-11-04,0.005575265893344,0.00655724,0.00516774470452215,0.0037600800860673,0.006575409322977,0.6453758478164673,0.9935463
2021-11-05,-0.000211817454393,-0.0023859593,0.00069505255669355,0.0038166800513863,-0.0024265749379992,0.6452330946922302,0.99349445
2021-11-08,0.0079989284338638,0.011406361,0.00633812090381975,0.0012057200074195,0.01147052180022,0.6635841131210327,0.9937495
2021-11-09,0.0020328843085323,0.004632776,0.0007279674755409501,-0.003224000101909,0.0046799350529909,0.6653162240982056,0.9940335
2021-11-10,-0.0200186461455812,-0.026069138,-0.0169333622325211,-0.0076918401755392,-0.026174884289503,0.666842520236969,0.9942788
2021-11-11,0.0234486001926582,0.035135422,0.0173968081653584,-0.0005369400023482,0.035330556333065,0.6687803864479065,0.9945596
2021-11-12,0.0084771838766401,0.009150657,0.0081309177912771,0.0070998799055814,0.0091619556769728,0.668201744556427,0.9945208
2021-11-15,0.0108992400963116,0.015744343,0.0080473259004065,0.0002604599867481,0.0158341918140649,0.6841472387313843,0.99423075
2021-11-16,0.0293713427734159,0.041082628,0.0224465457722544,0.0035893600434064,0.0413037315011024,0.6836254596710205,0.9941374
2021-11-17,-0.0201490303558069,-0.027941555,-0.01555835106410085,-0.0030262400396168,-0.0280904620885849,0.6831371784210205,0.99405897
2021-11-18,-0.0175413092211031,-0.026637739,-0.01213682745583355,0.0025347000919282,-0.0268083550035953,0.6841481924057007,0.9941855
2021-11-19,-0.0011029059367424,-0.00031859777,-0.00157118552306195,-0.0028381200972944,-0.0003042509488295,0.685238242149353,0.994338
2021-11-22,-0.0349965402662534,-0.049094595,-0.0257586111547425,-0.0021615999285131,-0.0493556223809719,0.6955256462097168,0.99446905
2021-11-23,-0.0146760029660564,-0.021776667,-0.0099478412885219,0.0020069400779902,-0.021902622655034,0.6976625323295593,0.994732
2021-11-24,0.013913356978659,0.018880304,0.0105802686884999,0.0021944399923086,0.0189660973846912,0.6988012790679932,0.99488455
2021-11-26,-0.013857330344274,-0.010052077,-0.0164021900855004,-0.0228183399885892,-0.0099860401824116,0.6983518600463867,0.9948539
2021-11-29,0.0169368257106597,0.019210512,0.015212154015898649,0.0111779998987913,0.019246308133006,0.7159384489059448,0.99556315
2021-11-30,-0.0171804850294827,-0.016396523,-0.017781885340809753,-0.0191795397549867,-0.0163842309266328,0.7153551578521729,0.99560237
2021-12-01,-0.0361016668528327,-0.045630883,-0.02859930647537105,-0.0114248795434832,-0.0457737334072589,0.7183300256729126,0.9958412
2021-12-02,0.0103309969480992,0.008245329,0.01201297109946605,0.0158106405287981,0.008215301670134,0.7210854887962341,0.9960465
2021-12-03,-0.0288736651439566,-0.037090126,-0.02226707595400505,-0.0073268800042569,-0.0372072719037532,0.7211006283760071,0.9960795
2021-12-06,0.0193705105740839,0.021635663,0.017400157637894098,0.0131319798529148,0.0216683354228734,0.7321084141731262,0.99617237
2021-12-07,0.0370543679923902,0.0434207,0.0314926197752356,0.0194717999547719,0.0435134395956993,0.731368899345398,0.99614257
2021-12-08,0.0073166677578905,0.009170913,0.0057482217671349,0.0022971800062805,0.0091992635279893,0.7277646064758301,0.9958925
2021-12-09,-0.0265524937732817,-0.034436837,-0.02002049773000175,-0.0054763401858508,-0.0345646552741527,0.7244431972503662,0.9956059
2021-12-10,0.0033826421851814,0.0013649723,0.0050587023142725,0.0087850801646709,0.0013323244638741,0.724838376045227,0.99561936
2021-12-13,-0.0128273876244853,-0.0142605705,-0.0115717337466776,-0.0088574597612023,-0.0142860077321529,0.7302995920181274,0.9953141
2021-12-14,-0.0164718350108337,-0.020230671,-0.013188495067879499,-0.0060802600346505,-0.0202967301011085,0.7309103012084961,0.99535334
2021-12-15,0.011940769432575,0.010969992,0.0128027307800948,0.0146521003916859,0.0109533611685037,0.7325884699821472,0.99550384
2021-12-16,-0.0267836939713206,-0.03380547,-0.0206731739453971,-0.0074166199192404,-0.0339297279715538,0.7303887009620667,0.9953133
2021-12-17,-0.0015336903166959,0.0019861194,-0.0046097972663119505,-0.0112674199044704,0.0020478253718465,0.731072723865509,0.99536574
2021-12-20,-0.0180452045832727,-0.020490576,-0.0157361361198127,-0.010938280262053,-0.0205339919775724,0.7397329211235046,0.9954755
2021-12-21,0.0358350061974504,0.042136606,0.0298570739105343,0.0174690205603837,0.0422451272606849,0.741343080997467,0.99561983
2021-12-22,0.0089511441057547,0.008778124,0.00911605311557645,0.0094570200890302,0.0087750861421227,0.7403104305267334,0.9955454
2021-12-23,0.0178227289359045,0.02193174,0.0140507377218455,0.0060942000709474,0.0220072753727436,0.7372307777404785,0.9952532
2021-12-27,0.019194435933175,0.02118813,0.0173075823113322,0.0133878998458385,0.0212272647768259,0.7411953806877136,0.995008
2021-12-28,-0.0150186042340183,-0.02014809,-0.0101956754151615,-0.0001392999984091,-0.0202520508319139,0.7397212982177734,0.994831
2021-12-29,-0.006823043912634,-0.00969461,-0.0041424591909163,0.0014690799871459,-0.0097539983689785,0.7387601137161255,0.9947083
2021-12-30,0.0164724886358155,0.023146356,0.01032064016908405,-0.0026471000164747,0.0232883803546428,0.7372561693191528,0.9945239
2021-12-31,-0.0024796407015708,-0.0024942767,-0.0024658961920067,-0.0024371999315917,-0.0024945924524217,0.7371207475662231,0.9944989
2022-01-03,0.0013116490190635,-0.0002492748,0.00281671271659435,0.0059170802123844,-0.0002836547791957,0.7419453859329224,0.9944555
2022-01-04,-0.0240464951160067,-0.032553975,-0.01597098153433765,0.0008033200283534,-0.0327452830970287,0.7406729459762573,0.99429756
2022-01-05,-0.0581752346121497,-0.07207312,-0.04499074351042505,-0.0175951402634382,-0.0723863467574119,0.7406307458877563,0.99428314
2022-01-06,-0.0020577101685476,-0.0022026869,-0.00190810888307165,-0.0016104000387713,-0.002205817727372,0.7445955276489258,0.99474156
2022-01-07,-0.004777290545867,-0.0052745435,-0.0042833844199776,-0.0032820599153637,-0.0052847089245915,0.7459500432014465,0.99492395
2022-01-10,-0.011005543390662,-0.014013875,-0.00792586850002405,-0.0017751799896359,-0.0140765570104122,0.7500211000442505,0.9949045
2022-01-11,0.026956283629953,0.033010993,0.02073836792260405,0.0083415601402521,0.033135175704956,0.7508191466331482,0.99499136
2022-01-12,-0.0074787339706178,-0.010711999,-0.00417923892382535,0.0024208601098507,-0.0107793379575014,0.7498874068260193,0.9948986
2022-01-13,-0.0385492425291943,-0.047229435,-0.02979097049683325,-0.0121667403727769,-0.0474152006208896,0.7484311461448669,0.99472976
2022-01-14,-0.009459973664002,-0.012300407,-0.006524777214508451,-0.0006911599775776,-0.0123583944514393,0.7513277530670166,0.99502987
2022-01-18,-0.0416141056564659,-0.04938555,-0.033360073342919294,-0.0171735994517803,-0.0495465472340583,0.7548578977584839,0.9950269
2022-01-19,-0.0091123981412649,-0.0087382365,-0.0095131359994411,-0.0102952597662806,-0.0087310122326016,0.7585387229919434,0.9953818
2022-01-20,-0.0116893472420151,-0.0120141655,-0.01132382545620195,-0.0106273600831627,-0.0120202908292412,0.7607933878898621,0.99560225
2022-01-21,-0.0298901637968657,-0.0333493,-0.025978270918130847,-0.0185446999967098,-0.0334118418395519,0.7629765868186951,0.99579334
2022-01-24,0.0118361693938872,0.014086687,0.00918825785629445,0.0042502400465309,0.014126275666058,0.7686936855316162,0.9959914
2022-01-25,-0.0231506136100867,-0.026871063,-0.0186957567930221,-0.0104563403874635,-0.0269351731985807,0.7702440619468689,0.99610955
2022-01-26,-0.0059589469258373,-0.006864327,-0.00486218638252465,-0.0028446998912841,-0.0068796728737652,0.771501898765564,0.99619675
2022-01-27,-0.0287472013751279,-0.035916567,-0.02001903019845485,-0.0040016397833824,-0.0360364206135273,0.7724302411079407,0.9962586
2022-01-28,0.0302223945361579,0.03222866,0.0277785016223788,0.0232949201017618,0.0322620831429958,0.772551417350769,0.9962727
2022-01-31,0.0655117807327653,0.079450175,0.04825754091143605,0.016827680170536,0.0796874016523361,0.7745193243026733,0.9962262
2022-02-01,0.0315427922468984,0.038633987,0.0228821777272969,0.007007020059973,0.0387573353946208,0.7728258967399597,0.9961151
2022-02-02,-0.0256223248420312,-0.035780966,-0.013468360062688601,0.009028379805386,-0.0359650999307632,0.7700659036636353,0.99590755
2022-02-03,-0.0384448631407382,-0.043343864,-0.03263072483241555,-0.021827220916748,-0.0434342287480831,0.7690381407737732,0.99581784
2022-02-04,0.0294521131770882,0.036970012,0.0204528417671099,0.0037992999423295,0.0371063835918903,0.7702265977859497,0.99590564
2022-02-07,0.0119008250615915,0.016111858,0.00678665633313355,-0.0026160799898207,0.0161893926560878,0.7720479369163513,0.995877
2022-02-08,0.0294765777653425,0.03553988,0.02213319716975085,0.0086140995845198,0.0356522947549819,0.7716090679168701,0.9958425
2022-02-09,0.0424351332193363,0.050884053,0.0323173725046217,0.0135905602946877,0.0510441847145557,0.7701792120933533,0.99572456
2022-02-10,-0.0138553550700464,-0.012829559,-0.01505913352593775,-0.0173088200390338,-0.0128094470128417,0.7680229544639587,0.99553007
2022-02-11,-0.0428188224671297,-0.04981455,-0.0344010647386312,-0.0188551805913448,-0.0499469488859176,0.7706544399261475,0.9957416
2022-02-14,0.004737106428513,0.007065433,0.0018508348148316,-0.0034061600454151,0.0071078296750783,0.7749232649803162,0.9959676
2022-02-15,0.0343925623486768,0.03974422,0.027658413164317552,0.0154773797839879,0.0398394465446472,0.7764834761619568,0.9960913
2022-02-16,-0.0090547846278044,-0.011802533,-0.0056074934545904,0.0006366199813783,-0.0118516068905591,0.7760049700737,0.9960704
2022-02-17,-0.0358270697347641,-0.040164422,-0.03042119741439815,-0.0205995999276638,-0.0402427949011325,0.7751603126525879,0.9960102
2022-02-18,-0.0188039075639281,-0.022286197,-0.01439967425540085,-0.0064516002312302,-0.0223477482795715,0.7769502997398376,0.9961279
2022-02-22,-0.0264405637059611,-0.030645192,-0.021071523893624503,-0.0114239202812314,-0.0307191275060176,0.7781932950019836,0.9961682
2022-02-23,-0.0429390591014079,-0.05018687,-0.03363217692822215,-0.0169513206928968,-0.0503130331635475,0.7789463996887207,0.99621826
2022-02-24,0.0538305324669459,0.065207705,0.03909415611997245,0.0127853201702237,0.0654029920697212,0.7800868153572083,0.99628854
2022-02-25,0.0110590997846148,0.007884196,0.01518186926841735,0.0225338004529476,0.0078299380838871,0.7803677320480347,0.9963098
2022-02-28,0.0160738662173497,0.021294639,0.009326032246462999,-0.0027326999697834,0.0213847644627094,0.7798133492469788,0.9962631
2022-03-01,-0.024456122580625,-0.026856208,-0.0213320348411798,-0.0157667603343725,-0.0268973093479871,0.7806056141853333,0.99630713
2022-03-02,-0.0024452616650136,-0.008120644,0.005011696368455899,0.0182399395853281,-0.0082165468484163,0.7818118333816528,0.996375
2022-03-03,-0.0243626521566967,-0.029808402,-0.0172221618704497,-0.0045438399538397,-0.0299004837870597,0.7815937399864197,0.9963685
2022-03-04,-0.0269818048117497,-0.032323465,-0.0199799726251512,-0.0075461198575794,-0.032413825392723,0.7815619707107544,0.9963664
2022-03-07,-0.0426385397865056,-0.04652529,-0.03752158954739565,-0.0284524597227573,-0.046590719372034,0.7820795774459839,0.99639267
2022-03-08,0.007289349992769,0.011256148,0.0020209006033837505,-0.0072803199291229,0.0113221211358904,0.783277153968811,0.9964535
2022-03-09,0.0447767959717791,0.04994294,0.0379003165289759,0.0257720407098531,0.0500285923480987,0.7834987044334412,0.9964689
2022-03-10,-0.0186978366457395,-0.022593012,-0.01352868601679795,-0.0043995399028062,-0.0226578321307897,0.7830901145935059,0.9964498
2022-03-11,-0.037036298486794,-0.04400523,-0.0278405756689608,-0.0115590402856469,-0.0441221110522747,0.7823753356933594,0.99641067
2022-03-14,-0.030634933471443,-0.037389234,-0.0217339044902473,-0.0059651997871696,-0.037502609193325,0.7822326421737671,0.996405
2022-03-15,0.0339293543147227,0.037363563,0.029395202174782697,0.0213693603873252,0.0374210439622402,0.7824879884719849,0.99641883
2022-03-16,0.0637448057695721,0.075481,0.048314612358808504,0.0209507197141647,0.0756785050034523,0.7819541692733765,0.9963911
2022-03-17,0.0313804704697659,0.036627926,0.02456681150943035,0.0124157797545194,0.0367178432643413,0.7804361581802368,0.9962999
2022-03-18,0.0369148940119628,0.044335622,0.0273634828627109,0.0102621801197528,0.044464785605669,0.7792931795120239,0.99622357
2022-03-21,-0.0195970290831803,-0.024804315,-0.013021724007558,-0.0011466400464996,-0.0248968079686164,0.7767457365989685,0.9961056
2022-03-22,0.02582161463127,0.030031621,0.0205546007491648,0.011001699604094,0.0301075018942356,0.7757293581962585,0.9960284
2022-03-23,-0.0213323958901329,-0.023708949,-0.018379039131104898,-0.0130056198686361,-0.0237524583935737,0.7747175693511963,0.9959513
2022-03-24,0.0237555343430548,0.02646388,0.02039369894191615,0.0142738996073603,0.026513498276472,0.7746724486351013,0.995946
2022-03-25,-0.0121492289914945,-0.017024986,-0.0061721217352897,0.0047724000178277,-0.0171166434884071,0.772986888885498,0.9958127
2022-03-28,0.0018331921706614,0.0005226679,0.00341040256898845,0.006323339883238,0.0004974652547389,0.7702564597129822,0.99567395
2022-03-29,0.051693630220432,0.06346055,0.0378154711797833,0.011936480179429,0.0636944621801376,0.7681758403778076,0.9954808
2022-03-30,-0.0236070585082716,-0.029018486,-0.0173133977223187,-0.0054969401098787,-0.0291298553347587,0.7662266492843628,0.99528754
2022-03-31,-0.0251180738320147,-0.02805152,-0.0217185895889997,-0.0153247602283954,-0.028112418949604,0.7658083438873291,0.9952377
2022-04-01,0.0021485778959609,0.0019152529,0.00242335628718135,0.0029362400528043,0.0019104725215584,0.7668552994728088,0.99533975
2022-04-04,0.0176761074799644,0.020713057,0.0142180223483592,0.0076610599644482,0.0207749847322702,0.7639195322990417,0.99527776
2022-04-05,-0.0360877535483868,-0.043488793,-0.027748213149607102,-0.0118521396070718,-0.0436442866921424,0.7622623443603516,0.995109
2022-04-06,-0.0280206815729881,-0.033756692,-0.0214493651874363,-0.0090255597606301,-0.0338731706142425,0.7643795013427734,0.99531233
2022-04-07,-0.0095387732276636,-0.013819801,-0.0045675467699766,0.0047690002247691,-0.0139040937647223,0.766130268573761,0.99548584
2022-04-08,-0.0143681612566187,-0.018225538,-0.0098825759487226,-0.0014642199967056,-0.0183009319007396,0.7664008736610413,0.995522
2022-04-11,-0.0028031243154151,0.0012860483,-0.0074056920129806,-0.0161761604249477,0.0013647763989865,0.7626063823699951,0.9955117
2022-04-12,-0.0063445450511484,-0.007182725,-0.0053752403473481,-0.0035521800164133,-0.0071983006782829,0.7651482820510864,0.9957281
2022-04-13,0.0310901903672011,0.037039075,0.0242007900960743,0.0112541997805237,0.0371473804116249,0.7661070823669434,0.99581724
2022-04-14,-0.0168068684680037,-0.018585796,-0.0147645655088126,-0.0109102996066212,-0.018618831411004,0.7647666335105896,0.9957145
2022-04-18,-0.0146723815341475,-0.019278737,-0.009562317522068051,0.0002376600023126,-0.0193622950464487,0.7605004906654358,0.99573684
2022-04-19,0.0335650166102772,0.03904995,0.0275065470486879,0.0158632807433605,0.0391498133540153,0.760184109210968,0.99571157
2022-04-20,-0.0128959638882244,-0.01710527,-0.0082744277606253,0.0006340999971143,-0.0171829555183649,0.7593410015106201,0.9956398
2022-04-21,-0.032826980147277,-0.038657665,-0.02649309951812025,-0.0142183396965265,-0.038767859339714,0.7579475045204163,0.9955113
2022-04-22,-0.0195203625016778,-0.017072864,-0.0222072750329971,-0.027386799454689,-0.0170277506113052,0.7595311403274536,0.99564517
2022-04-25,0.024573782337915,0.030386696,0.01822954090312115,0.0059729600325226,0.0304861217737197,0.758837878704071,0.99594396
2022-04-26,-0.0485684285711832,-0.054951116,-0.04154643509536975,-0.0280345398932695,-0.05505833029747,0.7598089575767517,0.99603266
2022-04-27,0.0048957955529398,0.005596677,0.0041139664826914,0.0026199400890618,0.005607992876321,0.762578547000885,0.99621296
2022-04-28,0.0255654600086342,0.026014986,0.025059008039534002,0.0240958407521247,0.0260221753269433,0.7632675170898438,0.9962675
2022-04-29,-0.0336983043851323,-0.033179864,-0.034284207969903904,-0.0353968404233455,-0.0331715755164623,0.7633194327354431,0.9962759
2022-05-02,0.0170081699188532,0.020576624,0.01307041617110365,0.0055088801309466,0.0206319522112607,0.7605628371238708,0.9963415
2022-05-03,-0.0084509964554996,-0.012316259,-0.00416977074928585,0.0040364400483667,-0.0123759815469384,0.760836124420166,0.9963611
2022-05-04,0.0339284671077471,0.035135474,0.032600495032966095,0.0300467405468225,0.0351542495191097,0.760140061378479,0.99632394
2022-05-05,-0.0537742769216664,-0.059786215,-0.04724873229861255,-0.0346152782440185,-0.0598821863532066,0.7581871151924133,0.9962017
2022-05-06,-0.0202846369916725,-0.024871858,-0.0152379765640944,-0.0055323201231658,-0.024943633005023,0.7598974108695984,0.99630237
2022-05-09,-0.0798088668222025,-0.09561794,-0.0628269845619797,-0.0297931004315614,-0.095860868692398,0.7569933533668518,0.996323
2022-05-10,-0.0071487764558977,-0.009850621,-0.0042130801011808,0.0014653600519523,-0.0098915202543139,0.7583734393119812,0.9963987
2022-05-11,-0.0508972373398218,-0.06218216,-0.03863182757049795,-0.0149112995713949,-0.062352355569601,0.7585365176200867,0.99641246
2022-05-12,0.0383490137113676,0.050782755,0.024825231987051652,-0.0013195800129324,0.0509700439870357,0.758634090423584,0.99641824
2022-05-13,0.0660095385041393,0.07974708,0.05107988324016324,0.0222055595368146,0.0799542069435119,0.7585300207138062,0.9964134
2022-05-16,-0.0231770033039918,-0.02962734,-0.01637241081334645,-0.0030203000642359,-0.029724521562457,0.7546687722206116,0.99636084
2022-05-17,0.0311948411798307,0.035031527,0.02718324121087785,0.0192765202373266,0.0350899621844291,0.7537415623664856,0.99630463
2022-05-18,-0.0353585513451556,-0.034045234,-0.03671829961240285,-0.0394116416573524,-0.0340249575674533,0.7526335120201111,0.99623555
2022-05-19,0.0303358547572228,0.042125702,0.017965036444366,-0.006374480202794,0.042304553091526,0.7541617155075073,0.9963259
2022-05-20,-0.0060907391015049,-0.008159465,-0.0039204709319165,0.0003498799924273,-0.0081908218562603,0.7541018724441528,0.99632853
2022-05-23,0.0091019457046308,0.005849299,0.01242088875733315,0.0190410204231739,0.0058007570914924,0.7503901124000549,0.9963337
2022-05-24,-0.0275246956182467,-0.034607284,-0.02033132221549745,-0.0059493798762559,-0.034713264554739,0.7500724792480469,0.99631554
2022-05-25,0.0293140672995531,0.03620026,0.022306364495307148,0.0083097601309418,0.0363029688596725,0.7503455877304077,0.9963308
2022-05-26,0.0296905050900139,0.033109345,0.02622075472027055,0.0192809794098138,0.0331605300307273,0.7500138878822327,0.9963122
2022-05-27,0.0415832769951833,0.0476266,0.0354733588173985,0.0232290606945753,0.0477176569402217,0.7495206594467163,0.9962817
2022-05-31,-0.0151775225115779,-0.018416995,-0.0120401536114513,-0.0056146001443266,-0.018465707078576,0.7436774969100952,0.9962095
2022-06-01,-0.0116291687086575,-0.012986363,-0.0103213745169341,-0.0076359398663043,-0.0130068091675639,0.7434564828872681,0.9961932
2022-06-02,0.0485907944223501,0.059002493,0.0385968694463372,0.018033480271697,0.0591602586209774,0.7430136203765869,0.99616396
2022-06-03,-0.0218286498582337,-0.024058469,-0.01970017980784175,-0.0153077002614736,-0.0240926593542099,0.7421921491622925,0.996108
2022-06-06,-0.013395686477501,-0.019008739,-0.0082709467969835,0.0025516198948025,-0.0190935134887695,0.7364987134933472,0.9960834
2022-06-07,0.0156861122506146,0.017919255,0.0136522417888045,0.0093515198677778,0.0179529637098312,0.7364612817764282,0.99608105
2022-06-08,-0.008511718770469,-0.007833097,-0.00912480661645525,-0.0104268603026866,-0.0078227529302239,0.7357169389724731,0.9960278
2022-06-09,-0.0309896372376419,-0.033825256,-0.02842872682958835,-0.0229886602610349,-0.0338687933981418,0.7353402972221375,0.9959986
2022-06-10,-0.0323928512963062,-0.03373372,-0.031169980764389,-0.028585959225893,-0.033754002302885,0.7364137172698975,0.9960757
2022-06-13,-0.0512153471394361,-0.056653578,-0.04644965007901185,-0.036166738718748,-0.0567325614392757,0.7314895987510681,0.99615955
2022-06-14,0.0005007393760915,0.0018361931,-0.0006848726770840999,-0.0032246799673885,0.0018549346132203,0.7338756322860718,0.9963104
2022-06-15,0.0322889975494203,0.039013438,0.026265065651386952,0.0134231401607394,0.0391069911420345,0.7345685958862305,0.9963576
2022-06-16,-0.0524579707623477,-0.059965186,-0.0457516480237245,-0.0314331613481044,-0.0600701346993446,0.7341700792312622,0.99633527
2022-06-17,0.0096631880897689,0.012577488,0.00704231945564965,0.0014668599469587,0.0126177789643406,0.7351214289665222,0.99638677
2022-06-21,0.0388401599846891,0.04412169,0.03439706098288295,0.02460159920156,0.0441925227642059,0.7271981835365295,0.9963844
2022-06-22,-0.007982143097041,-0.010240158,-0.006079047976527301,-0.0018875199602916,-0.010270575992763,0.7269923090934753,0.9963715
2022-06-23,0.0197944738717599,0.02369321,0.0165216214954853,0.0092971995472908,0.0237460434436798,0.7265440821647644,0.99634343
2022-06-24,0.026059619432559,0.02425005,0.02757773920893665,0.0309299994260072,0.0242254789918661,0.726412832736969,0.9963349
2022-06-27,-0.0107788069879353,-0.013610157,-0.00857866322621695,-0.0035095000639557,-0.0136478263884782,0.7159838676452637,0.9962845
2022-06-28,-0.0298547021595915,-0.03386574,-0.02677437569946045,-0.0196294803172349,-0.033919271081686,0.7155295014381409,0.99625385
2022-06-29,-0.0104757854470893,-0.014478663,-0.0073930888611357,-0.0002543799928389,-0.0145317977294325,0.7158889770507812,0.99627835
2022-06-30,-0.0138572063534582,-0.016168218,-0.01207755319774145,-0.0079562403261661,-0.0161988660693168,0.7159063816070557,0.9962817
2022-07-01,0.0114114512567453,0.011789909,0.011119894217699749,0.0104448804631829,0.0117949079722166,0.7161268591880798,0.9962967
2022-07-05,0.0257156275645236,0.036043383,0.01853235744056285,0.0008889199816621,0.0361757948994636,0.7039138674736023,0.9962476
2022-07-06,0.0160846830594242,0.02144402,0.01234434428624805,0.0031759398989379,0.0215127486735582,0.7039836049079895,0.9962519
2022-07-07,0.037403055369741,0.046996996,0.0307272733189165,0.0143338600173592,0.0471206866204738,0.7036226987838745,0.9962275
2022-07-08,0.0071588148066627,0.010541425,0.004814755928237001,-0.0009558399906381,0.0105853518471121,0.7031450867652893,0.9961939
2022-07-11,-0.0345133441144907,-0.044919025,-0.02771597774699325,-0.010378380306065,-0.0450535751879215,0.6958183646202087,0.9961196
2022-07-12,-0.0048020797159003,-0.0033136844,-0.00577487307600675,-0.0082551799714565,-0.003294566180557,0.6961753964424133,0.9961461
2022-07-13,0.0045628652015415,0.008929758,0.00169475493021305,-0.0055958000011742,0.0089853098616003,0.6967390775680542,0.9961902
2022-07-14,-0.0011464305382403,-0.0004440978,-0.00160789502842815,-0.002780620008707,-0.0004351700481493,0.6967560052871704,0.9961935
2022-07-15,0.0240672647554513,0.026066521,0.022755549289286102,0.0194191001355648,0.0260919984430074,0.6965972781181335,0.996182
2022-07-18,0.00415408306512,0.009559432,0.0008500684052705999,-0.0079279597848653,0.0096280965954065,0.6886506676673889,0.99608886
2022-07-19,0.0217604290574432,0.019655185,0.02305326517671345,0.0264781005680561,0.0196284297853708,0.6887324452400208,0.99609405
2022-07-20,0.0408966074755579,0.056690816,0.03123768698424095,0.0055822599679231,0.0568931140005588,0.6882525682449341,0.9960574
2022-07-21,0.0089571912766548,0.008807451,0.009049292653799,0.0092930803075432,0.0088055050000548,0.687639594078064,0.99600804
2022-07-22,-0.0156585052047145,-0.018939044,-0.013674221001565401,-0.0083662997931241,-0.0189821422100067,0.686842143535614,0.9959403
2022-07-25,-0.0030752811026868,-0.0052005104,-0.0018620122573338499,0.0015040800208225,-0.0052281045354902,0.6790637969970703,0.99590117
2022-07-26,-0.0205954154797984,-0.025043957,-0.01808214932680125,-0.0110627599060535,-0.025101538747549,0.6790199875831604,0.9958984
2022-07-27,0.0385530363153588,0.04540535,0.034659404307603794,0.0238259807229042,0.0454928278923034,0.6797376871109009,0.99596256
2022-07-28,0.0633627854076193,0.08728306,0.049838059116154854,0.0120844403281807,0.087591677904129,0.6791263818740845,0.99591273
2022-07-29,0.0967504349658343,0.13556966,0.07496604416519399,0.0138530600816011,0.1360790282487869,0.6782377362251282,0.9958326
2022-08-01,0.100494859149736,0.15094656,0.0744200663175434,-0.0027675000019371,0.1516076326370239,0.6689654588699341,0.9957177
2022-08-02,0.291417696072356,0.43713334,0.2157089957036078,-0.0076044602319598,0.4390224516391754,0.6695134043693542,0.9957703
2022-08-03,-0.0253426574683418,-0.045000263,-0.01506046298891305,0.0151298996061086,-0.0452508255839347,0.6702767014503479,0.9958503
2022-08-04,-0.0303664967667767,-0.044685572,-0.022932323336135547,-0.0009931599488481,-0.044871486723423,0.6694071888923645,0.99576294
2022-08-05,-0.0165614073822551,-0.02414668,-0.01264861546223975,-0.0010504600359126,-0.0242467708885669,0.6686489582061768,0.995685
2022-08-08,-0.0001329251535645,0.00017243107,-0.00026438507484275,-0.0007050600252114,0.0001762898755259,0.6595178246498108,0.99562174
2022-08-09,-0.0565345561435755,-0.08356732,-0.0437283876817673,-0.0035357601009309,-0.0839210152626037,0.6593073010444641,0.9956
2022-08-10,0.0272866780254343,0.030935181,0.02555494569241995,0.0201272200793027,0.0309826713055372,0.6595487594604492,0.9956252
2022-08-11,-0.0171394743087317,-0.026073197,-0.01295910506451035,0.000275580008747,-0.0261937901377677,0.6578688621520996,0.99544406
2022-08-12,0.0268949505099354,0.03243948,0.024309470318257746,0.0161040592938661,0.0325148813426494,0.657565712928772,0.99540544
2022-08-15,0.0258686484671755,0.03750281,0.0209298618137836,0.0041998401284217,0.0376598834991455,0.647891640663147,0.9953057
2022-08-16,0.040508682932132,0.06069795,0.03191723662894215,0.0028635000344365,0.0609709732234478,0.6478550434112549,0.99530137
2022-08-17,-0.0240644637593896,-0.033425853,-0.0200924046803265,-0.0066314400173723,-0.0335533693432807,0.6475277543067932,0.9952636
2022-08-18,0.008862955362054,0.012234351,0.0074321103747933505,0.0025839800946414,0.0122802406549453,0.6475711464881897,0.99526715
2022-08-19,-0.0002622987662946,0.006341526,-0.0030555517878383,-0.0125432200729846,0.006432116497308,0.6472228169441223,0.9952259
2022-08-22,-0.018980796199357,-0.018160822,-0.01928947679698465,-0.0204287990927696,-0.0181501545011997,0.6390523910522461,0.9953181
2022-08-23,-0.0008495177337181,0.0002764035,-0.0012956229766132002,-0.0028816000558435,0.0002903541026171,0.6413716673851013,0.9956019
2022-08-24,0.0272621302007437,0.04058224,0.0218889291863888,0.0030350401066243,0.0407428182661533,0.6425264477729797,0.9957415
2022-08-25,0.005486027268182,0.0011495827,0.007234672375489,0.0133720804005861,0.0010972643503919,0.6424519419670105,0.9957378
2022-08-26,-0.0384067199981916,-0.041232493,-0.037272550165653145,-0.033278040587902,-0.0412670597434043,0.6418967247009277,0.99567324
2022-08-29,-0.0173677775650171,-0.02357952,-0.01504628336988385,-0.0064419000409543,-0.0236506666988134,0.6344702839851379,0.9958657
2022-08-30,-0.0257678306283098,-0.03430563,-0.02255917619913815,-0.0107173603028059,-0.0344009920954704,0.6354389190673828,0.9959734
2022-08-31,0.0115378858325291,0.022369586,0.007448496297001849,-0.0075920801609754,0.0224890727549791,0.6359626650810242,0.9960278
2022-09-01,0.0055901532443427,0.0068423455,0.00511665816884485,0.0033772198949009,0.0068560964427888,0.6361634731292725,0.9960472
2022-09-02,-0.0225907872860617,-0.029417831,-0.02000614022836085,-0.0105195203796029,-0.0294927600771188,0.636222779750824,0.9960508
2022-09-06,-0.0101800699766893,-0.01381367,-0.008920706342905699,-0.0039888201281428,-0.0138525925576686,0.626711368560791,0.99605393
2022-09-07,0.0076547145188855,0.0020940884,0.00957398302853105,0.0171125195920467,0.0020354464650154,0.627260684967041,0.9961105
2022-09-08,0.0346796411472629,0.051319845,0.0289720587898045,0.0064463601447641,0.0514977574348449,0.6267028450965881,0.9960509
2022-09-09,0.0219079227809878,0.025976988,0.0205225180834531,0.0150237996131181,0.0260212365537881,0.6260358095169067,0.9959764
2022-09-12,0.0056424100262497,0.0029082822,0.0064855531090870005,0.0100924400612711,0.0028786661569029,0.6154060363769531,0.99589455
2022-09-13,-0.0253840937737627,-0.014638411,-0.028649965301156,-0.0427768602967262,-0.0145230703055858,0.6155974268913269,0.9959176
2022-09-14,0.1669233871414068,0.26751697,0.13594038772862405,0.0033197400625795,0.2685610353946686,0.6168152093887329,0.99606377
2022-09-15,-0.02490543078819,-0.033886217,-0.02213451033458105,-0.0102901002392172,-0.0339789204299449,0.6169652938842773,0.9960867
2022-09-16,-0.0205085512981269,-0.028745241,-0.017960894387215348,-0.0070919198915362,-0.0288298688828945,0.6171883344650269,0.9961069
2022-09-19,0.0063886797826357,0.0056380522,0.0066083124838769,0.0075861602090299,0.0056304647587239,0.6071932911872864,0.9961205
2022-09-20,-0.0153403980387361,-0.017974325,-0.014615003950893801,-0.0112293399870395,-0.0180006679147481,0.6071158647537231,0.99610955
2022-09-21,-0.0168506948955654,-0.016525075,-0.0169402677565813,-0.0173586793243885,-0.0165218561887741,0.6075091361999512,0.9961551
2022-09-22,-0.0143968161070458,-0.018701183,-0.01320031774230295,-0.0076573197729885,-0.0187433157116174,0.6078941226005554,0.9961994
2022-09-23,-0.0227738316581831,-0.026761085,-0.0216652182862162,-0.0165303591638803,-0.0268000774085521,0.6079448461532593,0.9962031
2022-09-26,-0.0065487934460809,-0.004222872,-0.0071118818596005,-0.0100226001814007,-0.0042011635378003,0.5983712077140808,0.9962709
2022-09-27,0.007740583883509,0.014845372,0.00597207830287515,-0.0029666400514543,0.0149107966572046,0.5989566445350647,0.9963404
2022-09-28,0.0284191173529788,0.034335706,0.0269396910443902,0.0194896999746561,0.0343896821141243,0.5993144512176514,0.9963775
2022-09-29,-0.0310516821571839,-0.038461316,-0.02920007612556215,-0.0198709201067686,-0.0385292321443557,0.5992332100868225,0.9963601
2022-09-30,-0.0089433422400477,-0.0044663083,-0.01006528013385825,-0.0157050192356109,-0.0044255410321056,0.5994899868965149,0.9963857
2022-10-03,0.0241392484245547,0.022637121,0.024482570588588652,0.0263414196670055,0.0226237215101718,0.589719831943512,0.9963953
2022-10-04,0.0325351717743486,0.033933982,0.03222713991999625,0.0305078402161598,0.0339464396238327,0.5896121859550476,0.99637645
2022-10-05,-0.0028700710700618,-0.0033897534,-0.00275563844479615,-0.0021168598905205,-0.0033944169990718,0.5894248485565186,0.9963497
2022-10-06,-0.0108798314013979,-0.011089866,-0.01083357119932765,-0.0105753801763057,-0.0110917622223496,0.5892543196678162,0.9963272
2022-10-07,-0.0188773473004623,-0.013519873,-0.020055305212736102,-0.0266386792063713,-0.0134719312191009,0.5894818902015686,0.9963587
2022-10-10,-0.0094655770353567,-0.011300742,-0.0090989673044532,-0.0068811601959168,-0.0113167744129896,0.5806633234024048,0.99638546
2022-10-11,-0.0049448519320247,-0.004912436,-0.0049509089440107,-0.0049896598793566,-0.0049121580086648,0.5808740854263306,0.9964139
2022-10-12,0.0017120909328786,0.004926443,0.0010847576195374,-0.0027844600845128,0.0049539753235876,0.5810958743095398,0.99644214
2022-10-13,0.025171762839274,0.023997499,0.025401636958122198,0.0268157999962568,0.0239874739199876,0.581228494644165,0.99645543
2022-10-14,-0.0186035374437371,-0.016943522,-0.0189280100166797,-0.0209267195314168,-0.0169293005019426,0.5811821222305298,0.9964426
2022-10-17,0.0219665943536926,0.020302743,0.022268952801823547,0.0242492593824863,0.0202886462211608,0.5747062563896179,0.9964407
2022-10-18,0.0194781162664916,0.025211146,0.018463338259607498,0.0116670196875929,0.0252596568316221,0.5746598839759827,0.9964311
2022-10-19,-0.0063141538724633,-0.0061992332,-0.00633432832546525,-0.0064703999087214,-0.0061982567422091,0.574546754360199,0.9964133
2022-10-20,-0.0100563280867987,-0.011940254,-0.0097235215362161,-0.0074907601810991,-0.0119562828913331,0.5745226740837097,0.99641055
2022-10-21,0.0319974145796863,0.037484795,0.031029879115521852,0.0245280805975198,0.0375316776335239,0.5744136571884155,0.9963947
2022-10-24,0.0099124085877571,0.008027208,0.0102300066500902,0.0124488603323698,0.0080111529678106,0.570740282535553,0.9963819
2022-10-25,0.0187940504478035,0.021579202,0.0183314466848969,0.0150600001215934,0.0216028932482004,0.5707080960273743,0.9963791
2022-10-26,0.0027980669234275,0.009545097,0.0016815012786537496,-0.0062399799935519,0.0096029825508594,0.5704907774925232,0.9963463
2022-10-27,-8.419994119228868e-05,0.002247072,-0.00046777387615295,-0.0032028600107878,0.0022673122584819,0.5701781511306763,0.9962999
2022-10-28,0.0229113342993264,0.02204545,0.02305376715958115,0.0240696407854557,0.0220378935337066,0.5700314044952393,0.99628097
2022-10-31,-0.0037316130208634,-0.001597691,-0.004068553156685,-0.006558259949088,-0.001578846364282,0.5680621862411499,0.9962155
2022-11-01,0.0042952992407254,0.0106609035,0.0032869619317352997,-0.0041436199098825,0.0107175437733531,0.5678638219833374,0.9961887
2022-11-02,-0.0192815593922894,-0.016200652,-0.01976830791682,-0.0233635008335113,-0.0161731150001287,0.567715048789978,0.99617
2022-11-03,-0.0145113799524228,-0.018462067,-0.0138878333382308,-0.009278199635446,-0.0184974670410156,0.5676254034042358,0.99616027
2022-11-04,0.0189995118300025,0.022622075,0.01842992147430775,0.0142050804570317,0.0226547624915838,0.5674324631690979,0.9961314
2022-11-07,0.003941526697509,-0.00076669024,0.004705473635112849,0.0102208396419882,-0.0008098923717625,0.5691046118736267,0.9960835
2022-11-08,0.0040653101802463,0.0024423862,0.0043272582115605005,0.0062271398492157,0.0024273765739053,0.5688786506652832,0.9960498
2022-11-09,-0.0144538542137326,-0.01002857,-0.015169173013418899,-0.0203503593802452,-0.0099879866465926,0.5690465569496155,0.9960835
2022-11-10,0.0460091852437836,0.041773483,0.046696122735738754,0.0516573004424572,0.0417349450290203,0.5692145228385925,0.99611604
2022-11-11,0.0077273871245646,0.007358496,0.00778730516321955,0.0082195596769452,0.0073550506494939,0.5686115026473999,0.99601513
2022-11-14,-0.0138185210529312,-0.018075125,-0.0130842230282723,-0.0080521395429968,-0.0181163065135478,0.5725684762001038,0.99590826
2022-11-15,0.0121437391460828,0.015776083,0.01152030401863155,0.007229580078274,0.0158110279589891,0.5726598501205444,0.99592775
2022-11-16,-0.0134632381990265,-0.018730314,-0.01255556405521925,-0.0063306600786745,-0.018780468031764,0.5728883147239685,0.9959716
2022-11-17,0.0103337115599434,0.019808305,0.00870270852465185,-0.0024931801017373,0.019898597151041,0.572841465473175,0.9959676
2022-11-18,-0.0031002050984716,-0.008913506,-0.0021006758324802,0.0047677000984549,-0.0089690517634153,0.5727570056915283,0.99595636
2022-11-21,-0.0150369718718698,-0.023591943,-0.01341415627393865,-0.0031523399520665,-0.0236759725958108,0.5787772536277771,0.99590576
2022-11-22,0.0210947156723019,0.026851302,0.0200158320367336,0.0131229199469089,0.0269087441265583,0.5782953500747681,0.9958332
2022-11-23,0.0025147646972085,0.0002167433,0.0029417771656880497,0.0056903599761426,0.0001931943552335,0.5775415301322937,0.99571615
2022-11-25,0.0045754133349526,0.00743382,0.00405336328549305,0.0006427000043913,0.0074640265665948,0.5766611099243164,0.99557173
2022-11-28,-0.0325935953378162,-0.044356033,-0.030102815479040097,-0.0157204791903495,-0.0444851517677307,0.5862579941749573,0.9955112
2022-11-29,0.0005602243021784,0.0019360771,0.0002684167120606,-0.0014139800332486,0.0019508134573698,0.5869207382202148,0.9956204
2022-11-30,0.0283928265382905,0.027336914,0.02861763257533305,0.0299096200615167,0.0273256450891494,0.5869781970977783,0.9956392
2022-12-01,0.0030219898824154,0.0061856615,0.00235589139629155,-0.0015083800535649,0.006220162846148,0.5862774848937988,0.99553585
2022-12-02,0.0081528448057703,0.014404067,0.006850103207398201,-0.0007738400017842,0.0144740464165806,0.5854892134666443,0.9954105
2022-12-05,-0.0217239694514138,-0.02470421,-0.02097504585981365,-0.0172101408243179,-0.0247399508953094,0.5978230834007263,0.99525344
2022-12-06,-0.0206706998213415,-0.025284365,-0.0195242068730294,-0.0137101197615265,-0.0253382939845323,0.5985349416732788,0.9953622
2022-12-07,-0.0133765499732564,-0.02127909,-0.01138693362008775,-0.00140544003807,-0.0213684272021055,0.5996113419532776,0.99552476
2022-12-08,0.0106516908135986,0.012725063,0.0101262829266488,0.0075046001002192,0.0127479657530784,0.6003441214561462,0.99563205
2022-12-09,-0.0091000526375713,-0.009975781,-0.00887710344977675,-0.0077688000164926,-0.0099854068830609,0.6005074977874756,0.9956572
2022-12-12,0.0168067036737795,0.018161632,0.01640823250636455,0.0146396597847342,0.0181768052279949,0.6174405217170715,0.9957106
2022-12-13,0.0094078787009005,0.010977179,0.0089153654407709,0.0068363198079168,0.010994411073625,0.6187657117843628,0.99585575
2022-12-14,-0.0058395062852165,-0.005691321,-0.00588505761697885,-0.0060804397799074,-0.0056896754540503,0.6181487441062927,0.9957891
2022-12-15,-0.0265409183093421,-0.02810757,-0.02605509106069795,-0.0239846408367156,-0.0281255412846803,0.6170614957809448,0.99565965
2022-12-16,-0.0154838262822335,-0.018042369,-0.014686417765915349,-0.011301539838314,-0.0180712956935167,0.6176961064338684,0.9957272
2022-12-19,0.0028897215725458,0.008942759,0.0005954680964351004,-0.0078235398977994,0.0090144760906696,0.6374261379241943,0.9957408
2022-12-20,0.0124819594880658,0.018560471,0.010152240865863799,0.0016716599930077,0.0186328217387199,0.6373599767684937,0.9957344
2022-12-21,0.0275787722524194,0.03460414,0.0249054683372378,0.0151219200342893,0.0346890166401863,0.636658251285553,0.9956624
2022-12-22,-0.0149282474829556,-0.015736049,-0.0146232186816632,-0.0135002797469496,-0.0157461576163768,0.63514244556427,0.9954993
2022-12-23,0.0167384225725107,0.023021635,0.014362783171236449,0.0056269001215696,0.0230986662209033,0.6360204219818115,0.99559104
2022-12-27,-0.0065458011981155,-0.008343765,-0.005681577255018,-0.0029953999910503,-0.0083677545189857,0.6569662094116211,0.99553454
2022-12-28,-0.015300695157166,-0.016870067,-0.01456975191831585,-0.0122488997876644,-0.0168906040489673,0.657383382320404,0.9955753
2022-12-29,0.0268592209808216,0.032088917,0.0244142767041921,0.01667195931077,0.0321565940976142,0.6579301357269287,0.99562943
2022-12-30,-0.0026556894966796,-0.0027066497,-0.0026314188726246,-0.0025555200409144,-0.0027073177043348,0.6575798392295837,0.9955996
2023-01-03,-0.021542648971671,-0.02984256,-0.0167353601427748,-0.0035119599197059,-0.0299587603658437,0.6808906197547913,0.99560624
2023-01-04,0.0064314053746596,0.006144437,0.00659958319738505,0.0070586800575256,0.0061404863372445,0.6819775700569153,0.9956975
2023-01-05,0.0145880116234599,0.026450368,0.007723644841462401,-0.0111664002761244,0.0266136899590492,0.6817000508308411,0.99567705
2023-01-06,0.0095481090973638,0.003516141,0.0130489211296662,0.0226643402129411,0.0034335020463913,0.6820246577262878,0.9957028
2023-01-09,0.0125954414156342,0.018201001,0.0086453581461683,-0.0009948599617928,0.0182855762541294,0.7061251997947693,0.99561346
2023-01-10,0.0147556178818736,0.018015184,0.01242823107168075,0.0067921401932835,0.018064321950078,0.7065054774284363,0.99564075
2023-01-11,0.0123972025382996,0.012677229,0.012201617937534999,0.0117217199876904,0.0126815158873796,0.7051692008972168,0.99553347
2023-01-12,0.0053902346070417,0.0058917934,0.005035937065258549,0.0041723600588738,0.0058995140716433,0.7051467299461365,0.99552983
2023-01-13,0.0070021335956595,0.008372051,0.0060615249676629,0.0037289799656718,0.008394069969654,0.7022483944892883,0.9952799
2023-01-17,-0.0088388670112819,-0.01076425,-0.0071690742624923,-0.0035382199566811,-0.0107999285683035,0.726592481136322,0.9950867
2023-01-18,-0.0191078199483585,-0.020168325,-0.018209478817880098,-0.0162313394248485,-0.0201876182109117,0.7269715070724487,0.99512297
2023-01-19,0.0011207551697761,0.0041857786,-0.0014971366617828503,-0.0072346399538218,0.0042403666302561,0.7282499670982361,0.9952429
2023-01-20,0.0266807881344355,0.030188788,0.0236670188605785,0.0170835200697183,0.0302505176514387,0.7289406061172485,0.99531174
2023-01-23,0.0115986547925355,0.0117645115,0.0114774955436587,0.0111877396702766,0.0117672514170408,0.7563222646713257,0.99527305
2023-01-24,0.0076779023490137,0.010228128,0.004948380446876399,-0.0003819800040218,0.0102787408977746,0.756060004234314,0.9952524
2023-01-25,0.0023719879662307,0.002992451,0.001714977537631,0.0004250399942975,0.0030049150809645,0.7550565004348755,0.9951687
2023-01-26,0.0078055271563206,0.0070741437,0.00857985974289475,0.0101004401221871,0.0070592793636024,0.7544022798538208,0.99511236
2023-01-27,-0.0056373335636149,-0.008089735,-0.0030615736031904496,0.002017020015046,-0.0081401672214269,0.7535011768341064,0.9950348
2023-01-30,-0.0039201002393928,-0.0017728155,-0.0066815093159675,-0.011640160344541,-0.001722858287394,0.7812406420707703,0.9949627
2023-01-31,0.0237960631720105,0.026434373,0.0202824361622333,0.0140697602182626,0.026495112106204,0.7829135060310364,0.99511164
2023-02-01,0.0059443983089333,0.005187428,0.0069530073087662,0.0087360199540853,0.0051699946634471,0.7828090786933899,0.9951113
2023-02-02,0.0185714389706955,0.020462662,0.0161059866659343,0.0117043601348996,0.020507613196969,0.7803417444229126,0.99489367
2023-02-03,-0.0002791939756108,0.0022471738,-0.0035876730689779,-0.0094823995605111,0.0023070534225553,0.780657172203064,0.9949209
2023-02-06,-0.0052188163737537,-0.0051715663,-0.0052237724885344,-0.0052765198051929,-0.0051710251718759,0.8082164525985718,0.9948683
2023-02-07,0.018587123156653,0.020019237,0.01619960553944105,0.012341359630227,0.0200578514486551,0.809581458568573,0.9949961
2023-02-08,-0.0075335079319271,-0.0069488864,-0.00850327103398735,-0.0100735202431678,-0.0069330218248069,0.8089832663536072,0.9949485
2023-02-09,-0.0054683304733423,-0.0048094075,-0.0065706607419997,-0.0083494996652007,-0.0047918218187987,0.8101826310157776,0.995057
2023-02-10,-0.0021179425355192,-0.0032236064,-0.0002287512179464,0.002794980071485,-0.0032524825073778,0.8120802640914917,0.9952251
2023-02-13,0.0207504839250001,0.022477657,0.017092375550419,0.0116558400914072,0.0225289110094308,0.8389044404029846,0.99528605
2023-02-14,0.0044880101232771,0.005531993,0.00222265522461385,-0.0011180799920111,0.0055633904412388,0.839076042175293,0.9953009
2023-02-15,0.0031892297515686,0.0032387893,0.0030885611195117,0.0029368600808084,0.003240262158215,0.8373821377754211,0.995145
2023-02-16,-0.0292591100200148,-0.03225441,-0.022944571916013897,-0.0135402204468846,-0.0323489233851432,0.8356311917304993,0.99497485
2023-02-17,-0.0027156362212421,-0.0029847943,-0.00213339086621995,-0.0012736399658024,-0.0029931417666375,0.8375164270401001,0.9951455
2023-02-21,-0.027212827610663,-0.028271507,-0.024253225885331547,-0.0201960001140832,-0.0283104516565799,0.8617461919784546,0.99520075
2023-02-22,-0.0012821628922248,-0.0012417434,-0.0013835644931531501,-0.0015266799600794,-0.0012404490262269,0.8647462725639343,0.9954781
2023-02-23,0.0143783883797007,0.015789313,0.010412638774141648,0.0049878000281751,0.0158374775201082,0.8655960559844971,0.99556065
2023-02-24,-0.0234022355023793,-0.02531853,-0.01803519111126655,-0.0106859598308801,-0.025384422391653,0.8651101589202881,0.9955171
2023-02-27,0.0074709184879568,0.008007269,0.00566844723653045,0.0033086200710386,0.0080282744020223,0.8864233493804932,0.99554944
2023-02-28,0.0106989127866508,0.01256422,0.004123993916437,-0.0043927798978984,0.0126407677307724,0.8860217928886414,0.99550605
2023-03-01,0.0031900400778736,0.003946456,0.0005346100078895502,-0.0029084600973874,0.0039776801131665,0.88567054271698,0.9954657
2023-03-02,-0.0011910766456237,-0.0023664609,0.0029277540743351004,0.0082707395777106,-0.0024152314290404,0.8854193091392517,0.995436
2023-03-03,0.0343806959719914,0.03679,0.0260481759905815,0.0152047798037529,0.0368915721774101,0.8842737674713135,0.99531627
2023-03-06,0.0077683951193477,0.008512692,0.00468589604133735,0.0008213400142267,0.008550452068448,0.900977909564972,0.99511445
2023-03-07,-0.0076963604584107,-0.0068538515,-0.011252131778746802,-0.0156945791095495,-0.0068096844479441,0.9002822637557983,0.99502903
2023-03-08,-0.0120027407818915,-0.013374805,-0.00615786790149285,0.0011303400387987,-0.0134460758417844,0.9009366035461426,0.9951106
2023-03-09,-0.0270603461488231,-0.028000284,-0.0230713346973061,-0.0180934201925992,-0.028049249202013,0.9006413817405701,0.9950818
2023-03-10,-0.0336329891968448,-0.035657905,-0.024728653021156698,-0.013698199763894,-0.0357591062784194,0.903495728969574,0.99541265
2023-03-13,-0.0155757431681463,-0.016676653,-0.009211243013851301,-0.0016807799693197,-0.0167417060583829,0.9213951230049132,0.9956807
2023-03-14,0.0172539868702668,0.017397538,0.0164313884451985,0.0154571998864412,0.0174055770039558,0.923041045665741,0.99587375
2023-03-15,-0.0289137951285095,-0.030680247,-0.01869469764642415,-0.0066087800078094,-0.0307806152850389,0.9227570295333862,0.9958477
2023-03-16,0.0149184852151983,0.014798015,0.01563395233824845,0.0164767000824213,0.0147912045940756,0.9238410592079164,0.995959
2023-03-17,-0.018854537795279,-0.0194169,-0.015583712607622102,-0.0117185600101947,-0.0194488652050495,0.923009753227234,0.995865
2023-03-20,-0.0054229013912651,-0.0063869073,0.0017895749770104495,0.0100327003747224,-0.0064535504207015,0.9366565346717834,0.9959577
2023-03-21,0.0331230079433993,0.03442361,0.023567060008645,0.0126216001808643,0.0345125198364257,0.9365313649177552,0.99593854
2023-03-22,-0.02205503406376,-0.022381837,-0.01969530992209905,-0.0169858001172542,-0.0224048197269439,0.9352079033851624,0.9957587
2023-03-23,-0.0036577433084772,-0.0040623043,-0.0007516467012465,0.0025874399580061,-0.0040907333604991,0.9351555705070496,0.995743
2023-03-24,-0.0116980758742787,-0.012856022,-0.00336305727250875,0.0062111797742545,-0.012937294319272,0.9352773427963256,0.9957557
2023-03-27,0.0223621748862751,0.023525083,0.01313001778908065,0.0026447200216352,0.0236153155565261,0.9404916167259216,0.99569714
2023-03-28,0.0010663915692264,0.0012567843,-0.00042333110468460006,-0.0021184599027037,0.0012717976933345,0.939658522605896,0.9955716
2023-03-29,0.0225814778585048,0.023115575,0.0184475006535649,0.0137365199625492,0.0231584813445806,0.9388459324836732,0.9954461
2023-03-30,0.0073831546139042,0.0074953455,0.00653798342682415,0.0055714999325573,0.007504466921091,0.9377878308296204,0.99528116
2023-03-31,0.0196537238115844,0.020015258,0.01693592127412555,0.0138266198337078,0.0200452227145433,0.9371469020843506,0.9951815
2023-04-03,-0.0115697312428391,-0.01240579,-0.00379298022016885,0.0049053998664021,-0.0124913603067398,0.9464861154556274,0.9950813
2023-04-04,-0.0216853776523383,-0.022517243,-0.01410361076705155,-0.0056050601415336,-0.0226021613925695,0.946035861968994,0.995004
2023-04-05,-0.0071349684751372,-0.0074174358,-0.0045593151589855,-0.0016724599990993,-0.0074461703188717,0.9460906982421876,0.99502325
2023-04-06,0.0123577162149063,0.012829148,0.008059405372478,0.003241840051487,0.012876970693469,0.9461102485656738,0.99503666
2023-04-10,0.0153716207821763,0.016036589,0.008760971599258401,0.0014110200572758,0.016110923141241,0.9499695301055908,0.9949432
2023-04-11,0.0132064432257007,0.013796026,0.0072931075992528,0.0007242200081236,0.013861995190382,0.9501126408576964,0.9949786
2023-04-12,-0.0083129335857452,-0.00853975,-0.0060311720008030005,-0.0034972999710589,-0.0085650440305471,0.950228989124298,0.99500895
2023-04-13,0.0117533984945527,0.011699301,0.012297969777137,0.0129026602953672,0.0116932792589068,0.950261890888214,0.99502075
2023-04-14,-0.0033518474598124,-0.0033767272,-0.00309600925538685,-0.0028123599477112,-0.0033796585630625,0.9493255615234376,0.9948329
2023-04-17,0.0105844427106015,0.010901931,0.00722890300676225,0.0035158200189471,0.0109419859945774,0.9522469639778136,0.9946062
2023-04-18,0.0020511111588993,0.002122958,0.0013016272714593499,0.0004711000074166,0.0021321545355021,0.9515994787216188,0.9944634
2023-04-19,0.009944205700966,0.010422724,0.0049586876993999,-0.0005677000153809,0.0104850754141807,0.9511091709136964,0.99435884
2023-04-20,-0.0074281790880151,-0.007538052,-0.00628982018679375,-0.0050269798375666,-0.0075526605360209,0.9504544138908386,0.9942162
2023-04-21,0.0044629195211063,0.0046300744,0.0027362464752513503,0.0008205599733628,0.0046519329771399,0.95074200630188,0.9942948
2023-04-24,0.0056012181713995,0.0057899496,0.0035062822280450996,0.0011960000265389,0.0058165644295513,0.9541264176368712,0.9942399
2023-04-25,-0.0311594016454037,-0.031846527,-0.02338954759761685,-0.0148339597508311,-0.0319451354444026,0.9540778994560242,0.99423707
2023-04-26,-0.0098291368263405,-0.01003579,-0.00740779889747495,-0.0047509800642728,-0.0100646177306771,0.9554293751716614,0.9945747
2023-04-27,-0.0006224621592577,-0.0014219417,0.0088159765582532,0.0191628001630306,-0.0015308470465242,0.956072211265564,0.9947372
2023-04-28,0.015676515581693,0.015973207,0.012259677052497801,0.0085049401968717,0.0160144139081239,0.9551292657852172,0.99451256
2023-05-01,0.0071078610815708,0.0074315937,0.00315032294020055,-0.0011819000355899,0.007482545915991,0.9569683074951172,0.9941194
2023-05-02,-0.0305928265768908,-0.031357873,-0.02127110492438075,-0.0110617000609636,-0.0314805097877979,0.956503450870514,0.99399394
2023-05-03,6.864103119705295e-05,0.00034452026,-0.0033579927985556497,-0.0071032200939953,0.000387234496884,0.9576151371002196,0.99429756
2023-05-04,-0.0055009159382477,-0.0054321205,-0.0063638240098953,-0.0073058400303125,-0.0054218079894781,0.9584592580795288,0.9945261
2023-05-05,0.0073302497898781,0.0069379914,0.012497365009039599,0.0181143004447221,0.0068804295733571,0.9598360657691956,0.9948761
2023-05-08,0.026534791413038,0.027445927,0.013770612720691123,-5.375999899115413e-05,0.0275949854403734,0.9617231488227844,0.9946089
2023-05-09,-0.0008690073124725,-0.0007656313,-0.0022925101802684,-0.0038365400396287,-0.0007484803209081,0.9611542224884032,0.9944459
2023-05-10,-0.0011397466875327,-0.0013055287,0.0011739269248209998,0.0036809199955314,-0.0013330661458894,0.961395800113678,0.99450785
2023-05-11,-0.0033436098566725,-0.0033694066,-0.0029813672881573,-0.0025889200624078,-0.0033738145139068,0.9609506130218506,0.99438417
2023-05-12,0.0134073949083233,0.013916442,0.00642902817344295,-0.001144399982877,0.0140024563297629,0.9607285261154176,0.99432135
2023-05-15,0.0304619140607583,0.03133992,0.0173191664507612,0.0031369801145046,0.0315013527870178,0.963450014591217,0.99430865
2023-05-16,-0.0164791371953588,-0.0167722,-0.0120753550436347,-0.0073245200328528,-0.0168261900544166,0.9634722471237184,0.9943177
2023-05-17,0.0110758564150761,0.011038563,0.01165339350700375,0.0122750801965594,0.0110317068174481,0.9640374779701232,0.9944857
2023-05-18,-0.0024717200515536,-0.002827482,0.00289306486956775,0.0086789997294545,-0.002892869990319,0.9635648727416992,0.9943494
2023-05-19,0.0095310182210754,0.009901348,0.0040825291071087,-0.0018058200366795,0.0099708782508969,0.962721586227417,0.9940959
2023-05-22,-0.0233737165823165,-0.024054522,-0.0122779317607637,-0.0003618799964897,-0.0241939835250377,0.9654662609100342,0.99414814
2023-05-23,-0.0028503303826751,-0.0026262174,-0.006511059822514599,-0.0104410797357559,-0.0025810399092733,0.9657790660858154,0.99425226
2023-05-24,0.009923674056049,0.0104225855,0.0015819086693227005,-0.0073564201593399,0.0105202374979853,0.9666792750358582,0.9945374
2023-05-25,-0.0003077075937913,-0.00050998444,0.00320499201188795,0.0069584599696099,-0.000548475945834,0.9677804708480836,0.9948725
2023-05-26,0.0028404363947784,0.0025764506,0.00742178573273115,0.0123168602585792,0.0025267112068831,0.9679388403892516,0.99491936
2023-05-30,-0.0107405827993656,-0.010994659,-0.00545737197535345,0.000138360002893,-0.0110531039535999,0.9717357754707336,0.9947777
2023-05-31,-0.0200179706508838,-0.020375574,-0.0127748309168964,-0.0050915800966322,-0.0204580817371606,0.971332848072052,0.9946307
2023-06-01,0.0172888564017746,0.017497705,0.013056113850325301,0.0085664400830864,0.0175457876175642,0.97139310836792,0.99464536
2023-06-02,0.0106765268433653,0.010552045,0.013128858990967199,0.0157361198216676,0.0105215981602668,0.9700268507003784,0.9941612
2023-06-05,-0.0113982172609461,-0.011606882,-0.0071344793541356505,-0.0026039599906653,-0.011664998717606,0.9705045819282532,0.9935861
2023-06-06,0.0058997535264001,0.005999727,0.00391725567169485,0.001806559972465,0.0060279513709247,0.9697986245155334,0.9933141
2023-06-07,-0.001962565686738,-0.001952943,-0.00212525308597825,-0.0023000598885118,-0.0019504462834447,0.9686421751976012,0.9928584
2023-06-08,-0.0001124583651823,-0.0002631769,0.00276351060892925,0.0058356998488307,-0.0003086786309722,0.9679529070854188,0.99259454
2023-06-09,-0.0024631349026086,-0.002570794,-0.0004442486097104999,0.0017155200475826,-0.0026040172670036,0.9672137498855592,0.9923086
2023-06-12,0.0134870013973127,0.013609949,0.01104870764538645,0.0084470398724079,0.013650375418365,0.9689325094223022,0.9922306
2023-06-13,0.003203085851845,0.003134138,0.00464147888123985,0.0061712600290775,0.0031116977334022,0.9698352217674256,0.9926656
2023-06-14,0.0017711634652505,0.0018170999,0.0008262954870588001,-0.0001791599934222,0.0018317509675398,0.9699056148529052,0.9927142
2023-06-15,0.0135254387168295,0.0135514075,0.01301303692162035,0.0124663999304175,0.0135596739128232,0.9692683815956116,0.9924396
2023-06-16,0.0044852378098992,0.004671147,0.0007017916068434997,-0.0033274800516664,0.0047310632653534,0.9695271849632264,0.9925649
2023-06-20,-0.004992593492856,-0.0049782023,-0.0052673802711069,-0.0055611399002373,-0.0049736206419765,0.9721206426620485,0.992201
2023-06-21,0.0077360218469943,0.007994525,0.0016744146123528498,-0.0047461800277233,0.008095009252429,0.972049593925476,0.9921748
2023-06-22,0.0046287134442484,0.004665681,0.0037963232025503496,0.0029124999418854,0.0046801464632153,0.9713174104690552,0.9918167
2023-06-23,-0.0094048941411048,-0.009448214,-0.0084108763840049,-0.0073555200360715,-0.0094662327319383,0.9705991744995116,0.99146324
2023-06-26,0.0064459973063606,0.0066281566,0.0016759822610765498,-0.0033611399121582,0.0067131044343113,0.9738042950630188,0.9915678
2023-06-27,0.0042307358787994,0.0041263076,0.00709179323166605,0.0101054804399609,0.0040781060233712,0.9745529890060424,0.99200296
2023-06-28,-0.007132959611247,-0.0072625806,-0.003613623488490673,9.485999908065423e-05,-0.007322106976062,0.974489450454712,0.9919743
2023-06-29,0.0092901746530916,0.009375728,0.0069958767853677,0.0045763999223709,0.0094153536483645,0.9741923809051514,0.99181104
2023-06-30,0.0110902741144814,0.011090222,0.01109314616769545,0.0110961198806762,0.0110901724547147,0.9741411209106444,0.99178594
2023-07-03,-0.0079813303189458,-0.00813097,-0.0035739815211855,0.0010590200545266,-0.0082069830968976,0.9755005240440368,0.9917966
2023-07-05,-0.0170168528115072,-0.017269863,-0.009637881070375401,-0.0018784999847412,-0.0173972621560096,0.9754862189292908,0.99179065
2023-07-06,-0.0025560507602022,-0.002460779,-0.005357650341466001,-0.0083011602982878,-0.0024141403846442,0.975977897644043,0.99207765
2023-07-07,-0.0019582776322828,-0.0019400915,-0.00247884681448335,-0.003025579964742,-0.0019321136642247,0.9770829677581788,0.9927043
2023-07-10,0.0120104010457754,0.012141202,0.00771418923977755,0.0032223800662904,0.0122059984132647,0.9783706665039062,0.9927872
2023-07-11,-0.0037867267442212,-0.003941683,0.0014130240306258002,0.006844560150057,-0.0040185120888054,0.9786383509635924,0.9929275
2023-07-12,0.0211928390054488,0.021398025,0.0143087687902152,0.0071177398785948,0.0214997977018356,0.9786581993103028,0.99292374
2023-07-13,0.0008662980205061,0.000780547,0.0036978693096897997,0.0066602597944438,0.0007354788249358,0.9777701497077942,0.99239326
2023-07-14,-0.0116535200156034,-0.011831525,-0.0058914057299262,0.0001434400037396,-0.011926251463592,0.9773705005645752,0.99215174
2023-07-17,0.0026624198607055,0.0026568656,0.0029270241502671497,0.003201639978215,0.0026524083223193,0.9789307117462158,0.99188447
2023-07-18,0.0059924593962239,0.005965446,0.0069915407802909,0.0080347200855612,0.0059483614750206,0.9788018465042114,0.99181116
2023-07-19,0.0028132173388923,0.0028190494,0.0026088947197422,0.0023951800540089,0.0028226093854755,0.978569746017456,0.99167085
2023-07-20,-0.0112062035862597,-0.01129467,-0.00794848729856305,-0.0045467200689017,-0.0113502545282244,0.9787940979003906,0.99183017
2023-07-21,-0.0080125393374438,-0.008118091,-0.004097352843928079,-1.1340000128257088e-05,-0.0081833656877279,0.9790632724761964,0.99201244
2023-07-24,0.0088540094430975,0.008906696,0.00679545570164915,0.0046495199203491,0.0089413914829492,0.9798153638839722,0.991916
2023-07-25,0.0162543809030762,0.016425367,0.00945207546465095,0.0023656799457967,0.0165384709835052,0.97996586561203,0.9920197
2023-07-26,-0.0039554540019452,-0.0040113665,-0.0017247732612304498,0.0005987799959257,-0.0040483265183866,0.9800062775611876,0.9920467
2023-07-27,-0.0057338154011533,-0.0057213944,-0.0062032332643866,-0.0066931801848113,-0.0057132863439619,0.9795331358909608,0.99172544
2023-07-28,0.0113378868978977,0.011368349,0.01014406327158205,0.0089002596214413,0.0113878669217228,0.980160653591156,0.99215394
2023-07-31,-0.0004762064295586,-0.00050575385,0.00079374786582775,0.0021147800143808,-0.0005272842827253,0.9805282950401306,0.9918509
2023-08-01,-0.0001805632026381,-0.00015922831,-0.00108588074363065,-0.0020278799347579,-0.0001438815525034,0.9805317521095276,0.9918542
2023-08-02,-0.0073353181792617,-0.0072682714,-0.0101881602313369,-0.0131555404514074,-0.0072207800112664,0.980734646320343,0.99199766
2023-08-03,0.0002660819136907,0.00030054996,-0.0012052501697325999,-0.0027328000869601,0.0003222997474949,0.9820191860198976,0.9928808
2023-08-04,-0.0170371038617252,-0.017173832,-0.0108275406528264,-0.0043941200710833,-0.0172609612345695,0.9825599789619446,0.9932284
2023-08-07,0.0005241713137724,0.00043947328,0.00478989584371445,0.0091957403346896,0.0003840513527393,0.983941614627838,0.9937104
2023-08-08,-0.0067455426719061,-0.006768965,-0.00558133260346945,-0.0043783402070403,-0.0067843249998986,0.9838375449180604,0.993616
2023-08-09,-0.0013978800991026,-0.0013486518,-0.0038427433464676,-0.0063689202070236,-0.0013165664859116,0.98392254114151,0.9936494
2023-08-10,0.0006693828613031,0.00067005,0.00063874581246635,0.0006070400122553,0.0006704516126774,0.9839751720428468,0.99366546
2023-08-11,0.0113055093487631,0.0114158,0.005788927755929717,8.96600031410344e-05,0.0114881955087184,0.9839730262756348,0.9936487
2023-08-14,-0.0157997922719705,-0.015992615,-0.005748772760853199,0.0046334997750818,-0.0161310452967882,0.9840437769889832,0.9933334
2023-08-15,0.0004284842048334,0.0005410422,-0.0053818239830434505,-0.0113867400214076,0.0006230920553207,0.9838150143623352,0.9931681
2023-08-16,-0.0124918588027474,-0.012542817,-0.00977168930694455,-0.0069645000621676,-0.0125788785517215,0.9843968749046326,0.99357694
2023-08-17,-0.0082878755879598,-0.008293345,-0.007974143372848599,-0.0076509597711265,-0.0082973269745707,0.9847820401191713,0.9938385
2023-08-18,0.0067576904009784,0.006812867,0.003770277777221,0.0006919599836692,0.0068485955707728,0.98532235622406,0.99419665
2023-08-21,-0.0003288079175806,-0.00037462742,0.00234697357518595,0.0051001999527215,-0.0004062528023496,0.9858413934707642,0.9942567
2023-08-22,0.0205549004961142,0.020756388,0.0088898714166135,-0.0031143599189817,0.0208941027522087,0.9858728647232056,0.99426395
2023-08-23,0.0033938279485822,0.0033366953,0.0067060700384899505,0.010114699602127,0.0032974404748529,0.9858593344688416,0.99424183
2023-08-24,-0.0058005263899738,-0.005735291,-0.00951867783442135,-0.0133479796350002,-0.0056893760338425,0.985529899597168,0.9940048
2023-08-25,-0.0180255708665259,-0.018239077,-0.0056513661984354,0.0070847398601472,-0.018387472257018,0.9857823848724364,0.9941743
2023-08-28,0.0093617608111181,0.009386711,0.0078815368469804,0.0063577401451766,0.0094053335487842,0.9857223033905028,0.9938896
2023-08-29,0.004505209878152,0.0044310456,0.0088706763926893,0.0133681604638695,0.0043731923215091,0.9852731823921204,0.99356836
2023-08-30,0.0082711016106093,0.008310184,0.00606076500844205,0.0037802399601787,0.0083412900567054,0.9847303628921508,0.99318004
2023-08-31,-0.0030529647209126,-0.0030614054,-0.0025439359014853497,-0.0020188400521874,-0.0030690317507833,0.9841142892837524,0.99273807
2023-09-01,0.0075552009719251,0.0076041333,0.0048905543517321,0.0021348199807107,0.0076462887227535,0.9835715293884276,0.99235135
2023-09-05,-0.0166246065797235,-0.016729968,-0.0107024966273456,-0.0045756199397146,-0.0168293733149766,0.9832643866539,0.99188787
2023-09-06,-0.007790759094615,-0.0078014936,-0.0071753370575606,-0.0065391198731958,-0.0078115542419254,0.9834843277931212,0.99209315
2023-09-07,-0.0358005462074627,-0.036092892,-0.0192556560505181,-0.0021573998965322,-0.036353912204504,0.9838085770606996,0.9923671
2023-09-08,0.0021031581200876,0.0021071155,0.0018861857242881501,0.001661879941821,0.0021104915067553,0.9839349389076232,0.99247485
2023-09-11,0.0173563737353517,0.017453685,0.011691928375512351,0.0058399001136422,0.0175439566373825,0.9839763641357422,0.99228716
2023-09-12,-0.0280088625771453,-0.028207563,-0.01648770086467265,-0.0045814998447895,-0.0283939018845558,0.9838238954544068,0.9921747
2023-09-13,-0.0005025130317957,-0.0005117892,4.671324859375001e-05,0.0006139400065876,-0.0005205135094001,0.9839881062507628,0.9923097
2023-09-14,0.0108688745547208,0.010886661,0.0098669934086501,0.0088307997211813,0.0109031870961189,0.9836204051971436,0.99202615
2023-09-15,-0.0122248752009591,-0.01223205,-0.0117822545580565,-0.0113246999680995,-0.0122398091480135,0.9829712510108948,0.9915216
2023-09-18,-0.0056416607463954,-0.0056925826,-0.0026290291716577503,0.000485739990836,-0.0057437983341515,0.9835167527198792,0.99177855
2023-09-19,-0.0096126529789993,-0.009673812,-0.0059979584766551,-0.0022622800897806,-0.0097336368635296,0.9837726950645448,0.9919927
2023-09-20,-0.0182654575131619,-0.01835122,-0.013181559741497,-0.0079293996095657,-0.0184337198734283,0.983963429927826,0.9921461
2023-09-21,-0.0087677015161837,-0.008711988,-0.012084844987839401,-0.0155081199482083,-0.0086615700274705,0.9845900535583496,0.9926359
2023-09-22,-0.001944915012165,-0.0019403516,-0.00215509970439595,-0.0023726599756628,-0.0019375394331291,0.985776960849762,0.99353653
2023-09-25,0.0111142450378499,0.011171137,0.0074388107750564,0.0036601400934159,0.0112174814566969,0.9864253997802734,0.9938676
2023-09-26,-0.0107060976286709,-0.010680326,-0.01239602873101825,-0.0141326403245329,-0.0106594171375036,0.9866144061088562,0.9939797
2023-09-27,-0.0069764213639516,-0.0070264204,-0.003532656749683814,4.799999828719592e-07,-0.0070657934993505,0.9872608184814452,0.99442804
2023-09-28,0.0152800118535502,0.015351215,0.01039909059181805,0.0053921798244118,0.0154060013592243,0.9874359369277954,0.99452895
2023-09-29,0.0067251131502544,0.0067942413,0.00198262208141385,-0.0028831199742853,0.006848364137113,0.9873442649841307,0.9944384
2023-10-02,-0.0131660702095207,-0.013252856,-0.00705556190223425,-0.0007886000094003,-0.0133225237950682,0.987504780292511,0.9944417
2023-10-03,-0.0144492739153978,-0.014458019,-0.013827975839376401,-0.0131908804178237,-0.0144650712609291,0.9875593781471252,0.99446577
2023-10-04,0.005449055986712,0.005442218,0.0059794031549245,0.0065222200937569,0.0054365862160921,0.988055944442749,0.99481225
2023-10-05,-0.0160669879094565,-0.016175125,-0.0082348230062052,-0.0002112200018018,-0.0162584260106086,0.988069474697113,0.9948089
2023-10-06,0.0075242240142877,0.0074983565,0.00940333958715195,0.0113283200189471,0.0074783591553568,0.9880831837654114,0.99480575
2023-10-09,0.0019155084346391,0.0018858504,0.0040918252198024994,0.0063217198476195,0.0018619305919855,0.987958550453186,0.9946365
2023-10-10,0.0143237614649891,0.014386882,0.009717198787257051,0.0049965600483119,0.0144378375262022,0.9879212379455566,0.99460286
2023-10-11,-0.010022410122277,-0.010115507,-0.0032621006248519002,0.0036681399215012,-0.010192341171205,0.987725794315338,0.9944565
2023-10-12,-0.0228389658462636,-0.022955542,-0.0144956493750214,-0.0059359800070524,-0.0230553187429904,0.9873394966125488,0.9941717
2023-10-13,0.0020637516110955,0.0021048423,-0.0008625662885605998,-0.0038650000933557,0.0021398675162345,0.987326443195343,0.9941672
2023-10-16,0.0090178197497563,0.009009641,0.00967329554259775,0.0103441597893834,0.0090024312958121,0.9880164265632628,0.9946268
2023-10-17,0.006891667378616,0.0069382293,0.0034959150366375862,1.52000002344721e-05,0.0069766300730407,0.9878230094909668,0.99448377
2023-10-18,-0.0016814582182721,-0.0016073444,-0.007125974399968899,-0.0127054397016763,-0.0015465090982615,0.9879148006439208,0.99454826
2023-10-19,-0.0155776692020062,-0.015623853,-0.01210377085953945,-0.0085466001182794,-0.0156609416007995,0.988248348236084,0.99478686
2023-10-20,-0.0093986537503255,-0.009384223,-0.0104637034237384,-0.0115537801757454,-0.0093736266717314,0.9887508749961852,0.99513936
2023-10-23,0.000366761893989,0.0003847915,-0.0010196494840784,-0.0024373400956392,0.0003980411274824,0.9890866279602052,0.995327
2023-10-24,0.0189066104669862,0.018979542,0.0131875555962324,0.0073406398296356,0.0190344713628292,0.9890676140785216,0.9953027
2023-10-25,-0.0174133381456812,-0.017445253,-0.0149153685197234,-0.0123606603592634,-0.0174700766801834,0.9888532161712646,0.9951416
2023-10-26,-0.0252451911328933,-0.025333755,-0.01829989999532695,-0.0111981201916933,-0.0254016797989606,0.9889739751815796,0.9952178
2023-10-27,-0.0137592613919042,-0.013809559,-0.009778991108760151,-0.0057101999409496,-0.0138477822765707,0.989105761051178,0.9953028
2023-10-30,0.0143486449964653,0.01435961,0.013485056348144949,0.0126023795455694,0.0143677331507205,0.989294171333313,0.99539906
2023-10-31,-0.0011282906399158,-0.0011713734,0.0023142909631133,0.0058330600149929,-0.0012044780887663,0.9891542792320251,0.99529594
2023-11-01,0.0095510942379241,0.009548979,0.00974528538063165,0.0099435597658157,0.0095470109954476,0.9887940287590028,0.9950388
2023-11-02,0.0312752745488124,0.031356372,0.02511371765285725,0.0188040006905794,0.0314234346151351,0.9882986545562744,0.99468553
2023-11-03,0.0180598317415133,0.018123021,0.01341986143961545,0.0086616603657603,0.0181780625134706,0.9876448512077332,0.9942162
2023-11-06,-0.0006887115128128,-0.00070718455,0.0006941894243937,0.0021133399568498,-0.0007249611080624,0.987001895904541,0.99373686
2023-11-07,0.0108145393434748,0.010872042,0.0067620546324177995,0.0025975999888032,0.0109265092760324,0.9866042137145996,0.99346054
2023-11-08,-0.0222738016484486,-0.022433149,-0.0111044289806159,0.0003788399917539,-0.0225876979529857,0.9863200783729552,0.9932707
2023-11-09,-0.0233111553858497,-0.023424279,-0.015496079809963651,-0.0074557401239871,-0.0235364194959402,0.9859698414802552,0.9930264
2023-11-10,0.0066188976450228,0.0065601603,0.0106847300194203,0.0148662803694605,0.0065031796693801,0.9861425757408142,0.9931866
2023-11-13,0.0020425283272501,0.0020613791,0.0007961122901179,-0.0004875200102105,0.0020797445904463,0.9856826663017272,0.9928463
2023-11-14,0.0284572069394859,0.02853008,0.0235260380432009,0.018449880182743,0.0286021959036588,0.9857227206230164,0.99289674
2023-11-15,0.0145063824591838,0.014593696,0.00868661596905435,0.0026917399372905,0.0146814920008182,0.985420286655426,0.99267745
2023-11-16,0.0057927207232006,0.005829356,0.0033703953668009004,0.0008743400103412,0.0058664507232606,0.9852623343467712,0.9925694
2023-11-17,0.0106794108702658,0.010750811,0.0059517183690331,0.0010801999596878,0.0108232367783784,0.9852403402328492,0.99256635
2023-11-20,0.0208159055537416,0.020917768,0.01420561689883465,0.0073889400810003,0.021022293716669,0.984887421131134,0.99233305
2023-11-21,0.0109691161981878,0.01107014,0.004515636246651401,-0.0021451599895954,0.0111764324828982,0.9844689965248108,0.992021
2023-11-22,0.0029080835738672,0.0028994419,0.0034743511350825,0.004058820195496,0.002889882074669,0.9841929078102112,0.9918216
2023-11-24,0.0180138417226877,0.018147415,0.0097158891148865,0.0011373599991202,0.0182944182306528,0.9836766719818116,0.99143183
2023-11-27,-0.0100350720293434,-0.0101016285,-0.00594952265964815,-0.0017210800433531,-0.0101779652759432,0.9830264449119568,0.9909734
2023-11-28,0.0105178332374632,0.010593798,0.0059472440043464,0.0012142800260335,0.0106802079826593,0.9828636050224304,0.9908715
2023-11-29,0.0001746329659355,0.00017865501,-5.94222874497e-05,-0.0003019600117113,0.0001831154368119,0.9827491044998168,0.9908047
2023-11-30,0.0118326480504485,0.011881001,0.008939451072365,0.0059436401352286,0.0119352620095014,0.9828987121582032,0.99094397
2023-12-01,0.0267142711870514,0.026880916,0.0167219145223498,0.0063760802149772,0.0270677488297224,0.982917845249176,0.9909706
2023-12-04,-0.0028832019741016,-0.0028693962,-0.0036807927535846,-0.0045074000954627,-0.0028541854117065,0.9826253652572632,0.9907991
2023-12-05,-0.0104519871463461,-0.0105339065,-0.0055743837147019006,-0.0005238800076767,-0.0106248874217271,0.9828596711158752,0.99099284
2023-12-06,-0.0183004372623772,-0.018421851,-0.0111023391364142,-0.0036478599067777,-0.0185568183660507,0.9827995300292968,0.99094725
2023-12-07,0.0362126672445461,0.036458205,0.02164518460631365,0.0065606199204921,0.0367297492921352,0.982862651348114,0.99099934
2023-12-08,0.0032144290967869,0.0032066589,0.0036824471317230996,0.0041668801568448,0.0031980141066014,0.9829584956169128,0.9910774
2023-12-11,0.0014639917626887,0.0014434248,0.00269387912703675,0.0039681200869381,0.0014196381671354,0.9823619723320008,0.9906662
2023-12-12,0.0122885462431925,0.012353768,0.00851044175215065,0.0045938198454678,0.0124270636588335,0.9823218584060668,0.99064296
2023-12-13,0.0224366765576505,0.022510353,0.01826065313071005,0.0139262601733207,0.0225950460880994,0.981792151927948,0.9902304
2023-12-14,0.0190831018815962,0.019218937,0.011389166000299149,0.0034012401010841,0.0193770918995142,0.9816092848777772,0.9901003
2023-12-15,-0.0063649960908496,-0.006408733,-0.0038699197466485,-0.0012805400183424,-0.0064592994749546,0.9817610383033752,0.99023575
2023-12-18,0.0022606963464932,0.002238825,0.0034975321032106503,0.0047815199941396,0.0022135442122817,0.9815601110458374,0.99015546
2023-12-19,0.0132018057842958,0.013263044,0.00976730440743265,0.0062024998478591,0.0133321089670062,0.9817502498626708,0.99031293
2023-12-20,-0.0185575317120623,-0.018600497,-0.01613238640129565,-0.0136158000677824,-0.0186489727348089,0.9818187952041626,0.9903688
2023-12-21,0.0143829709805246,0.014427328,0.01187198795378205,0.0092703197151422,0.0144736561924219,0.9827509522438048,0.9910964
2023-12-22,0.0162944638886549,0.016417772,0.0090777178993448,0.0016096800100058,0.0165457557886838,0.9832059741020204,0.9914312
2023-12-26,0.0482687097465987,0.048642866,0.026621793862432148,0.0042093200609087,0.0490342676639556,0.98292738199234,0.9912683
2023-12-27,0.0082034413418879,0.008255762,0.00518689979799085,0.0020628799684345,0.0083109196275472,0.98281592130661,0.991172
2023-12-28,-0.0005135262644797,-0.0005220472,1.3566459528999934e-06,0.0005345999961718,-0.000531886704266,0.9823067784309388,0.99077386
2023-12-29,-0.0077546400023307,-0.0078004464,-0.0051507357275113,-0.0024502200540155,-0.0078512514010071,0.9820682406425476,0.9905935
2024-01-02,-0.0113452757072748,-0.011405757,-0.00797794107347725,-0.0044836001470685,-0.011472281999886,0.9817865490913392,0.9904811
2024-01-03,-0.0186517076298298,-0.018743565,-0.0134565844200551,-0.008071600459516,-0.0188415683805942,0.9823216199874878,0.9909003
2024-01-04,-0.004807503228494,-0.004826423,-0.00366443267557765,-0.0024824601132422,-0.0048464052379131,0.9831803441047668,0.9915469
2024-01-05,0.0057775031390018,0.00581651,0.0035129555617459,0.0011714600259438,0.005854451097548,0.9836740493774414,0.99189806
2024-01-08,0.0242462219364239,0.02434445,0.01860232371836895,0.0127632804214954,0.0244413670152425,0.9833199381828308,0.99170095
2024-01-09,-0.0004027170696186,-0.00038836105,-0.0012055045226588,-0.0020368399564176,-0.0003741690889,0.9830139875411988,0.99146444
2024-01-10,0.000554978133654,0.0005124773,0.00297721866809295,0.0054863397963345,0.0004680975398514,0.9826056957244872,0.99115634
2024-01-11,0.0013084710881364,0.0013224974,0.0005402085225796001,-0.0002565000031609,0.0013369170483201,0.9823243618011476,0.99095047
2024-01-12,-0.0055124864891897,-0.005560806,-0.0028229832314536477,-3.311999898869544e-05,-0.0056128464639186,0.9819455742836,0.99067336
2024-01-16,-0.0037976047504337,-0.0037948512,-0.00393981137312945,-0.0040875198319554,-0.0037921029143035,0.9818156361579896,0.9906977
2024-01-17,0.0011989277351215,0.0012545767,-0.0018510458758100499,-0.0050112600438296,0.0013091682922095,0.9826975464820862,0.99136275
2024-01-18,0.0028530553426991,0.0028076754,0.0055327239679172,0.0083015197888016,0.0027639281470328,0.9837203025817872,0.99209994
2024-01-19,0.0055132372806965,0.0054573203,0.00877446820959445,0.0121443402022123,0.0054045962169766,0.9838598966598512,0.9921772
2024-01-22,0.018780428701845,0.01892346,0.0107458182610571,0.0024324199184775,0.0190592166036367,0.9832682013511658,0.9918351
2024-01-23,-0.0078833736604111,-0.007969152,-0.0030746919801459003,0.0019033199641853,-0.0080527039244771,0.982961356639862,0.9916079
2024-01-24,-0.0077422791395305,-0.007815224,-0.0037220630911179,0.0004451799904927,-0.0078893061727285,0.9822770953178406,0.99111146
2024-01-25,0.0046338752603779,0.004625344,0.005107239587232399,0.0055977599695324,0.0046167192049324,0.9823936223983764,0.99120843
2024-01-26,-0.0083511917893135,-0.008418531,-0.00461886788252735,-0.0007528599817305,-0.0084848757833242,0.9826740622520448,0.99141955
2024-01-29,0.0553338025659207,0.05576739,0.03186347451992325,0.0075420797802507,0.0561848692595958,0.9825071692466736,0.99141747
2024-01-30,-0.0040977160502063,-0.0041336,-0.0021238839581201063,-7.981999806361273e-05,-0.0041679479181766,0.9827589392662048,0.9915981
2024-01-31,-0.0112323049366116,-0.01119971,-0.0130046368576586,-0.0148406401276588,-0.0111686335876584,0.9826815724372864,0.99153686
2024-02-01,0.0096355637792329,0.009611109,0.011040331795811601,0.0124927395954728,0.0095879239961504,0.9833645224571228,0.9920184
2024-02-02,0.0092599151553815,0.009260056,0.0092546609230339,0.009249179624021,0.0092601422220468,0.9834095239639282,0.99203885
2024-02-05,-0.0095494053924986,-0.009596075,-0.00697355042211705,-0.0043086200021207,-0.0096384808421134,0.9832593202590942,0.9920438
2024-02-06,0.0111469110349812,0.011219244,0.00718478776980185,0.003084440017119,0.0112851355224847,0.983157217502594,0.9919652
2024-02-07,0.0077787244622543,0.00778103,0.007682366995140849,0.0075820200145244,0.0077827139757573,0.982650101184845,0.9916093
2024-02-08,0.0698749813339924,0.07051672,0.035904697666410294,0.0006790600018575,0.0711303353309631,0.982187807559967,0.9912902
2024-02-09,0.0081548680163124,0.008189932,0.00633484288118775,0.0044460999779403,0.0082235857844352,0.9818879961967468,0.9910909
2024-02-12,0.0549730394231362,0.055498693,0.02814161566493565,0.0002869399904739,0.0559962913393974,0.9816368222236632,0.99106795
2024-02-13,-0.0354343995867962,-0.035637125,-0.0247849635779857,-0.0137472599744796,-0.0358226671814918,0.9823781847953796,0.9915951
2024-02-14,0.0229152920673309,0.023047995,0.015651200897991602,0.0081433597952127,0.0231590420007705,0.9838660359382628,0.9926045
2024-02-15,0.0205591438528665,0.02067499,0.01414339011535045,0.0075129000470042,0.0207738801836967,0.98381108045578,0.99254286
2024-02-16,0.0009512775397098,0.0010024632,-0.0018541581230238496,-0.0047550001181662,0.0010466838721185,0.9835929870605468,0.992378
2024-02-20,-0.008251789934671,-0.0082835015,-0.006528884172439549,-0.0047471998259425,-0.0083105685189366,0.9834702610969543,0.9924043
2024-02-21,-0.001118126933793,-0.00113532,-0.00011958263348784998,0.0009108600206673,-0.001150025287643,0.984178364276886,0.9928646
2024-02-22,0.0157155758342318,0.015686776,0.01736372988671055,0.0190642997622489,0.0156631600111722,0.9844954609870912,0.9930565
2024-02-23,0.0185228976247457,0.018677667,0.00985600819694805,0.0009068999788723,0.0188051164150238,0.9842459559440612,0.9928792
2024-02-26,0.0178736253675579,0.018068263,0.00748210633173585,-0.0032659200951457,0.0182301327586174,0.9834521412849426,0.9924697
2024-02-27,0.0050839077439364,0.0051218313,0.00309680012287565,0.0010399000020697,0.0051537002436816,0.9831162095069884,0.9922531
2024-02-28,-0.0108798783673972,-0.010971761,-0.00608159566763785,-0.0011117600370198,-0.0110514312982559,0.9826985597610474,0.99198467
2024-02-29,0.0095188165942533,0.009579371,0.0063704053172841495,0.0031095400918275,0.0096312705427408,0.982767641544342,0.992042
2024-03-01,0.0178084396237412,0.017899334,0.01315202377736565,0.0083259996026754,0.0179780479520559,0.9824596643447876,0.99184495
2024-03-04,0.0056320458157347,0.0057020457,0.0021931380033493,-0.0013758400455117,0.0057621160522103,0.9818614721298218,0.9915844
2024-03-05,-0.012688667777574,-0.012714586,-0.01139778411015865,-0.0100586200132966,-0.0127369482070207,0.9819431900978088,0.99165076
2024-03-06,0.0249035407862839,0.025099684,0.014939181972294999,0.0046162800863385,0.0252620838582515,0.9826687574386596,0.992134
2024-03-07,0.0007500300846414,0.00067471707,0.00467127989395515,0.008729719556868,0.0006128402310423,0.9830511212348938,0.9923768
2024-03-08,-0.0146183008183131,-0.014707389,-0.00995735102333125,-0.0051347599364817,-0.0147799421101808,0.9832233786582948,0.99247783
2024-03-11,-0.0015572312272616,-0.0015670316,-0.0010403233172836999,-0.000505760021042,-0.0015748866135254,0.983359158039093,0.9926529
2024-03-12,0.0127462005185575,0.012772854,0.0113561586476862,0.0099191004410386,0.0127932168543338,0.9837919473648072,0.9929155
2024-03-13,0.0054280444072102,0.005490551,0.0022261967533268,-0.0010877599706873,0.0055401534773409,0.9831779599189758,0.9925161
2024-03-14,-0.0067886066854188,-0.0068329377,-0.0045098639093339,-0.0021503400057554,-0.0068693878129124,0.9828023314476012,0.9922759
2024-03-15,-0.004657815254864,-0.004639018,-0.00561191840097305,-0.0065997601486742,-0.0046240766532719,0.9830471873283386,0.9924372
2024-03-18,0.0033491643931555,0.0033312023,0.00426487601362165,0.0052127400413155,0.0033170119859278,0.9830307960510254,0.99251443
2024-03-19,-0.000648775946329,-0.0007131388,0.0026322386402171,0.0060284198261797,-0.0007639425457455,0.9830428957939148,0.99252045
2024-03-20,0.0194868835898589,0.019585127,0.014565558172762349,0.0094675198197364,0.0196635965257883,0.9827020168304444,0.9923039
2024-03-21,0.0108592759699462,0.010929529,0.007477508857846199,0.0039679398760199,0.0109870778396725,0.9819058179855348,0.9918012
2024-03-22,0.0079334491140425,0.0080466885,0.002564953523688,-0.0030119998846203,0.0081419069319963,0.9813597202301024,0.99146324
2024-03-25,0.039963785434903,0.040415514,0.0189036603551358,-0.0029865601100027,0.0407938808202743,0.981046736240387,0.9913577
2024-03-26,-0.0013616127361378,-0.001359507,-0.0014590984792448,-0.0015604400541633,-0.0013577569043263,0.9810346961021424,0.9913657
2024-03-27,-0.0086393376037861,-0.008825579,3.4251715987899944e-05,0.0090493001043796,-0.0089807966724038,0.981060266494751,0.9913912
2024-03-28,-0.0061290206435885,-0.006193415,-0.0031571592480758776,-6.607999966945499e-05,-0.0062482384964823,0.9806493520736694,0.99113196
2024-04-01,-0.0081849522069337,-0.008246011,-0.0054117924300953,-0.0025264199357479,-0.0082971649244427,0.980535089969635,0.9911356
2024-04-02,-0.0028431193392386,-0.002799527,-0.00483125878963615,-0.0068981801159679,-0.0027643374633044,0.9810721278190612,0.9914874
2024-04-03,-0.0038352031723475,-0.0038809853,-0.0015933184477035,0.0007310800137929,-0.0039177169091999,0.9820418953895568,0.9920987
2024-04-04,-0.0119994259454829,-0.011994869,-0.01220561144873495,-0.0124196596443653,-0.0119915632531046,0.9823482632637024,0.992274
2024-04-05,0.0145313346160563,0.014577043,0.0122502711601555,0.0098908003419637,0.0146097419783473,0.9836630821228028,0.99307066
2024-04-08,-0.0152148935339565,-0.015362759,-0.0074499987240415,0.0005694400169886,-0.0154694374650716,0.984102189540863,0.9933488
2024-04-09,-0.009924342286177,-0.010025529,-0.00463539728662,0.0008285000221803,-0.0100992945954203,0.9839788675308228,0.9932498
2024-04-10,-0.0098173984128311,-0.009813487,-0.010012927465140799,-0.0102151399478316,-0.00981071498245,0.9838338494300842,0.99314684
2024-04-11,0.0188605235867893,0.018978635,0.012633287115022502,0.0062025799416005,0.0190639942884445,0.984208881855011,0.99336314
2024-04-12,-0.0231134861440927,-0.023203576,-0.0183872394263744,-0.0135043803602457,-0.0232700984925031,0.9839350581169128,0.99318814
2024-04-15,-0.0201343309185969,-0.020211494,-0.01587606640532605,-0.0114859798923134,-0.0202661529183387,0.984878957271576,0.99377465
2024-04-16,0.0054056195664433,0.005462988,0.00216227053897455,-0.0011759999906644,0.0055005410686135,0.9859420657157898,0.99437535
2024-04-17,-0.0212649351408356,-0.021400278,-0.013297542463988,-0.0051051201298832,-0.0214899647980928,0.9862473607063292,0.9945263
2024-04-18,0.0671613242751722,0.067732036,0.0333035773364827,-0.001501620048657,0.0681087747216224,0.986391305923462,0.9945879
2024-04-19,-0.0175139783519813,-0.017608147,-0.011899748817086199,-0.0061289798468351,-0.0176705177873373,0.9864332675933838,0.99459594
2024-04-22,0.0141061350854826,0.014150021,0.01147400122135875,0.0087694404646754,0.0141785619780421,0.9866504669189452,0.99472356
2024-04-23,0.0313646352626583,0.031535394,0.021313901524990752,0.0109783401712775,0.031649462878704,0.986240804195404,0.9944818
2024-04-24,-0.0059785447541143,-0.0060239225,-0.0033582380856387,-0.0006605800008401,-0.0060558961704373,0.9855318069458008,0.9940738
2024-04-25,-0.0010337986314621,-0.0010007964,-0.0028705536387860003,-0.0047632600180804,-0.0009778472594916,0.9852845072746276,0.9939374
2024-04-26,0.0429246486992293,0.043234788,0.0259406454861164,0.0084255002439022,0.0434557907283306,0.98485004901886,0.9936911
2024-04-29,-0.0011492510239425,-0.0011924971,0.0011904779239557501,0.003605080069974,-0.0012241242220625,0.9844032526016236,0.9934509
2024-04-30,-0.0097105857873197,-0.009654347,-0.0126310209743678,-0.0156487599015235,-0.0096132820472121,0.983952820301056,0.993196
2024-05-01,-0.0174113893426685,-0.017551495,-0.00997692847158755,-0.002300739986822,-0.0176531169563531,0.9842362403869628,0.99338067
2024-05-02,0.0155380148373886,0.015596458,0.012447434477508,0.0092561598867177,0.0156387090682983,0.9842252731323242,0.99338007
2024-05-03,0.0088460067863244,0.008813663,0.01054575387388465,0.0123019395396113,0.008789568208158,0.983814537525177,0.99314016
2024-05-06,0.0169421597568986,0.017018886,0.013163727708160801,0.009250059723854,0.0170773956924676,0.9828463196754456,0.9925249
2024-05-07,-8.93615987515725e-05,-0.00010017358,0.00046488962834700004,0.0010389200178906,-0.0001091407611966,0.982267439365387,0.9921893
2024-05-08,0.0592289667975043,0.05983286,0.03060075163375585,0.0008852200116962,0.0603162832558155,0.981713891029358,0.9918658
2024-05-09,0.0077549612005375,0.007770382,0.0070650207344442,0.0063475398346781,0.0077825016342103,0.981179654598236,0.99155384
2024-05-10,0.0023578810847006,0.0023667456,0.00198442972032345,0.001595259993337,0.0023735994473099,0.980578064918518,0.99119407
2024-05-13,0.0118698453168053,0.0120014185,0.0059477600225364005,-0.0002180799929192,0.012113600037992,0.9802592992782592,0.99090296
2024-05-14,0.0126847616033842,0.012774896,0.00856107287108895,0.0042731799185276,0.0128489658236503,0.9809308648109436,0.9913629
2024-05-15,0.0037598805448554,0.0036746492,0.0077210436575114,0.0118375997990369,0.0036044875159859,0.9811046719551086,0.99147815
2024-05-16,0.0018967121783275,0.0019368277,0.0001255521201528999,-0.0017190600046887,0.0019701642449945,0.9803065061569214,0.9909638
2024-05-17,0.0073271078645481,0.0073888977,0.0046112111303954996,0.001780719961971,0.00744170229882,0.9798396229743958,0.9906722
2024-05-20,-0.0012402426515583,-0.0012547179,-0.00057814159299595,0.0001119599983212,-0.0012682431843131,0.9793790578842164,0.99020046
2024-05-21,-0.0003783550423151,-0.00040819866,0.0009416670218343001,0.002318900078535,-0.0004355660348664,0.9791446328163148,0.9900643
2024-05-22,0.0004877017307271,0.0005313238,-0.00137324727256785,-0.0033176599536091,0.0005711654084734,0.9786617755889891,0.98975486
2024-05-23,-0.006405569275823,-0.006379331,-0.007533771218731951,-0.0087119601666927,-0.0063555822707712,0.9788784980773926,0.98992145
2024-05-24,0.0131806036094342,0.013267262,0.00937991286627945,0.0054159401915967,0.0133438855409622,0.9794801473617554,0.990335
2024-05-28,0.0128283651994556,0.012972632,0.00637075629492755,-0.0003667800046969,0.013108292594552,0.979243814945221,0.98993254
2024-05-29,-0.007686432462298,-0.007686573,-0.0076459622941910995,-0.0076045598834753,-0.0076873647049069,0.9799704551696776,0.9904407
2024-05-30,0.0090620574670294,0.009225823,0.0012371155899018002,-0.0068908599205315,0.0093650911003351,0.9814496040344238,0.9914328
2024-05-31,0.0032877343614244,0.003219425,0.0067425742745399,0.010323179885745,0.0031619686633348,0.9823169112205504,0.9919768
2024-06-03,0.0061106315675598,0.006169333,0.0031453732335648813,6.908000068506226e-05,0.0062216664664447,0.9820039868354796,0.99149406
2024-06-04,-0.014787563259991,-0.014945666,-0.006790158397052449,0.0015085999621078,-0.0150889167562127,0.9818331599235536,0.9913692
2024-06-05,0.0155416872390183,0.015593479,0.012929952703416299,0.0102194603532552,0.0156404450535774,0.98179030418396,0.99133646
2024-06-06,0.0014757255254987,0.0014872912,0.00092630679137065,0.0003550400142557,0.0014975735684856,0.981303572654724,0.99100035
2024-06-07,-0.0102221652569491,-0.010310115,-0.00588930759113275,-0.0013855600263923,-0.0103930551558732,0.980993628501892,0.99079216
2024-06-10,0.0166001612522192,0.01673261,0.00988531543407585,0.0029044200200587,0.016866210848093,0.980947732925415,0.990431
2024-06-11,-0.0034571041580977,-0.00350331,-0.00109267089283095,0.0013641800032928,-0.0035495217889547,0.9811505675315856,0.99059534
2024-06-12,0.0116580835689767,0.0117066605,0.009179522981867149,0.00660469988361,0.0117543460801243,0.9813446998596193,0.99073994
2024-06-13,-0.0041663696896041,-0.0042188526,-0.0014987337635830001,0.0012754600029438,-0.0042729275301098,0.9806739091873168,0.990254
2024-06-14,-0.0144733135615139,-0.01461936,-0.0072341125051025,0.0003030800144188,-0.0147713050246238,0.9802005290985109,0.98992026
2024-06-17,-0.0031297055299151,-0.0032273496,0.0020905004348606,0.0075138597749173,-0.0033328589051961,0.9811801910400392,0.9902727
2024-06-18,0.0008285751825668,0.0008149603,0.0015716508787590499,0.0023429999127984,0.0008003018447197,0.9814790487289428,0.99049824
2024-06-20,-0.0118994443897607,-0.012001179,-0.006491433334304,-0.0008727199747227,-0.0121101466938853,0.9812275767326356,0.9903031
2024-06-21,-0.0028695471547696,-0.002885487,-0.00196613371372215,-0.0010296399705111,-0.0029026274569332,0.9819516539573668,0.99084854
2024-06-24,-0.001002721676522,-0.0009981197,-0.0012227856786921,-0.0014515400398522,-0.000994031317532,0.9827500581741332,0.99106383
2024-06-25,0.0028994460686537,0.00290888,0.00236204889370125,0.0018054799875244,0.0029186177998781,0.9830145835876464,0.99125177
2024-06-26,0.0025735646735455,0.0025859897,0.00186193006811655,0.0011246999492868,0.0025991601869463,0.9827918410301208,0.9910676
2024-06-27,-0.0005292495830321,-0.00054563675,0.00043774006189774994,0.0014395599719136,-0.0005640798481181,0.9824418425559998,0.9907952
2024-06-28,0.0060076539876517,0.0060894126,0.0013784479815513002,-0.0034243399277329,0.0061812358908355,0.98197740316391,0.9904406
2024-07-01,-0.0067847290110697,-0.0068543004,-0.0025495748850517,0.0018394800135865,-0.0069386297836899,0.9824175238609314,0.9903932
2024-07-02,0.0175069524142517,0.017598337,0.01203480339609085,0.0063601001165807,0.017709506675601,0.982174277305603,0.9902048
2024-07-03,0.0067291840119469,0.006756567,0.0051195889245718,0.0034490600228309,0.0067901178263127,0.9818570017814636,0.9899581
2024-07-05,-0.0056905306667442,-0.0057800743,-0.00038202269934120006,0.0051276399753987,-0.0058916853740811,0.9817341566085817,0.9898713
2024-07-08,0.0042721904066047,0.0042994553,0.0025852597609627498,0.0008364800014533,0.0043340395204722,0.9825496673583984,0.9901119
2024-07-09,-0.0095544720211572,-0.0096321795,-0.0045872504997533,0.0005590799846686,-0.0097335809841752,0.982594072818756,0.9901481
2024-07-10,-0.0002312205053254,-0.00031018263,0.00484019829309545,0.0100928200408816,-0.0004124234546907,0.9827374815940856,0.9902677
2024-07-11,0.0190032455033945,0.019200481,0.006273026345297699,-0.0069032800383865,0.0194493327289819,0.983085572719574,0.99055684
2024-07-12,0.0135233737069404,0.013577442,0.0100174217950552,0.006390260066837,0.0136445835232734,0.9833242893218994,0.99074465
2024-07-15,0.0087020924917715,0.008741304,0.0059833716368302,0.0031722800340503,0.0087944632396101,0.983623504638672,0.9905447
2024-07-16,0.0212847671449784,0.021377018,0.014813693705946148,0.0081283403560519,0.0214990470558404,0.9840022325515748,0.99087346
2024-07-17,-0.0173623981001959,-0.017409746,-0.01398590439930555,-0.0104998396709561,-0.017471969127655,0.9842490553855896,0.9910754
2024-07-18,-0.0035466872148089,-0.0035116535,-0.0060241338796913,-0.0085783395916223,-0.0034699281677603,0.9851502776145936,0.9918321
2024-07-19,-0.004215526683505,-0.004195971,-0.00560159911401565,-0.0070279999636113,-0.00417519826442,0.986248791217804,0.99271846
2024-07-22,0.0053003680155387,0.00527952,0.00712235784158105,0.0089902402833104,0.0052544753998517,0.9874055981636048,0.99329597
2024-07-23,0.0007145221794247,0.00072835607,-0.00041806971421465007,-0.0015805199509486,0.0007443805225193,0.9872318506240844,0.9931075
2024-07-24,-0.0222001920785891,-0.022208782,-0.021476582624018102,-0.0207339394837617,-0.0222192257642745,0.9870911836624146,0.9929696
2024-07-25,0.0230861107198059,0.023243058,0.00975508417468515,-0.0039019400719553,0.0234121084213256,0.988101840019226,0.99381083
2024-07-26,0.0177891902546526,0.017821793,0.01497931731864805,0.0121037801727652,0.0178548544645309,0.9886835217475892,0.99425113
2024-07-29,-0.0001043304287531,-0.00010616152,8.488146340825e-05,0.0002782199881039,-0.0001084570612874,0.9888632297515868,0.99406344
2024-07-30,-0.0020277385054863,-0.002020996,-0.00266204262152305,-0.0033108200877904,-0.0020132651552557,0.9888533353805542,0.9940421
2024-07-31,0.0119659545837457,0.011956672,0.01287614461034535,0.0138062797486782,0.0119460094720125,0.989129900932312,0.9942684
2024-08-01,-0.0309717690539293,-0.031060398,-0.0225459919311106,-0.0139298802241683,-0.0311621036380529,0.9889439344406128,0.9940978
2024-08-02,-0.0207540415211565,-0.020767806,-0.01938653551042075,-0.0179897993803024,-0.0207832716405391,0.9893802404403688,0.99446374
2024-08-05,-0.0234235343910983,-0.023398468,-0.0259662782773375,-0.0285593401640653,-0.0233732163906097,0.990516722202301,0.9951308
2024-08-06,0.0163593694757483,0.016392903,0.01272525405511255,0.009026319719851,0.0164241883903741,0.9913508892059326,0.995771
2024-08-07,-0.0162775748576225,-0.016320579,-0.01142654661089175,-0.0064917597919702,-0.0163613334298133,0.9914985299110411,0.99587065
2024-08-08,0.0301336397434731,0.030168844,0.02614542283117765,0.0220892000943422,0.0302016455680131,0.9916336536407472,0.9959571
2024-08-09,-0.0069111346897426,-0.006958259,-0.0015498516149819001,0.0039036599919199,-0.0070033632218837,0.9915350675582886,0.9958646
2024-08-12,-0.002065076761348,-0.0020727573,-0.0011395544570405002,-0.0001980600063689,-0.0020810489077121,0.9914979338645936,0.9955966
2024-08-13,0.0313021541344728,0.031368587,0.02338215475901955,0.0153233399614691,0.03144096955657,0.9913938641548156,0.99550915
2024-08-14,0.0030935870841017,0.003091748,0.00335849949624385,0.0036278599873185,0.0030891390051692,0.9909857511520386,0.9951567
2024-08-15,0.0264006479211504,0.026443087,0.02157790586352345,0.0166597608476877,0.0264960508793592,0.990364134311676,0.9946154
2024-08-16,-0.0008491808163565,-0.000862612,0.0007414462743327,0.0023647600319236,-0.0008818674832582,0.9897397756576538,0.9940691
2024-08-19,0.0297658759276619,0.02985009,0.0194367244839668,0.0088888797909021,0.0299845691770315,0.989638090133667,0.9936253
2024-08-20,-0.0010787571883599,-0.0010763964,-0.00132414029212665,-0.0015752400504425,-0.0010730405338108,0.9892967343330384,0.9933175
2024-08-21,0.0265270628258893,0.026623607,0.01489250978920605,0.0030076999682933,0.0267773196101188,0.9894792437553406,0.99353325
2024-08-22,-0.0235344843148799,-0.023601754,-0.01540336641483005,-0.0071007399819791,-0.023705992847681,0.9896605014801024,0.9937225
2024-08-23,0.0281299025294403,0.028201967,0.019470138009637497,0.0106340004131197,0.0283062756061553,0.9900413155555724,0.9940977
2024-08-26,-0.0031478936641666,-0.0031535234,-0.0023645959445275,-0.0015659000491723,-0.0031632918398827,0.9902375340461732,0.99388474
2024-08-27,0.0123128422264489,0.01235379,0.0068113392335361995,0.0012000199640169,0.0124226585030555,0.9902166128158568,0.99386346
2024-08-28,-0.0284420815887948,-0.028526407,-0.0170548639725893,-0.0054358202032744,-0.0286739077419042,0.9900152087211608,0.9936526
2024-08-29,0.0187696760272684,0.018834952,0.0100701084011234,0.0011984399752691,0.0189417768269777,0.9903175830841064,0.99397945
2024-08-30,0.0042654544811038,0.004248859,0.006524060619994949,0.0088279796764254,0.0042201415635645,0.9901240468025208,0.99376774
2024-09-03,-0.0379337951423862,-0.037993938,-0.028784112073481048,-0.0194523800164461,-0.038115844130516,0.9902395009994508,0.9934683
2024-09-04,0.0117084387077159,0.011754241,0.0051121742581017,-0.0016040200134739,0.0118283685296773,0.991138517856598,0.99448144
2024-09-05,0.0084586569295178,0.008497178,0.0028504499932751,-0.0028539199847728,0.008554819971323,0.991612672805786,0.99494755
2024-09-06,-0.0227425730151674,-0.022766389,-0.0191806335933506,-0.0155588397756218,-0.0228024274110794,0.99172180891037,0.995025
2024-09-09,0.0053580405929309,0.0053409105,0.008266054559499001,0.0112188598141074,0.0053132493048906,0.992315113544464,0.995316
2024-09-10,-0.0116652953960409,-0.011709745,-0.00427885598037395,0.0032243400346487,-0.0117820519953966,0.99221271276474,0.9951816
2024-09-11,0.01461167500217,0.014628888,0.01175753725692625,0.0088577000424265,0.014657374471426,0.9921339750289916,0.9950883
2024-09-12,0.0076269734727101,0.007625817,0.0078588537871837,0.0080943200737237,0.0076233875006437,0.991909682750702,0.99484056
2024-09-13,0.0197296172766967,0.019771421,0.012714444193989,0.005580480210483,0.019848408177495,0.991689682006836,0.9946043
2024-09-16,0.002345946777285,0.0023462535,0.0023081138497218004,0.0022695399820804,0.0023466877173632,0.991797685623169,0.99437344
2024-09-17,0.0033672118010318,0.0033752755,0.00183824206760615,0.0002837200008798,0.0033927641343325,0.9917852878570556,0.9943749
2024-09-18,-0.0020752349736691,-0.0020730188,-0.0024810425238683,-0.0028936399612575,-0.0020684450864791,0.9918482303619384,0.99445736
2024-09-19,-0.0121018900538551,-0.012176995,0.0019593555480242,0.0162500403821468,-0.0123313292860984,0.9919682145118712,0.9946002
2024-09-20,0.0076211653420782,0.0076444657,0.0032279923907481,-0.0012394400546327,0.0076954248361289,0.9917169213294984,0.9942966
2024-09-23,0.0028364330954015,0.0028378428,0.0025607254356145,0.0022803000174462,0.0028411508537828,0.991881549358368,0.9941017
2024-09-24,0.0054253298853118,0.0054313214,0.00411473901476705,0.0027819799724966,0.0054474980570375,0.991737425327301,0.99393106
2024-09-25,-0.0027178335013045,-0.0027168272,-0.00290347193367775,-0.0030924999155104,-0.0027144439518451,0.9915447235107422,0.9936965
2024-09-26,0.0059000067614042,0.0059035076,0.00511935702525075,0.004325000103563,0.0059137139469385,0.9914387464523317,0.9935759
2024-09-27,0.0034340789172259,0.00344286,0.0014241871831473,-0.0006211000145412,0.0034694743808358,0.9913650751113892,0.99349374
2024-09-30,0.0033943600427102,0.0033950459,0.00337668694555755,0.0033581000752747,0.0033952738158404,0.9919806718826294,0.9938691
2024-10-01,-0.0143088743438006,-0.014320858,-0.01119683915749185,-0.008034779690206,-0.0143588986247777,0.992074966430664,0.99398464
2024-10-02,0.0062529255038193,0.0062650777,0.0034089955734088496,0.0005211799871176,0.0062968111597001,0.9924699664115906,0.9945057
2024-10-03,-0.0075259546886299,-0.00753658,-0.00494335091207175,-0.002322280080989,-0.0075644217431545,0.992631196975708,0.99468875
2024-10-04,0.0261957674468754,0.026232716,0.0176206780597567,0.0089213997125625,0.0263199564069509,0.9928761720657348,0.9949857
2024-10-07,-0.0092814614832216,-0.009281628,-0.0091556021943688,-0.0090282997116446,-0.009282904677093,0.9931716918945312,0.99498063
2024-10-08,0.0044994688463108,0.0044925716,0.0063704547937959,0.0082660401239991,0.0044748694635927,0.993440568447113,0.99533075
2024-10-09,0.0160649074357902,0.016081255,0.011809142306446951,0.0074973199516534,0.0161209646612405,0.9935072660446168,0.99539524
2024-10-10,0.0051469834346581,0.00515973,0.00179539661621675,-0.0016002400079742,0.0051910332404077,0.993514895439148,0.99539065
2024-10-11,0.0582185983329463,0.05831588,0.0325948435347527,0.0066352798603475,0.0585544072091579,0.993532419204712,0.9954058
2024-10-14,0.0087550743763161,0.008757157,0.00818763766437765,0.0076128002256155,0.0087624751031398,0.993763506412506,0.99537367
2024-10-15,-0.0068083631819566,-0.006806765,-0.0072865476831793004,-0.0077709001488983,-0.0068021952174603,0.993699073791504,0.9952821
2024-10-16,0.0202555790604728,0.020280372,0.0126274523790925,0.0049025597982108,0.0203523449599742,0.993739366531372,0.99534154
2024-10-17,-8.652464757950029e-05,-8.7859094e-05,0.0003507588517095377,0.0007935800240375,-9.206232061842456e-05,0.9936781525611876,0.99525404
2024-10-18,0.0115456799051854,0.011558624,0.00744716206099835,0.0032954800408333,0.0115988440811634,0.9936059713363647,0.99515617
2024-10-21,-0.0015784667113251,-0.0015769524,-0.0021390497568063,-0.0027068799827247,-0.0015712195308879,0.9937120676040648,0.9949521
2024-10-22,0.0058376354230289,0.0058454853,0.00270858967269305,-0.0004606200091075,0.0058777993544936,0.9936700463294984,0.9949019
2024-10-23,-0.0064395306410134,-0.0064360634,-0.00782698532566425,-0.0092323999851942,-0.0064215706661343,0.9936261177062988,0.99484396
2024-10-24,0.0038049809822363,0.0038083778,0.0025055090663954,0.0011893799528479,0.0038216381799429,0.9936999082565308,0.99496233
2024-10-25,0.0016650003965851,0.0016689464,0.0001400577602908,-0.0014042999828234,0.001684415503405,0.9937210083007812,0.9949917
2024-10-28,0.0009842185054974,0.0009815207,0.0023773733119014,0.003786880057305,0.0009678665664978,0.9940741658210754,0.9951564
2024-10-29,0.0107232196563798,0.010734195,0.00572172465035685,0.0006604000227525,0.0107830492779612,0.9940912127494812,0.99517375
2024-10-30,0.0389991243074062,0.0390439,0.018224302213639,-0.0027999999001622,0.0392486043274402,0.9940674304962158,0.99513173
2024-10-31,-0.0096076414940222,-0.009598495,-0.0136874499730765,-0.0178157798945903,-0.0095591200515627,0.9941311478614808,0.99523085
2024-11-01,-0.002227735348228,-0.0022358121,0.0011897415388375501,0.004646339919418,-0.0022668568417429,0.9943144917488098,0.9955094
2024-11-04,-0.0119413319906189,-0.011950098,-0.0073860387783497,-0.0027809399180114,-0.011991137638688,0.9945651292800904,0.99554414
2024-11-05,0.0523105756365645,0.052350823,0.03213823633268475,0.0117453197017312,0.0525311529636383,0.9945924878120422,0.9955786
2024-11-06,0.0143142584214052,0.014302531,0.02049987297505135,0.0267538391053676,0.0142459068447351,0.9945303797721864,0.99547285
2024-11-07,0.0181343065794737,0.018142845,0.01230511767789715,0.0064061200246214,0.0182041153311729,0.9941179752349854,0.9948067
2024-11-08,0.0348707406025521,0.03488485,0.0198667703662067,0.0046716597862541,0.0350618809461593,0.993723452091217,0.9941748
2024-11-11,0.0003877125818549,0.00038768467,0.001172603588202,0.0019674799405038,0.0003777272359002,0.993711233139038,0.9937365
2024-11-12,-0.017839298694768,-0.017838245,-0.01097323116846375,-0.0040176999755203,-0.0179287623614072,0.993557870388031,0.99349314
2024-11-13,-0.0101730855966941,-0.010171231,-0.00483677719603295,0.0005705999792553,-0.0102441543713212,0.993415355682373,0.99325705
2024-11-14,-0.0242936481280891,-0.02428731,-0.01527702086605125,-0.0061360602267086,-0.0244179815053939,0.9931865930557252,0.9928524
2024-11-15,-0.0211956029226814,-0.02119201,-0.0164835518226027,-0.0117057804018259,-0.0212613232433795,0.9931147694587708,0.9927464
2024-11-18,0.0113928526851421,0.011390382,0.007336256210692199,0.0032270599622279,0.0114454524591565,0.99366694688797,0.99329925
2024-11-19,0.0181503772388499,0.018145086,0.010343612288124799,0.002437480026856,0.0182497445493936,0.9937191009521484,0.99338126
2024-11-20,0.0039839239216444,0.0039833835,0.00244210966047825,0.0008809799910522,0.0040032393299043,0.9938581585884094,0.9936406
2024-11-21,0.0270462859292324,0.027044907,0.016756118042394498,0.0063414401374757,0.0271707959473133,0.9940306544303894,0.99395615
2024-11-22,0.0118351349812421,0.011834857,0.0080697555094957,0.0042592799291014,0.01188023108989,0.994090497493744,0.9940461
2024-11-25,0.0111692026343784,0.011166126,0.0078883825335651,0.0045686601661145,0.0112081049010157,0.9941495656967164,0.9936772
2024-11-26,0.1450719365514763,0.14497781,0.07536892243660985,0.0048120399005711,0.1459258049726486,0.9939504861831664,0.9932821
2024-11-27,0.0015859528410945,0.0015822118,-0.0006635640165769001,-0.0029418000485748,0.001614672015421,0.9937426447868348,0.99287605
2024-11-29,0.0081521825735798,0.008150243,0.0071022612974047505,0.0060386601835489,0.0081658624112606,0.9936246871948242,0.99265736
2024-12-02,-0.0043916491026501,-0.004384003,-0.0017479009111412,0.0009296200005337,-0.0044254218228161,0.9936825037002563,0.9922655
2024-12-03,0.0249498585201672,0.024910687,0.012575860706419906,3.956000000471249e-05,0.0251121614128351,0.993532657623291,0.99196434
2024-12-04,0.0135597428613393,0.013547731,0.00996285304427145,0.0063180001452565,0.0136077059432864,0.993433952331543,0.9917726
2024-12-05,0.0497263121343533,0.049639016,0.02390767366159705,-0.0022558399941772,0.0500711873173713,0.9934096932411194,0.99174094
2024-12-06,0.0165548953444644,0.016528916,0.008801642426988051,0.0009448800119571,0.016658404842019,0.9934129118919371,0.99175936
2024-12-09,-0.010427555402004,-0.010415906,-0.007759482599794851,-0.0050562201067805,-0.0104627450928092,0.9934790134429932,0.9913366
2024-12-10,-0.0124336402643004,-0.012416281,-0.0078020348446443,-0.0031115200836211,-0.0124925496056675,0.9936971068382264,0.9918699
2024-12-11,0.0054657901957935,0.005466576,0.0056620312388986,0.0058606201782822,0.005463442299515,0.9938082098960876,0.9921101
2024-12-12,-0.0133142303600415,-0.0132993935,-0.009251118870452,-0.0051366197876632,-0.0133656179532408,0.9937479496002196,0.99195224
2024-12-13,-0.0074621000743994,-0.007449888,-0.0040182430821005,-0.0005311000277288,-0.0075053861364722,0.9937877655029296,0.9920425
2024-12-16,0.0064442554925342,0.00643781,0.00477819680236275,0.0030917199328541,0.0064646736718714,0.9940133690834044,0.9920357
2024-12-17,-0.0108239707570881,-0.010812684,-0.00769438617862755,-0.0045280600897967,-0.0108607122674584,0.9941728711128236,0.9924158
2024-12-18,-0.0404149690806632,-0.04039854,-0.03480382356792685,-0.0291297193616628,-0.0404779277741909,0.994429349899292,0.9930045
2024-12-19,-0.0053194515608039,-0.005316374,-0.0027320728731865,-0.0001201600025524,-0.0053439857438206,0.9951629638671876,0.9947142
2024-12-20,0.0223564246134576,0.022354033,0.01721910154446955,0.012034079991281,0.0224041230976581,0.9954256415367126,0.9951697
2024-12-23,0.0058158936079304,0.005815499,0.0054383082315325,0.0050572198815643,0.0058193965815007,0.9954959154129028,0.9948862
2024-12-24,0.0076475768680701,0.0076502273,0.00913156848400825,0.0106293596327304,0.0076337773352861,0.9953420162200928,0.9945088
2024-12-26,0.013392497741143,0.013375517,0.00690468843095,0.0003504999913275,0.0134588768705725,0.9949648976325988,0.9936407
2024-12-27,-0.0092455242319528,-0.009246458,-0.0096037830226123,-0.0099659403786063,-0.0092416256666183,0.9948191046714784,0.9933295
2024-12-30,-0.0119277829733555,-0.011926315,-0.011530000716447799,-0.0111285001039505,-0.0119315013289451,0.9950643181800842,0.99353987
2024-12-31,-0.006414042505233,-0.006409647,-0.0047635009977966,-0.0030972799286246,-0.0064297220669686,0.995241641998291,0.99397594
