epoch,train_loss,val_loss,train_mean_return,train_mean_log1p_return,train_discounted_log1p_return,train_cvar,train_turnover,train_volatility,train_vol_excess,train_weight_path,train_diversify,val_mean_return,val_mean_log1p_return,val_discounted_log1p_return,val_cvar,val_turnover,val_volatility,val_vol_excess,val_weight_path,val_diversify,train_diag_grad_norm_pre_mean,train_diag_grad_norm_pre_max,train_diag_grad_norm_post_mean,train_diag_grad_norm_post_max,train_diag_nan_loss_batches,train_diag_nan_grad_batches,train_diag_skipped_nan_batches,train_term_breakdown,val_term_breakdown,lr,online_step,decision_idx,gate_mode,gate_passed,gate_reason,gate_val_improvement,gate_relative_improvement,n_hist
1,-0.0028345875907689333,-0.0014485459541901946,0.0029749737586826086,0.0028345875907689333,0.0028345875907689333,0.0006884336471557617,0.0,0.0002840156084857881,0.017529308795928955,0.0,0.0,0.0015115264104679227,0.0014485459541901946,0.0014485459541901946,0.00030645914375782013,6.315171776805073e-05,0.00012464718020055443,0.0,3.439935669646843e-09,0.0,0.003705395618453622,0.003705395618453622,0.003705395618453622,0.003705395618453622,0,0,0,"{'mean': {'raw': -0.0029749737586826086, 'lambda': 0.0, 'weighted': 0.0}, 'log_growth': {'raw': -0.0028345875907689333, 'lambda': 1.0, 'weighted': -0.0028345875907689333}, 'cvar': {'raw': -0.0006884336471557617, 'lambda': 0.0, 'weighted': 0.0}, 'turnover': {'raw': 0.0, 'lambda': 0.0, 'weighted': 0.0}, 'volatility': {'raw': 0.0002840156084857881, 'lambda': 0.0, 'weighted': 0.0}, 'vol_excess': {'raw': 0.017529308795928955, 'lambda': 0.0, 'weighted': 0.0}, 'weight_path': {'raw': 0.0, 'lambda': 0.0, 'weighted': 0.0}, 'diversify': {'raw': 0.0, 'lambda': 0.0, 'weighted': 0.0}}","{'mean': {'raw': -0.0015115264104679227, 'lambda': 0.0, 'weighted': 0.0}, 'log_growth': {'raw': -0.0014485459541901946, 'lambda': 1.0, 'weighted': -0.0014485459541901946}, 'cvar': {'raw': -0.00030645914375782013, 'lambda': 0.0, 'weighted': 0.0}, 'turnover': {'raw': 6.315171776805073e-05, 'lambda': 0.0, 'weighted': 0.0}, 'volatility': {'raw': 0.00012464718020055443, 'lambda': 0.0, 'weighted': 0.0}, 'vol_excess': {'raw': 0.0, 'lambda': 0.0, 'weighted': 0.0}, 'weight_path': {'raw': 3.439935669646843e-09, 'lambda': 0.0, 'weighted': 0.0}, 'diversify': {'raw': 0.0, 'lambda': 0.0, 'weighted': 0.0}}",0.0003,0,252,cadence,1,bootstrap_accept,2.8384383767843246e-06,0.0019595086829065334,252
2,-0.0028407475911080837,-0.001451384392566979,0.002981932368129492,0.0028407475911080837,0.0028407475911080837,0.0006851460784673691,0.00035934062907472253,0.00028572726296260953,0.018334269523620605,9.795532918133176e-08,0.0,0.0015146950026974082,0.001451384392566979,0.001451384392566979,0.0003034714609384537,0.00012479662836994976,0.00012530694948509336,0.0,1.3418571143120062e-08,0.0,0.0033771218731999397,0.0033771218731999397,0.0033771218731999397,0.0033771218731999397,0,0,0,"{'mean': {'raw': -0.002981932368129492, 'lambda': 0.0, 'weighted': 0.0}, 'log_growth': {'raw': -0.0028407475911080837, 'lambda': 1.0, 'weighted': -0.0028407475911080837}, 'cvar': {'raw': -0.0006851460784673691, 'lambda': 0.0, 'weighted': 0.0}, 'turnover': {'raw': 0.00035934062907472253, 'lambda': 0.0, 'weighted': 0.0}, 'volatility': {'raw': 0.00028572726296260953, 'lambda': 0.0, 'weighted': 0.0}, 'vol_excess': {'raw': 0.018334269523620605, 'lambda': 0.0, 'weighted': 0.0}, 'weight_path': {'raw': 9.795532918133176e-08, 'lambda': 0.0, 'weighted': 0.0}, 'diversify': {'raw': 0.0, 'lambda': 0.0, 'weighted': 0.0}}","{'mean': {'raw': -0.0015146950026974082, 'lambda': 0.0, 'weighted': 0.0}, 'log_growth': {'raw': -0.001451384392566979, 'lambda': 1.0, 'weighted': -0.001451384392566979}, 'cvar': {'raw': -0.0003034714609384537, 'lambda': 0.0, 'weighted': 0.0}, 'turnover': {'raw': 0.00012479662836994976, 'lambda': 0.0, 'weighted': 0.0}, 'volatility': {'raw': 0.00012530694948509336, 'lambda': 0.0, 'weighted': 0.0}, 'vol_excess': {'raw': 0.0, 'lambda': 0.0, 'weighted': 0.0}, 'weight_path': {'raw': 1.3418571143120062e-08, 'lambda': 0.0, 'weighted': 0.0}, 'diversify': {'raw': 0.0, 'lambda': 0.0, 'weighted': 0.0}}",0.0003,0,252,cadence,1,bootstrap_accept,2.8384383767843246e-06,0.0019595086829065334,252
1,-0.0025004204362630844,-0.003026349935680628,0.0026442240923643112,0.0025004204362630844,0.0025004204362630844,0.0002841785317286849,0.0005852963658981025,0.00029288470977917314,0.021674364805221558,2.788166000300407e-07,0.0,0.003080935450270772,0.003026349935680628,0.003026349935680628,0.002126199658960104,0.0001785409403964877,0.00010110106086358428,0.0,2.6827297716636167e-08,0.0,0.0028007838409394026,0.0028007838409394026,0.0028007838409394026,0.0028007838409394026,0,0,0,"{'mean': {'raw': -0.0026442240923643112, 'lambda': 0.0, 'weighted': 0.0}, 'log_growth': {'raw': -0.0025004204362630844, 'lambda': 1.0, 'weighted': -0.0025004204362630844}, 'cvar': {'raw': -0.0002841785317286849, 'lambda': 0.0, 'weighted': 0.0}, 'turnover': {'raw': 0.0005852963658981025, 'lambda': 0.0, 'weighted': 0.0}, 'volatility': {'raw': 0.00029288470977917314, 'lambda': 0.0, 'weighted': 0.0}, 'vol_excess': {'raw': 0.021674364805221558, 'lambda': 0.0, 'weighted': 0.0}, 'weight_path': {'raw': 2.788166000300407e-07, 'lambda': 0.0, 'weighted': 0.0}, 'diversify': {'raw': 0.0, 'lambda': 0.0, 'weighted': 0.0}}","{'mean': {'raw': -0.003080935450270772, 'lambda': 0.0, 'weighted': 0.0}, 'log_growth': {'raw': -0.003026349935680628, 'lambda': 1.0, 'weighted': -0.003026349935680628}, 'cvar': {'raw': -0.002126199658960104, 'lambda': 0.0, 'weighted': 0.0}, 'turnover': {'raw': 0.0001785409403964877, 'lambda': 0.0, 'weighted': 0.0}, 'volatility': {'raw': 0.00010110106086358428, 'lambda': 0.0, 'weighted': 0.0}, 'vol_excess': {'raw': 0.0, 'lambda': 0.0, 'weighted': 0.0}, 'weight_path': {'raw': 2.6827297716636167e-08, 'lambda': 0.0, 'weighted': 0.0}, 'diversify': {'raw': 0.0, 'lambda': 0.0, 'weighted': 0.0}}",0.0003,5,257,cadence,1,cadence_accept,6.111571565270424e-06,0.00201945303522095,252
2,-0.002506455173715949,-0.0030324615072458982,0.0026511673349887133,0.002506455173715949,0.002506455173715949,0.00027986179338768125,0.0010315296240150928,0.00029485306004062295,0.02258571982383728,8.354680858246866e-07,0.0,0.003087337827309966,0.0030324615072458982,0.0030324615072458982,0.0021275528706610203,0.00024080455477815121,0.00010165573621634394,0.0,4.8754213111124045e-08,0.0,0.00296787335537374,0.00296787335537374,0.00296787335537374,0.00296787335537374,0,0,0,"{'mean': {'raw': -0.0026511673349887133, 'lambda': 0.0, 'weighted': 0.0}, 'log_growth': {'raw': -0.002506455173715949, 'lambda': 1.0, 'weighted': -0.002506455173715949}, 'cvar': {'raw': -0.00027986179338768125, 'lambda': 0.0, 'weighted': 0.0}, 'turnover': {'raw': 0.0010315296240150928, 'lambda': 0.0, 'weighted': 0.0}, 'volatility': {'raw': 0.00029485306004062295, 'lambda': 0.0, 'weighted': 0.0}, 'vol_excess': {'raw': 0.02258571982383728, 'lambda': 0.0, 'weighted': 0.0}, 'weight_path': {'raw': 8.354680858246866e-07, 'lambda': 0.0, 'weighted': 0.0}, 'diversify': {'raw': 0.0, 'lambda': 0.0, 'weighted': 0.0}}","{'mean': {'raw': -0.003087337827309966, 'lambda': 0.0, 'weighted': 0.0}, 'log_growth': {'raw': -0.0030324615072458982, 'lambda': 1.0, 'weighted': -0.0030324615072458982}, 'cvar': {'raw': -0.0021275528706610203, 'lambda': 0.0, 'weighted': 0.0}, 'turnover': {'raw': 0.00024080455477815121, 'lambda': 0.0, 'weighted': 0.0}, 'volatility': {'raw': 0.00010165573621634394, 'lambda': 0.0, 'weighted': 0.0}, 'vol_excess': {'raw': 0.0, 'lambda': 0.0, 'weighted': 0.0}, 'weight_path': {'raw': 4.8754213111124045e-08, 'lambda': 0.0, 'weighted': 0.0}, 'diversify': {'raw': 0.0, 'lambda': 0.0, 'weighted': 0.0}}",0.0003,5,257,cadence,1,cadence_accept,6.111571565270424e-06,0.00201945303522095,252
1,-0.002733080182224512,-0.0021403380669653416,0.002882510656490922,0.002733080182224512,0.002733080182224512,0.0004413546994328499,0.001344300457276404,0.00030345041886903346,0.026531189680099487,1.3611994518214487e-06,0.0,0.002179741160944104,0.0021403380669653416,0.0021403380669653416,0.0014447667635977268,0.0002887201262637973,7.451565761584789e-05,0.0,6.844847177944757e-08,0.0,0.0033518089912831783,0.0033518089912831783,0.0033518089912831783,0.0033518089912831783,0,0,0,"{'mean': {'raw': -0.002882510656490922, 'lambda': 0.0, 'weighted': 0.0}, 'log_growth': {'raw': -0.002733080182224512, 'lambda': 1.0, 'weighted': -0.002733080182224512}, 'cvar': {'raw': -0.0004413546994328499, 'lambda': 0.0, 'weighted': 0.0}, 'turnover': {'raw': 0.001344300457276404, 'lambda': 0.0, 'weighted': 0.0}, 'volatility': {'raw': 0.00030345041886903346, 'lambda': 0.0, 'weighted': 0.0}, 'vol_excess': {'raw': 0.026531189680099487, 'lambda': 0.0, 'weighted': 0.0}, 'weight_path': {'raw': 1.3611994518214487e-06, 'lambda': 0.0, 'weighted': 0.0}, 'diversify': {'raw': 0.0, 'lambda': 0.0, 'weighted': 0.0}}","{'mean': {'raw': -0.002179741160944104, 'lambda': 0.0, 'weighted': 0.0}, 'log_growth': {'raw': -0.0021403380669653416, 'lambda': 1.0, 'weighted': -0.0021403380669653416}, 'cvar': {'raw': -0.0014447667635977268, 'lambda': 0.0, 'weighted': 0.0}, 'turnover': {'raw': 0.0002887201262637973, 'lambda': 0.0, 'weighted': 0.0}, 'volatility': {'raw': 7.451565761584789e-05, 'lambda': 0.0, 'weighted': 0.0}, 'vol_excess': {'raw': 0.0, 'lambda': 0.0, 'weighted': 0.0}, 'weight_path': {'raw': 6.844847177944757e-08, 'lambda': 0.0, 'weighted': 0.0}, 'diversify': {'raw': 0.0, 'lambda': 0.0, 'weighted': 0.0}}",0.0003,10,262,cadence,1,cadence_accept,4.245201125741005e-06,0.00198342551080101,252
2,-0.0027409596368670464,-0.0021445832680910826,0.0028915689326822758,0.0027409596368670464,0.0027409596368670464,0.0004363211337476969,0.001607205020263791,0.00030601443722844124,0.02769702672958374,2.13827365769248e-06,0.0,0.002184196375310421,0.0021445832680910826,0.0021445832680910826,0.0014453064650297165,0.00035373924765735865,7.49200553400442e-05,0.0,1.0219029888958175e-07,0.0,0.003548636566847563,0.003548636566847563,0.003548636566847563,0.003548636566847563,0,0,0,"{'mean': {'raw': -0.0028915689326822758, 'lambda': 0.0, 'weighted': 0.0}, 'log_growth': {'raw': -0.0027409596368670464, 'lambda': 1.0, 'weighted': -0.0027409596368670464}, 'cvar': {'raw': -0.0004363211337476969, 'lambda': 0.0, 'weighted': 0.0}, 'turnover': {'raw': 0.001607205020263791, 'lambda': 0.0, 'weighted': 0.0}, 'volatility': {'raw': 0.00030601443722844124, 'lambda': 0.0, 'weighted': 0.0}, 'vol_excess': {'raw': 0.02769702672958374, 'lambda': 0.0, 'weighted': 0.0}, 'weight_path': {'raw': 2.13827365769248e-06, 'lambda': 0.0, 'weighted': 0.0}, 'diversify': {'raw': 0.0, 'lambda': 0.0, 'weighted': 0.0}}","{'mean': {'raw': -0.002184196375310421, 'lambda': 0.0, 'weighted': 0.0}, 'log_growth': {'raw': -0.0021445832680910826, 'lambda': 1.0, 'weighted': -0.0021445832680910826}, 'cvar': {'raw': -0.0014453064650297165, 'lambda': 0.0, 'weighted': 0.0}, 'turnover': {'raw': 0.00035373924765735865, 'lambda': 0.0, 'weighted': 0.0}, 'volatility': {'raw': 7.49200553400442e-05, 'lambda': 0.0, 'weighted': 0.0}, 'vol_excess': {'raw': 0.0, 'lambda': 0.0, 'weighted': 0.0}, 'weight_path': {'raw': 1.0219029888958175e-07, 'lambda': 0.0, 'weighted': 0.0}, 'diversify': {'raw': 0.0, 'lambda': 0.0, 'weighted': 0.0}}",0.0003,10,262,cadence,1,cadence_accept,4.245201125741005e-06,0.00198342551080101,252
1,-0.002696823561564088,-0.0021896096877753735,0.002848041709512472,0.002696823561564088,0.002696823561564088,0.000384575774660334,0.0018472573719918728,0.00030762472306378186,0.02842673659324646,2.6883035388891585e-06,0.0,0.0022292975336313248,0.0021896096877753735,0.0021896096877753735,0.0014911694452166557,0.00040846227784641087,7.48837846913375e-05,0.0,1.3727255065987265e-07,0.0,0.003567546373233199,0.003567546373233199,0.003567546373233199,0.003567546373233199,0,0,0,"{'mean': {'raw': -0.002848041709512472, 'lambda': 0.0, 'weighted': 0.0}, 'log_growth': {'raw': -0.002696823561564088, 'lambda': 1.0, 'weighted': -0.002696823561564088}, 'cvar': {'raw': -0.000384575774660334, 'lambda': 0.0, 'weighted': 0.0}, 'turnover': {'raw': 0.0018472573719918728, 'lambda': 0.0, 'weighted': 0.0}, 'volatility': {'raw': 0.00030762472306378186, 'lambda': 0.0, 'weighted': 0.0}, 'vol_excess': {'raw': 0.02842673659324646, 'lambda': 0.0, 'weighted': 0.0}, 'weight_path': {'raw': 2.6883035388891585e-06, 'lambda': 0.0, 'weighted': 0.0}, 'diversify': {'raw': 0.0, 'lambda': 0.0, 'weighted': 0.0}}","{'mean': {'raw': -0.0022292975336313248, 'lambda': 0.0, 'weighted': 0.0}, 'log_growth': {'raw': -0.0021896096877753735, 'lambda': 1.0, 'weighted': -0.0021896096877753735}, 'cvar': {'raw': -0.0014911694452166557, 'lambda': 0.0, 'weighted': 0.0}, 'turnover': {'raw': 0.00040846227784641087, 'lambda': 0.0, 'weighted': 0.0}, 'volatility': {'raw': 7.48837846913375e-05, 'lambda': 0.0, 'weighted': 0.0}, 'vol_excess': {'raw': 0.0, 'lambda': 0.0, 'weighted': 0.0}, 'weight_path': {'raw': 1.3727255065987265e-07, 'lambda': 0.0, 'weighted': 0.0}, 'diversify': {'raw': 0.0, 'lambda': 0.0, 'weighted': 0.0}}",0.0003,15,267,cadence,1,cadence_accept,6.054295226931572e-06,0.002765011160650133,252
2,-0.002707247156649828,-0.002195663983002305,0.0028597929049283266,0.002707247156649828,0.002707247156649828,0.0003804975713137537,0.0022375741973519325,0.00031050265533849597,0.0297260582447052,4.443809302756563e-06,0.0,0.0022356240078806877,0.002195663983002305,0.002195663983002305,0.0014924793504178524,0.0004744011093862355,7.540541992057115e-05,0.0,1.8500493581541377e-07,0.0,0.003871093736961484,0.003871093736961484,0.003871093736961484,0.003871093736961484,0,0,0,"{'mean': {'raw': -0.0028597929049283266, 'lambda': 0.0, 'weighted': 0.0}, 'log_growth': {'raw': -0.002707247156649828, 'lambda': 1.0, 'weighted': -0.002707247156649828}, 'cvar': {'raw': -0.0003804975713137537, 'lambda': 0.0, 'weighted': 0.0}, 'turnover': {'raw': 0.0022375741973519325, 'lambda': 0.0, 'weighted': 0.0}, 'volatility': {'raw': 0.00031050265533849597, 'lambda': 0.0, 'weighted': 0.0}, 'vol_excess': {'raw': 0.0297260582447052, 'lambda': 0.0, 'weighted': 0.0}, 'weight_path': {'raw': 4.443809302756563e-06, 'lambda': 0.0, 'weighted': 0.0}, 'diversify': {'raw': 0.0, 'lambda': 0.0, 'weighted': 0.0}}","{'mean': {'raw': -0.0022356240078806877, 'lambda': 0.0, 'weighted': 0.0}, 'log_growth': {'raw': -0.002195663983002305, 'lambda': 1.0, 'weighted': -0.002195663983002305}, 'cvar': {'raw': -0.0014924793504178524, 'lambda': 0.0, 'weighted': 0.0}, 'turnover': {'raw': 0.0004744011093862355, 'lambda': 0.0, 'weighted': 0.0}, 'volatility': {'raw': 7.540541992057115e-05, 'lambda': 0.0, 'weighted': 0.0}, 'vol_excess': {'raw': 0.0, 'lambda': 0.0, 'weighted': 0.0}, 'weight_path': {'raw': 1.8500493581541377e-07, 'lambda': 0.0, 'weighted': 0.0}, 'diversify': {'raw': 0.0, 'lambda': 0.0, 'weighted': 0.0}}",0.0003,15,267,cadence,1,cadence_accept,6.054295226931572e-06,0.002765011160650133,252
1,-0.0027078166604042053,-0.002274828962981701,0.0028614443726837635,0.0027078166604042053,0.0027078166604042053,0.0003687335120048374,0.002750339452177286,0.0003128921380266547,0.030800312757492065,6.246964403544553e-06,0.0,0.002312414115294814,0.002274828962981701,0.002274828962981701,0.0016224931459873915,0.0005428451113402843,7.033281872281805e-05,0.0,2.4374952545258566e-07,0.0,0.0035657978150993586,0.0035657978150993586,0.0035657978150993586,0.0035657978150993586,0,0,0,"{'mean': {'raw': -0.0028614443726837635, 'lambda': 0.0, 'weighted': 0.0}, 'log_growth': {'raw': -0.0027078166604042053, 'lambda': 1.0, 'weighted': -0.0027078166604042053}, 'cvar': {'raw': -0.0003687335120048374, 'lambda': 0.0, 'weighted': 0.0}, 'turnover': {'raw': 0.002750339452177286, 'lambda': 0.0, 'weighted': 0.0}, 'volatility': {'raw': 0.0003128921380266547, 'lambda': 0.0, 'weighted': 0.0}, 'vol_excess': {'raw': 0.030800312757492065, 'lambda': 0.0, 'weighted': 0.0}, 'weight_path': {'raw': 6.246964403544553e-06, 'lambda': 0.0, 'weighted': 0.0}, 'diversify': {'raw': 0.0, 'lambda': 0.0, 'weighted': 0.0}}","{'mean': {'raw': -0.002312414115294814, 'lambda': 0.0, 'weighted': 0.0}, 'log_growth': {'raw': -0.002274828962981701, 'lambda': 1.0, 'weighted': -0.002274828962981701}, 'cvar': {'raw': -0.0016224931459873915, 'lambda': 0.0, 'weighted': 0.0}, 'turnover': {'raw': 0.0005428451113402843, 'lambda': 0.0, 'weighted': 0.0}, 'volatility': {'raw': 7.033281872281805e-05, 'lambda': 0.0, 'weighted': 0.0}, 'vol_excess': {'raw': 0.0, 'lambda': 0.0, 'weighted': 0.0}, 'weight_path': {'raw': 2.4374952545258566e-07, 'lambda': 0.0, 'weighted': 0.0}, 'diversify': {'raw': 0.0, 'lambda': 0.0, 'weighted': 0.0}}",0.0003,20,272,cadence,1,cadence_accept,6.431713700294495e-06,0.0028273394624960613,252
2,-0.002717444906011224,-0.0022812606766819954,0.0028717941604554653,0.002717444906011224,0.002717444906011224,0.0003666517441160977,0.003533772425726056,0.00031432806281372905,0.031443893909454346,9.715249689179473e-06,0.0,0.002319133374840021,0.0022812606766819954,0.0022812606766819954,0.0016239772085100412,0.0006126129883341491,7.088303391356021e-05,0.0,3.096418481618457e-07,0.0,0.0036422202829271555,0.0036422202829271555,0.0036422202829271555,0.0036422202829271555,0,0,0,"{'mean': {'raw': -0.0028717941604554653, 'lambda': 0.0, 'weighted': 0.0}, 'log_growth': {'raw': -0.002717444906011224, 'lambda': 1.0, 'weighted': -0.002717444906011224}, 'cvar': {'raw': -0.0003666517441160977, 'lambda': 0.0, 'weighted': 0.0}, 'turnover': {'raw': 0.003533772425726056, 'lambda': 0.0, 'weighted': 0.0}, 'volatility': {'raw': 0.00031432806281372905, 'lambda': 0.0, 'weighted': 0.0}, 'vol_excess': {'raw': 0.031443893909454346, 'lambda': 0.0, 'weighted': 0.0}, 'weight_path': {'raw': 9.715249689179473e-06, 'lambda': 0.0, 'weighted': 0.0}, 'diversify': {'raw': 0.0, 'lambda': 0.0, 'weighted': 0.0}}","{'mean': {'raw': -0.002319133374840021, 'lambda': 0.0, 'weighted': 0.0}, 'log_growth': {'raw': -0.0022812606766819954, 'lambda': 1.0, 'weighted': -0.0022812606766819954}, 'cvar': {'raw': -0.0016239772085100412, 'lambda': 0.0, 'weighted': 0.0}, 'turnover': {'raw': 0.0006126129883341491, 'lambda': 0.0, 'weighted': 0.0}, 'volatility': {'raw': 7.088303391356021e-05, 'lambda': 0.0, 'weighted': 0.0}, 'vol_excess': {'raw': 0.0, 'lambda': 0.0, 'weighted': 0.0}, 'weight_path': {'raw': 3.096418481618457e-07, 'lambda': 0.0, 'weighted': 0.0}, 'diversify': {'raw': 0.0, 'lambda': 0.0, 'weighted': 0.0}}",0.0003,20,272,cadence,1,cadence_accept,6.431713700294495e-06,0.0028273394624960613,252
1,-0.0027469592168927193,-0.0016519699711352587,0.0029021932277828455,0.0027469592168927193,0.0027469592168927193,0.00039350937004201114,0.0042147208005189896,0.00031631646561436355,0.03233268857002258,1.510530728410231e-05,0.0,0.0016911268467083573,0.0016519699711352587,0.0016519699711352587,0.0009492509416304529,0.0007283097365871072,7.59438262321055e-05,0.0,4.593029814259353e-07,0.0,0.003609545761719346,0.003609545761719346,0.003609545761719346,0.003609545761719346,0,0,0,"{'mean': {'raw': -0.0029021932277828455, 'lambda': 0.0, 'weighted': 0.0}, 'log_growth': {'raw': -0.0027469592168927193, 'lambda': 1.0, 'weighted': -0.0027469592168927193}, 'cvar': {'raw': -0.00039350937004201114, 'lambda': 0.0, 'weighted': 0.0}, 'turnover': {'raw': 0.0042147208005189896, 'lambda': 0.0, 'weighted': 0.0}, 'volatility': {'raw': 0.00031631646561436355, 'lambda': 0.0, 'weighted': 0.0}, 'vol_excess': {'raw': 0.03233268857002258, 'lambda': 0.0, 'weighted': 0.0}, 'weight_path': {'raw': 1.510530728410231e-05, 'lambda': 0.0, 'weighted': 0.0}, 'diversify': {'raw': 0.0, 'lambda': 0.0, 'weighted': 0.0}}","{'mean': {'raw': -0.0016911268467083573, 'lambda': 0.0, 'weighted': 0.0}, 'log_growth': {'raw': -0.0016519699711352587, 'lambda': 1.0, 'weighted': -0.0016519699711352587}, 'cvar': {'raw': -0.0009492509416304529, 'lambda': 0.0, 'weighted': 0.0}, 'turnover': {'raw': 0.0007283097365871072, 'lambda': 0.0, 'weighted': 0.0}, 'volatility': {'raw': 7.59438262321055e-05, 'lambda': 0.0, 'weighted': 0.0}, 'vol_excess': {'raw': 0.0, 'lambda': 0.0, 'weighted': 0.0}, 'weight_path': {'raw': 4.593029814259353e-07, 'lambda': 0.0, 'weighted': 0.0}, 'diversify': {'raw': 0.0, 'lambda': 0.0, 'weighted': 0.0}}",0.0003,25,277,cadence,1,cadence_accept,5.0497474148869514e-06,0.0030568033923521537,252
2,-0.002762747462838888,-0.0016570197185501456,0.002919450867921114,0.002762747462838888,0.002762747462838888,0.00039322959491983056,0.004167492035776377,0.00031947664683684707,0.03373950719833374,1.4020598428032827e-05,0.0,0.0016965290997177362,0.0016570197185501456,0.0016570197185501456,0.0009480363223701715,0.0008081019041128457,7.66384691814892e-05,0.0,5.650770731335797e-07,0.0,0.004071291536092758,0.004071291536092758,0.004071291536092758,0.004071291536092758,0,0,0,"{'mean': {'raw': -0.002919450867921114, 'lambda': 0.0, 'weighted': 0.0}, 'log_growth': {'raw': -0.002762747462838888, 'lambda': 1.0, 'weighted': -0.002762747462838888}, 'cvar': {'raw': -0.00039322959491983056, 'lambda': 0.0, 'weighted': 0.0}, 'turnover': {'raw': 0.004167492035776377, 'lambda': 0.0, 'weighted': 0.0}, 'volatility': {'raw': 0.00031947664683684707, 'lambda': 0.0, 'weighted': 0.0}, 'vol_excess': {'raw': 0.03373950719833374, 'lambda': 0.0, 'weighted': 0.0}, 'weight_path': {'raw': 1.4020598428032827e-05, 'lambda': 0.0, 'weighted': 0.0}, 'diversify': {'raw': 0.0, 'lambda': 0.0, 'weighted': 0.0}}","{'mean': {'raw': -0.0016965290997177362, 'lambda': 0.0, 'weighted': 0.0}, 'log_growth': {'raw': -0.0016570197185501456, 'lambda': 1.0, 'weighted': -0.0016570197185501456}, 'cvar': {'raw': -0.0009480363223701715, 'lambda': 0.0, 'weighted': 0.0}, 'turnover': {'raw': 0.0008081019041128457, 'lambda': 0.0, 'weighted': 0.0}, 'volatility': {'raw': 7.66384691814892e-05, 'lambda': 0.0, 'weighted': 0.0}, 'vol_excess': {'raw': 0.0, 'lambda': 0.0, 'weighted': 0.0}, 'weight_path': {'raw': 5.650770731335797e-07, 'lambda': 0.0, 'weighted': 0.0}, 'diversify': {'raw': 0.0, 'lambda': 0.0, 'weighted': 0.0}}",0.0003,25,277,cadence,1,cadence_accept,5.0497474148869514e-06,0.0030568033923521537,252
1,-0.002725536236539483,-0.0022056878078728914,0.002883299719542265,0.002725536236539483,0.002725536236539483,0.00034295377554371953,0.005123327486217022,0.0003220298676751554,0.034871071577072144,1.9795934349531308e-05,0.0,0.0022511642891913652,0.0022056878078728914,0.0022056878078728914,0.0014046892756596208,0.0009437608532607555,8.651929965708405e-05,0.0,7.422206067531079e-07,0.0,0.00441717728972435,0.00441717728972435,0.00441717728972435,0.00441717728972435,0,0,0,"{'mean': {'raw': -0.002883299719542265, 'lambda': 0.0, 'weighted': 0.0}, 'log_growth': {'raw': -0.002725536236539483, 'lambda': 1.0, 'weighted': -0.002725536236539483}, 'cvar': {'raw': -0.00034295377554371953, 'lambda': 0.0, 'weighted': 0.0}, 'turnover': {'raw': 0.005123327486217022, 'lambda': 0.0, 'weighted': 0.0}, 'volatility': {'raw': 0.0003220298676751554, 'lambda': 0.0, 'weighted': 0.0}, 'vol_excess': {'raw': 0.034871071577072144, 'lambda': 0.0, 'weighted': 0.0}, 'weight_path': {'raw': 1.9795934349531308e-05, 'lambda': 0.0, 'weighted': 0.0}, 'diversify': {'raw': 0.0, 'lambda': 0.0, 'weighted': 0.0}}","{'mean': {'raw': -0.0022511642891913652, 'lambda': 0.0, 'weighted': 0.0}, 'log_growth': {'raw': -0.0022056878078728914, 'lambda': 1.0, 'weighted': -0.0022056878078728914}, 'cvar': {'raw': -0.0014046892756596208, 'lambda': 0.0, 'weighted': 0.0}, 'turnover': {'raw': 0.0009437608532607555, 'lambda': 0.0, 'weighted': 0.0}, 'volatility': {'raw': 8.651929965708405e-05, 'lambda': 0.0, 'weighted': 0.0}, 'vol_excess': {'raw': 0.0, 'lambda': 0.0, 'weighted': 0.0}, 'weight_path': {'raw': 7.422206067531079e-07, 'lambda': 0.0, 'weighted': 0.0}, 'diversify': {'raw': 0.0, 'lambda': 0.0, 'weighted': 0.0}}",0.0003,30,282,cadence,1,cadence_accept,6.659189239144325e-06,0.0030190987193909266,252
2,-0.002730310894548893,-0.0022123469971120358,0.0028895335271954536,0.002730310894548893,0.002730310894548893,0.00032944371923804283,0.005708377342671156,0.0003251837333664298,0.0362626314163208,2.7156234864378348e-05,0.0,0.002258269116282463,0.0022123469971120358,0.0022123469971120358,0.0014035027706995606,0.001032626023516059,8.738933684071526e-05,0.0,8.883318400876306e-07,0.0,0.004156173672527075,0.004156173672527075,0.004156173672527075,0.004156173672527075,0,0,0,"{'mean': {'raw': -0.0028895335271954536, 'lambda': 0.0, 'weighted': 0.0}, 'log_growth': {'raw': -0.002730310894548893, 'lambda': 1.0, 'weighted': -0.002730310894548893}, 'cvar': {'raw': -0.00032944371923804283, 'lambda': 0.0, 'weighted': 0.0}, 'turnover': {'raw': 0.005708377342671156, 'lambda': 0.0, 'weighted': 0.0}, 'volatility': {'raw': 0.0003251837333664298, 'lambda': 0.0, 'weighted': 0.0}, 'vol_excess': {'raw': 0.0362626314163208, 'lambda': 0.0, 'weighted': 0.0}, 'weight_path': {'raw': 2.7156234864378348e-05, 'lambda': 0.0, 'weighted': 0.0}, 'diversify': {'raw': 0.0, 'lambda': 0.0, 'weighted': 0.0}}","{'mean': {'raw': -0.002258269116282463, 'lambda': 0.0, 'weighted': 0.0}, 'log_growth': {'raw': -0.0022123469971120358, 'lambda': 1.0, 'weighted': -0.0022123469971120358}, 'cvar': {'raw': -0.0014035027706995606, 'lambda': 0.0, 'weighted': 0.0}, 'turnover': {'raw': 0.001032626023516059, 'lambda': 0.0, 'weighted': 0.0}, 'volatility': {'raw': 8.738933684071526e-05, 'lambda': 0.0, 'weighted': 0.0}, 'vol_excess': {'raw': 0.0, 'lambda': 0.0, 'weighted': 0.0}, 'weight_path': {'raw': 8.883318400876306e-07, 'lambda': 0.0, 'weighted': 0.0}, 'diversify': {'raw': 0.0, 'lambda': 0.0, 'weighted': 0.0}}",0.0003,30,282,cadence,1,cadence_accept,6.659189239144325e-06,0.0030190987193909266,252
1,-0.00285714166238904,-0.0026788755785673857,0.003013203153386712,0.00285714166238904,0.00285714166238904,0.0005498655955307186,0.00592410285025835,0.0003187107795383781,0.033399224281311035,2.8601916710613295e-05,0.0,0.002727668033912778,0.0026788755785673857,0.0026788755785673857,0.0018350454047322273,0.001035875640809536,9.084791963687167e-05,0.0,9.509717528999317e-07,0.0,0.004091211594641209,0.004091211594641209,0.004091211594641209,0.004091211594641209,0,0,0,"{'mean': {'raw': -0.003013203153386712, 'lambda': 0.0, 'weighted': 0.0}, 'log_growth': {'raw': -0.00285714166238904, 'lambda': 1.0, 'weighted': -0.00285714166238904}, 'cvar': {'raw': -0.0005498655955307186, 'lambda': 0.0, 'weighted': 0.0}, 'turnover': {'raw': 0.00592410285025835, 'lambda': 0.0, 'weighted': 0.0}, 'volatility': {'raw': 0.0003187107795383781, 'lambda': 0.0, 'weighted': 0.0}, 'vol_excess': {'raw': 0.033399224281311035, 'lambda': 0.0, 'weighted': 0.0}, 'weight_path': {'raw': 2.8601916710613295e-05, 'lambda': 0.0, 'weighted': 0.0}, 'diversify': {'raw': 0.0, 'lambda': 0.0, 'weighted': 0.0}}","{'mean': {'raw': -0.002727668033912778, 'lambda': 0.0, 'weighted': 0.0}, 'log_growth': {'raw': -0.0026788755785673857, 'lambda': 1.0, 'weighted': -0.0026788755785673857}, 'cvar': {'raw': -0.0018350454047322273, 'lambda': 0.0, 'weighted': 0.0}, 'turnover': {'raw': 0.001035875640809536, 'lambda': 0.0, 'weighted': 0.0}, 'volatility': {'raw': 9.084791963687167e-05, 'lambda': 0.0, 'weighted': 0.0}, 'vol_excess': {'raw': 0.0, 'lambda': 0.0, 'weighted': 0.0}, 'weight_path': {'raw': 9.509717528999317e-07, 'lambda': 0.0, 'weighted': 0.0}, 'diversify': {'raw': 0.0, 'lambda': 0.0, 'weighted': 0.0}}",0.0003,35,287,cadence,1,cadence_accept,1.2025237083435059e-05,0.0044889121298336025,252
2,-0.0028744994197040796,-0.0026909008156508207,0.0030318666249513626,0.0028744994197040796,0.0028744994197040796,0.0005489864852279425,0.006111865397542715,0.0003213868476450443,0.03458651900291443,2.900522122217808e-05,0.0,0.002740260912105441,0.0026909008156508207,0.0026909008156508207,0.0018372114282101393,0.0011215138947591186,9.192853030981496e-05,0.0,1.1145348253194243e-06,0.0,0.00464596739038825,0.00464596739038825,0.00464596739038825,0.00464596739038825,0,0,0,"{'mean': {'raw': -0.0030318666249513626, 'lambda': 0.0, 'weighted': 0.0}, 'log_growth': {'raw': -0.0028744994197040796, 'lambda': 1.0, 'weighted': -0.0028744994197040796}, 'cvar': {'raw': -0.0005489864852279425, 'lambda': 0.0, 'weighted': 0.0}, 'turnover': {'raw': 0.006111865397542715, 'lambda': 0.0, 'weighted': 0.0}, 'volatility': {'raw': 0.0003213868476450443, 'lambda': 0.0, 'weighted': 0.0}, 'vol_excess': {'raw': 0.03458651900291443, 'lambda': 0.0, 'weighted': 0.0}, 'weight_path': {'raw': 2.900522122217808e-05, 'lambda': 0.0, 'weighted': 0.0}, 'diversify': {'raw': 0.0, 'lambda': 0.0, 'weighted': 0.0}}","{'mean': {'raw': -0.002740260912105441, 'lambda': 0.0, 'weighted': 0.0}, 'log_growth': {'raw': -0.0026909008156508207, 'lambda': 1.0, 'weighted': -0.0026909008156508207}, 'cvar': {'raw': -0.0018372114282101393, 'lambda': 0.0, 'weighted': 0.0}, 'turnover': {'raw': 0.0011215138947591186, 'lambda': 0.0, 'weighted': 0.0}, 'volatility': {'raw': 9.192853030981496e-05, 'lambda': 0.0, 'weighted': 0.0}, 'vol_excess': {'raw': 0.0, 'lambda': 0.0, 'weighted': 0.0}, 'weight_path': {'raw': 1.1145348253194243e-06, 'lambda': 0.0, 'weighted': 0.0}, 'diversify': {'raw': 0.0, 'lambda': 0.0, 'weighted': 0.0}}",0.0003,35,287,cadence,1,cadence_accept,1.2025237083435059e-05,0.0044889121298336025,252
1,-0.0032031433656811714,-0.0015609164256602526,0.003364192321896553,0.0032031433656811714,0.0032031433656811714,0.0008558350964449346,0.008239416405558586,0.00032767956145107746,0.0373590886592865,5.669150050380267e-05,0.0,0.001604693359695375,0.0015609164256602526,0.0015609164256602526,0.0007536355406045914,0.0012564068892970681,8.52537777973339e-05,0.0,1.352228423456836e-06,0.0,0.005081819370388985,0.005081819370388985,0.005081819370388985,0.005081819370388985,0,0,0,"{'mean': {'raw': -0.003364192321896553, 'lambda': 0.0, 'weighted': 0.0}, 'log_growth': {'raw': -0.0032031433656811714, 'lambda': 1.0, 'weighted': -0.0032031433656811714}, 'cvar': {'raw': -0.0008558350964449346, 'lambda': 0.0, 'weighted': 0.0}, 'turnover': {'raw': 0.008239416405558586, 'lambda': 0.0, 'weighted': 0.0}, 'volatility': {'raw': 0.00032767956145107746, 'lambda': 0.0, 'weighted': 0.0}, 'vol_excess': {'raw': 0.0373590886592865, 'lambda': 0.0, 'weighted': 0.0}, 'weight_path': {'raw': 5.669150050380267e-05, 'lambda': 0.0, 'weighted': 0.0}, 'diversify': {'raw': 0.0, 'lambda': 0.0, 'weighted': 0.0}}","{'mean': {'raw': -0.001604693359695375, 'lambda': 0.0, 'weighted': 0.0}, 'log_growth': {'raw': -0.0015609164256602526, 'lambda': 1.0, 'weighted': -0.0015609164256602526}, 'cvar': {'raw': -0.0007536355406045914, 'lambda': 0.0, 'weighted': 0.0}, 'turnover': {'raw': 0.0012564068892970681, 'lambda': 0.0, 'weighted': 0.0}, 'volatility': {'raw': 8.52537777973339e-05, 'lambda': 0.0, 'weighted': 0.0}, 'vol_excess': {'raw': 0.0, 'lambda': 0.0, 'weighted': 0.0}, 'weight_path': {'raw': 1.352228423456836e-06, 'lambda': 0.0, 'weighted': 0.0}, 'diversify': {'raw': 0.0, 'lambda': 0.0, 'weighted': 0.0}}",0.0003,39,291,cadence,1,cadence_accept,7.898546755313873e-06,0.005060198368348047,252
2,-0.003203210886567831,-0.0015688149724155664,0.003364754840731621,0.003203210886567831,0.003203210886567831,0.0008377159247174859,0.007137003354728222,0.00032843457302078605,0.03768995404243469,4.041928332298994e-05,0.0,0.0016131469747051597,0.0015688149724155664,0.0015688149724155664,0.0007511824369430542,0.0013487470569089055,8.634124242234975e-05,0.0,1.5576633813907392e-06,0.0,0.004648379981517792,0.004648379981517792,0.004648379981517792,0.004648379981517792,0,0,0,"{'mean': {'raw': -0.003364754840731621, 'lambda': 0.0, 'weighted': 0.0}, 'log_growth': {'raw': -0.003203210886567831, 'lambda': 1.0, 'weighted': -0.003203210886567831}, 'cvar': {'raw': -0.0008377159247174859, 'lambda': 0.0, 'weighted': 0.0}, 'turnover': {'raw': 0.007137003354728222, 'lambda': 0.0, 'weighted': 0.0}, 'volatility': {'raw': 0.00032843457302078605, 'lambda': 0.0, 'weighted': 0.0}, 'vol_excess': {'raw': 0.03768995404243469, 'lambda': 0.0, 'weighted': 0.0}, 'weight_path': {'raw': 4.041928332298994e-05, 'lambda': 0.0, 'weighted': 0.0}, 'diversify': {'raw': 0.0, 'lambda': 0.0, 'weighted': 0.0}}","{'mean': {'raw': -0.0016131469747051597, 'lambda': 0.0, 'weighted': 0.0}, 'log_growth': {'raw': -0.0015688149724155664, 'lambda': 1.0, 'weighted': -0.0015688149724155664}, 'cvar': {'raw': -0.0007511824369430542, 'lambda': 0.0, 'weighted': 0.0}, 'turnover': {'raw': 0.0013487470569089055, 'lambda': 0.0, 'weighted': 0.0}, 'volatility': {'raw': 8.634124242234975e-05, 'lambda': 0.0, 'weighted': 0.0}, 'vol_excess': {'raw': 0.0, 'lambda': 0.0, 'weighted': 0.0}, 'weight_path': {'raw': 1.5576633813907392e-06, 'lambda': 0.0, 'weighted': 0.0}, 'diversify': {'raw': 0.0, 'lambda': 0.0, 'weighted': 0.0}}",0.0003,39,291,cadence,1,cadence_accept,7.898546755313873e-06,0.005060198368348047,252
1,-0.0031101247295737267,-0.001968441531062126,0.0032754631247371435,0.0031101247295737267,0.0031101247295737267,0.000715682515874505,0.008553722873330116,0.0003379341505933553,0.04182085394859314,5.888210580451414e-05,0.0,0.0020148023031651974,0.001968441531062126,0.001968441531062126,0.0011221084278076887,0.0013923442456871271,8.89613656909205e-05,0.0,1.6762804762038286e-06,0.0,0.004795631859451532,0.004795631859451532,0.004795631859451532,0.004795631859451532,0,0,0,"{'mean': {'raw': -0.0032754631247371435, 'lambda': 0.0, 'weighted': 0.0}, 'log_growth': {'raw': -0.0031101247295737267, 'lambda': 1.0, 'weighted': -0.0031101247295737267}, 'cvar': {'raw': -0.000715682515874505, 'lambda': 0.0, 'weighted': 0.0}, 'turnover': {'raw': 0.008553722873330116, 'lambda': 0.0, 'weighted': 0.0}, 'volatility': {'raw': 0.0003379341505933553, 'lambda': 0.0, 'weighted': 0.0}, 'vol_excess': {'raw': 0.04182085394859314, 'lambda': 0.0, 'weighted': 0.0}, 'weight_path': {'raw': 5.888210580451414e-05, 'lambda': 0.0, 'weighted': 0.0}, 'diversify': {'raw': 0.0, 'lambda': 0.0, 'weighted': 0.0}}","{'mean': {'raw': -0.0020148023031651974, 'lambda': 0.0, 'weighted': 0.0}, 'log_growth': {'raw': -0.001968441531062126, 'lambda': 1.0, 'weighted': -0.001968441531062126}, 'cvar': {'raw': -0.0011221084278076887, 'lambda': 0.0, 'weighted': 0.0}, 'turnover': {'raw': 0.0013923442456871271, 'lambda': 0.0, 'weighted': 0.0}, 'volatility': {'raw': 8.89613656909205e-05, 'lambda': 0.0, 'weighted': 0.0}, 'vol_excess': {'raw': 0.0, 'lambda': 0.0, 'weighted': 0.0}, 'weight_path': {'raw': 1.6762804762038286e-06, 'lambda': 0.0, 'weighted': 0.0}, 'diversify': {'raw': 0.0, 'lambda': 0.0, 'weighted': 0.0}}",0.0003,44,296,cadence,1,cadence_accept,1.4219898730516434e-05,0.007223937566293759,252
2,-0.003121726680546999,-0.0019826614297926426,0.003287786617875099,0.003121726680546999,0.003121726680546999,0.0007103382959030569,0.008541670627892017,0.0003392062208149582,0.042369574308395386,5.766962931375019e-05,0.0,0.0020296634174883366,0.0019826614297926426,0.0019826614297926426,0.0011245147325098515,0.0014836222399026155,9.018868149723858e-05,0.0,1.9046062789129792e-06,0.0,0.004825829993933439,0.004825829993933439,0.004825829993933439,0.004825829993933439,0,0,0,"{'mean': {'raw': -0.003287786617875099, 'lambda': 0.0, 'weighted': 0.0}, 'log_growth': {'raw': -0.003121726680546999, 'lambda': 1.0, 'weighted': -0.003121726680546999}, 'cvar': {'raw': -0.0007103382959030569, 'lambda': 0.0, 'weighted': 0.0}, 'turnover': {'raw': 0.008541670627892017, 'lambda': 0.0, 'weighted': 0.0}, 'volatility': {'raw': 0.0003392062208149582, 'lambda': 0.0, 'weighted': 0.0}, 'vol_excess': {'raw': 0.042369574308395386, 'lambda': 0.0, 'weighted': 0.0}, 'weight_path': {'raw': 5.766962931375019e-05, 'lambda': 0.0, 'weighted': 0.0}, 'diversify': {'raw': 0.0, 'lambda': 0.0, 'weighted': 0.0}}","{'mean': {'raw': -0.0020296634174883366, 'lambda': 0.0, 'weighted': 0.0}, 'log_growth': {'raw': -0.0019826614297926426, 'lambda': 1.0, 'weighted': -0.0019826614297926426}, 'cvar': {'raw': -0.0011245147325098515, 'lambda': 0.0, 'weighted': 0.0}, 'turnover': {'raw': 0.0014836222399026155, 'lambda': 0.0, 'weighted': 0.0}, 'volatility': {'raw': 9.018868149723858e-05, 'lambda': 0.0, 'weighted': 0.0}, 'vol_excess': {'raw': 0.0, 'lambda': 0.0, 'weighted': 0.0}, 'weight_path': {'raw': 1.9046062789129792e-06, 'lambda': 0.0, 'weighted': 0.0}, 'diversify': {'raw': 0.0, 'lambda': 0.0, 'weighted': 0.0}}",0.0003,44,296,cadence,1,cadence_accept,1.4219898730516434e-05,0.007223937566293759,252
1,-0.003134622937068343,-0.0020899614319205284,0.003304098267108202,0.003134622937068343,0.003134622937068343,0.000704070960637182,0.008636650629341602,0.00034721268457360566,0.04579991102218628,5.504330329131335e-05,0.0,0.0021431385539472103,0.0020899614319205284,0.0020899614319205284,0.001089402474462986,0.0017559343250468373,0.00010171736357733607,0.0,2.6592801987135317e-06,0.0,0.0043730768375098705,0.0043730768375098705,0.0043730768375098705,0.0043730768375098705,0,0,0,"{'mean': {'raw': -0.003304098267108202, 'lambda': 0.0, 'weighted': 0.0}, 'log_growth': {'raw': -0.003134622937068343, 'lambda': 1.0, 'weighted': -0.003134622937068343}, 'cvar': {'raw': -0.000704070960637182, 'lambda': 0.0, 'weighted': 0.0}, 'turnover': {'raw': 0.008636650629341602, 'lambda': 0.0, 'weighted': 0.0}, 'volatility': {'raw': 0.00034721268457360566, 'lambda': 0.0, 'weighted': 0.0}, 'vol_excess': {'raw': 0.04579991102218628, 'lambda': 0.0, 'weighted': 0.0}, 'weight_path': {'raw': 5.504330329131335e-05, 'lambda': 0.0, 'weighted': 0.0}, 'diversify': {'raw': 0.0, 'lambda': 0.0, 'weighted': 0.0}}","{'mean': {'raw': -0.0021431385539472103, 'lambda': 0.0, 'weighted': 0.0}, 'log_growth': {'raw': -0.0020899614319205284, 'lambda': 1.0, 'weighted': -0.0020899614319205284}, 'cvar': {'raw': -0.001089402474462986, 'lambda': 0.0, 'weighted': 0.0}, 'turnover': {'raw': 0.0017559343250468373, 'lambda': 0.0, 'weighted': 0.0}, 'volatility': {'raw': 0.00010171736357733607, 'lambda': 0.0, 'weighted': 0.0}, 'vol_excess': {'raw': 0.0, 'lambda': 0.0, 'weighted': 0.0}, 'weight_path': {'raw': 2.6592801987135317e-06, 'lambda': 0.0, 'weighted': 0.0}, 'diversify': {'raw': 0.0, 'lambda': 0.0, 'weighted': 0.0}}",0.0003,49,301,cadence,1,cadence_accept,1.7034821212291718e-05,0.008150782566588861,252
2,-0.0031459389720112085,-0.00210699625313282,0.003317283233627677,0.0031459389720112085,0.0031459389720112085,0.0006865184986963868,0.010155530646443367,0.00035105081042274833,0.047430336475372314,8.150186476996168e-05,0.0,0.002160887233912945,0.00210699625313282,0.00210699625313282,0.001093021361157298,0.0018589418614283204,0.00010306933836545795,0.0,2.979015334858559e-06,0.0,0.004429543390870094,0.004429543390870094,0.004429543390870094,0.004429543390870094,0,0,0,"{'mean': {'raw': -0.003317283233627677, 'lambda': 0.0, 'weighted': 0.0}, 'log_growth': {'raw': -0.0031459389720112085, 'lambda': 1.0, 'weighted': -0.0031459389720112085}, 'cvar': {'raw': -0.0006865184986963868, 'lambda': 0.0, 'weighted': 0.0}, 'turnover': {'raw': 0.010155530646443367, 'lambda': 0.0, 'weighted': 0.0}, 'volatility': {'raw': 0.00035105081042274833, 'lambda': 0.0, 'weighted': 0.0}, 'vol_excess': {'raw': 0.047430336475372314, 'lambda': 0.0, 'weighted': 0.0}, 'weight_path': {'raw': 8.150186476996168e-05, 'lambda': 0.0, 'weighted': 0.0}, 'diversify': {'raw': 0.0, 'lambda': 0.0, 'weighted': 0.0}}","{'mean': {'raw': -0.002160887233912945, 'lambda': 0.0, 'weighted': 0.0}, 'log_growth': {'raw': -0.00210699625313282, 'lambda': 1.0, 'weighted': -0.00210699625313282}, 'cvar': {'raw': -0.001093021361157298, 'lambda': 0.0, 'weighted': 0.0}, 'turnover': {'raw': 0.0018589418614283204, 'lambda': 0.0, 'weighted': 0.0}, 'volatility': {'raw': 0.00010306933836545795, 'lambda': 0.0, 'weighted': 0.0}, 'vol_excess': {'raw': 0.0, 'lambda': 0.0, 'weighted': 0.0}, 'weight_path': {'raw': 2.979015334858559e-06, 'lambda': 0.0, 'weighted': 0.0}, 'diversify': {'raw': 0.0, 'lambda': 0.0, 'weighted': 0.0}}",0.0003,49,301,cadence,1,cadence_accept,1.7034821212291718e-05,0.008150782566588861,252
1,-0.0029628840275108814,-0.0011258337181061506,0.00313397659920156,0.0029628840275108814,0.0029628840275108814,0.000510445679537952,0.010443827137351036,0.00035198405385017395,0.04782542586326599,8.488688035868108e-05,0.0,0.0011858217185363173,0.0011258337181061506,0.0011258337181061506,-5.0060756620951e-05,0.0018969881348311901,0.00011812565207947046,0.0,3.143993353660335e-06,0.0,0.004361485596746206,0.004361485596746206,0.004361485596746206,0.004361485596746206,0,0,0,"{'mean': {'raw': -0.00313397659920156, 'lambda': 0.0, 'weighted': 0.0}, 'log_growth': {'raw': -0.0029628840275108814, 'lambda': 1.0, 'weighted': -0.0029628840275108814}, 'cvar': {'raw': -0.000510445679537952, 'lambda': 0.0, 'weighted': 0.0}, 'turnover': {'raw': 0.010443827137351036, 'lambda': 0.0, 'weighted': 0.0}, 'volatility': {'raw': 0.00035198405385017395, 'lambda': 0.0, 'weighted': 0.0}, 'vol_excess': {'raw': 0.04782542586326599, 'lambda': 0.0, 'weighted': 0.0}, 'weight_path': {'raw': 8.488688035868108e-05, 'lambda': 0.0, 'weighted': 0.0}, 'diversify': {'raw': 0.0, 'lambda': 0.0, 'weighted': 0.0}}","{'mean': {'raw': -0.0011858217185363173, 'lambda': 0.0, 'weighted': 0.0}, 'log_growth': {'raw': -0.0011258337181061506, 'lambda': 1.0, 'weighted': -0.0011258337181061506}, 'cvar': {'raw': 5.0060756620951e-05, 'lambda': 0.0, 'weighted': 0.0}, 'turnover': {'raw': 0.0018969881348311901, 'lambda': 0.0, 'weighted': 0.0}, 'volatility': {'raw': 0.00011812565207947046, 'lambda': 0.0, 'weighted': 0.0}, 'vol_excess': {'raw': 0.0, 'lambda': 0.0, 'weighted': 0.0}, 'weight_path': {'raw': 3.143993353660335e-06, 'lambda': 0.0, 'weighted': 0.0}, 'diversify': {'raw': 0.0, 'lambda': 0.0, 'weighted': 0.0}}",0.0003,54,306,cadence,1,cadence_accept,1.2015574611723423e-05,0.010672601475520845,252
2,-0.0029935878701508045,-0.001137849292717874,0.003167083254083991,0.0029935878701508045,0.0029935878701508045,0.0005156504921615124,0.010857542976737022,0.00035715720150619745,0.05000600218772888,9.271303133573383e-05,0.0,0.0011986838653683662,0.001137849292717874,0.001137849292717874,-5.450761818792671e-05,0.001996966078877449,0.00011978585826000199,0.0,3.4808640521077905e-06,0.0,0.004664585925638676,0.004664585925638676,0.004664585925638676,0.004664585925638676,0,0,0,"{'mean': {'raw': -0.003167083254083991, 'lambda': 0.0, 'weighted': 0.0}, 'log_growth': {'raw': -0.0029935878701508045, 'lambda': 1.0, 'weighted': -0.0029935878701508045}, 'cvar': {'raw': -0.0005156504921615124, 'lambda': 0.0, 'weighted': 0.0}, 'turnover': {'raw': 0.010857542976737022, 'lambda': 0.0, 'weighted': 0.0}, 'volatility': {'raw': 0.00035715720150619745, 'lambda': 0.0, 'weighted': 0.0}, 'vol_excess': {'raw': 0.05000600218772888, 'lambda': 0.0, 'weighted': 0.0}, 'weight_path': {'raw': 9.271303133573383e-05, 'lambda': 0.0, 'weighted': 0.0}, 'diversify': {'raw': 0.0, 'lambda': 0.0, 'weighted': 0.0}}","{'mean': {'raw': -0.0011986838653683662, 'lambda': 0.0, 'weighted': 0.0}, 'log_growth': {'raw': -0.001137849292717874, 'lambda': 1.0, 'weighted': -0.001137849292717874}, 'cvar': {'raw': 5.450761818792671e-05, 'lambda': 0.0, 'weighted': 0.0}, 'turnover': {'raw': 0.001996966078877449, 'lambda': 0.0, 'weighted': 0.0}, 'volatility': {'raw': 0.00011978585826000199, 'lambda': 0.0, 'weighted': 0.0}, 'vol_excess': {'raw': 0.0, 'lambda': 0.0, 'weighted': 0.0}, 'weight_path': {'raw': 3.4808640521077905e-06, 'lambda': 0.0, 'weighted': 0.0}, 'diversify': {'raw': 0.0, 'lambda': 0.0, 'weighted': 0.0}}",0.0003,54,306,cadence,1,cadence_accept,1.2015574611723423e-05,0.010672601475520845,252
1,-0.002882210537791252,-0.0010111387819051743,0.0030583785846829414,0.002882210537791252,0.002882210537791252,0.0003864953760057688,0.012702178210020065,0.00036428720341064036,0.05298575758934021,0.00013262515130918473,0.0,0.001078884000889957,0.0010111387819051743,0.0010111387819051743,-0.00032480969093739986,0.002130939392372966,0.0001337232970399782,0.0,3.8513121580763254e-06,0.0,0.004444633610546589,0.004444633610546589,0.004444633610546589,0.004444633610546589,0,0,0,"{'mean': {'raw': -0.0030583785846829414, 'lambda': 0.0, 'weighted': 0.0}, 'log_growth': {'raw': -0.002882210537791252, 'lambda': 1.0, 'weighted': -0.002882210537791252}, 'cvar': {'raw': -0.0003864953760057688, 'lambda': 0.0, 'weighted': 0.0}, 'turnover': {'raw': 0.012702178210020065, 'lambda': 0.0, 'weighted': 0.0}, 'volatility': {'raw': 0.00036428720341064036, 'lambda': 0.0, 'weighted': 0.0}, 'vol_excess': {'raw': 0.05298575758934021, 'lambda': 0.0, 'weighted': 0.0}, 'weight_path': {'raw': 0.00013262515130918473, 'lambda': 0.0, 'weighted': 0.0}, 'diversify': {'raw': 0.0, 'lambda': 0.0, 'weighted': 0.0}}","{'mean': {'raw': -0.001078884000889957, 'lambda': 0.0, 'weighted': 0.0}, 'log_growth': {'raw': -0.0010111387819051743, 'lambda': 1.0, 'weighted': -0.0010111387819051743}, 'cvar': {'raw': 0.00032480969093739986, 'lambda': 0.0, 'weighted': 0.0}, 'turnover': {'raw': 0.002130939392372966, 'lambda': 0.0, 'weighted': 0.0}, 'volatility': {'raw': 0.0001337232970399782, 'lambda': 0.0, 'weighted': 0.0}, 'vol_excess': {'raw': 0.0, 'lambda': 0.0, 'weighted': 0.0}, 'weight_path': {'raw': 3.8513121580763254e-06, 'lambda': 0.0, 'weighted': 0.0}, 'diversify': {'raw': 0.0, 'lambda': 0.0, 'weighted': 0.0}}",0.0003,59,311,cadence,1,cadence_accept,1.1679483577609062e-05,0.011550821484714405,252
2,-0.0029256136622279882,-0.0010228182654827833,0.0031070068944245577,0.0029256136622279882,0.0029256136622279882,0.0003845159080810845,0.014039702713489532,0.000376030890038237,0.05783078074455261,0.00015701282245572656,0.0,0.00109152402728796,0.0010228182654827833,0.0010228182654827833,-0.00033205177169293165,0.0022331213112920523,0.00013560983643401414,0.0,4.228134912409587e-06,0.0,0.004842103458940983,0.004842103458940983,0.004842103458940983,0.004842103458940983,0,0,0,"{'mean': {'raw': -0.0031070068944245577, 'lambda': 0.0, 'weighted': 0.0}, 'log_growth': {'raw': -0.0029256136622279882, 'lambda': 1.0, 'weighted': -0.0029256136622279882}, 'cvar': {'raw': -0.0003845159080810845, 'lambda': 0.0, 'weighted': 0.0}, 'turnover': {'raw': 0.014039702713489532, 'lambda': 0.0, 'weighted': 0.0}, 'volatility': {'raw': 0.000376030890038237, 'lambda': 0.0, 'weighted': 0.0}, 'vol_excess': {'raw': 0.05783078074455261, 'lambda': 0.0, 'weighted': 0.0}, 'weight_path': {'raw': 0.00015701282245572656, 'lambda': 0.0, 'weighted': 0.0}, 'diversify': {'raw': 0.0, 'lambda': 0.0, 'weighted': 0.0}}","{'mean': {'raw': -0.00109152402728796, 'lambda': 0.0, 'weighted': 0.0}, 'log_growth': {'raw': -0.0010228182654827833, 'lambda': 1.0, 'weighted': -0.0010228182654827833}, 'cvar': {'raw': 0.00033205177169293165, 'lambda': 0.0, 'weighted': 0.0}, 'turnover': {'raw': 0.0022331213112920523, 'lambda': 0.0, 'weighted': 0.0}, 'volatility': {'raw': 0.00013560983643401414, 'lambda': 0.0, 'weighted': 0.0}, 'vol_excess': {'raw': 0.0, 'lambda': 0.0, 'weighted': 0.0}, 'weight_path': {'raw': 4.228134912409587e-06, 'lambda': 0.0, 'weighted': 0.0}, 'diversify': {'raw': 0.0, 'lambda': 0.0, 'weighted': 0.0}}",0.0003,59,311,cadence,1,cadence_accept,1.1679483577609062e-05,0.011550821484714405,252
1,-0.0030374706257134676,-0.000600156607106328,0.003219595877453685,0.0030374706257134676,0.0030374706257134676,0.000466410827357322,0.015573072247207165,0.0003762153792195022,0.057906270027160645,0.0002095989475492388,0.0,0.0006692527094855905,0.000600156607106328,0.000600156607106328,-0.0007694314699620008,0.002399490447714925,0.00013699776900466532,0.0,4.833676939597353e-06,0.0,0.0048326835967600346,0.0048326835967600346,0.0048326835967600346,0.0048326835967600346,0,0,0,"{'mean': {'raw': -0.003219595877453685, 'lambda': 0.0, 'weighted': 0.0}, 'log_growth': {'raw': -0.0030374706257134676, 'lambda': 1.0, 'weighted': -0.0030374706257134676}, 'cvar': {'raw': -0.000466410827357322, 'lambda': 0.0, 'weighted': 0.0}, 'turnover': {'raw': 0.015573072247207165, 'lambda': 0.0, 'weighted': 0.0}, 'volatility': {'raw': 0.0003762153792195022, 'lambda': 0.0, 'weighted': 0.0}, 'vol_excess': {'raw': 0.057906270027160645, 'lambda': 0.0, 'weighted': 0.0}, 'weight_path': {'raw': 0.0002095989475492388, 'lambda': 0.0, 'weighted': 0.0}, 'diversify': {'raw': 0.0, 'lambda': 0.0, 'weighted': 0.0}}","{'mean': {'raw': -0.0006692527094855905, 'lambda': 0.0, 'weighted': 0.0}, 'log_growth': {'raw': -0.000600156607106328, 'lambda': 1.0, 'weighted': -0.000600156607106328}, 'cvar': {'raw': 0.0007694314699620008, 'lambda': 0.0, 'weighted': 0.0}, 'turnover': {'raw': 0.002399490447714925, 'lambda': 0.0, 'weighted': 0.0}, 'volatility': {'raw': 0.00013699776900466532, 'lambda': 0.0, 'weighted': 0.0}, 'vol_excess': {'raw': 0.0, 'lambda': 0.0, 'weighted': 0.0}, 'weight_path': {'raw': 4.833676939597353e-06, 'lambda': 0.0, 'weighted': 0.0}, 'diversify': {'raw': 0.0, 'lambda': 0.0, 'weighted': 0.0}}",0.0003,64,316,cadence,1,cadence_accept,3.671098966151476e-06,0.006116901682937194,252
2,-0.0030685809906572104,-0.0006038277060724795,0.0032547959126532078,0.0030685809906572104,0.0030685809906572104,0.0004475047462619841,0.014218030497431755,0.00038498861249536276,0.0614757239818573,0.0001613231870578602,0.0,0.0006738720694556832,0.0006038277060724795,0.0006038277060724795,-0.0007848592940717936,0.0024999231100082397,0.00013887400564271957,0.0,5.240042355580954e-06,0.0,0.005084580276161432,0.005084580276161432,0.005084580276161432,0.005084580276161432,0,0,0,"{'mean': {'raw': -0.0032547959126532078, 'lambda': 0.0, 'weighted': 0.0}, 'log_growth': {'raw': -0.0030685809906572104, 'lambda': 1.0, 'weighted': -0.0030685809906572104}, 'cvar': {'raw': -0.0004475047462619841, 'lambda': 0.0, 'weighted': 0.0}, 'turnover': {'raw': 0.014218030497431755, 'lambda': 0.0, 'weighted': 0.0}, 'volatility': {'raw': 0.00038498861249536276, 'lambda': 0.0, 'weighted': 0.0}, 'vol_excess': {'raw': 0.0614757239818573, 'lambda': 0.0, 'weighted': 0.0}, 'weight_path': {'raw': 0.0001613231870578602, 'lambda': 0.0, 'weighted': 0.0}, 'diversify': {'raw': 0.0, 'lambda': 0.0, 'weighted': 0.0}}","{'mean': {'raw': -0.0006738720694556832, 'lambda': 0.0, 'weighted': 0.0}, 'log_growth': {'raw': -0.0006038277060724795, 'lambda': 1.0, 'weighted': -0.0006038277060724795}, 'cvar': {'raw': 0.0007848592940717936, 'lambda': 0.0, 'weighted': 0.0}, 'turnover': {'raw': 0.0024999231100082397, 'lambda': 0.0, 'weighted': 0.0}, 'volatility': {'raw': 0.00013887400564271957, 'lambda': 0.0, 'weighted': 0.0}, 'vol_excess': {'raw': 0.0, 'lambda': 0.0, 'weighted': 0.0}, 'weight_path': {'raw': 5.240042355580954e-06, 'lambda': 0.0, 'weighted': 0.0}, 'diversify': {'raw': 0.0, 'lambda': 0.0, 'weighted': 0.0}}",0.0003,64,316,cadence,1,cadence_accept,3.671098966151476e-06,0.006116901682937194,252
1,-0.0029921643435955048,-0.0010159526718780398,0.003181364620104432,0.0029921643435955048,0.0029921643435955048,0.0003532306873239577,0.016372818499803543,0.00039270741399377584,0.0645827054977417,0.00020986942399758846,0.0,0.001089945319108665,0.0010159526718780398,0.0010159526718780398,-0.0004474852466955781,0.0026776064187288284,0.00014607436605729163,0.0,5.726087238144828e-06,0.0,0.004554457031190395,0.004554457031190395,0.004554457031190395,0.004554457031190395,0,0,0,"{'mean': {'raw': -0.003181364620104432, 'lambda': 0.0, 'weighted': 0.0}, 'log_growth': {'raw': -0.0029921643435955048, 'lambda': 1.0, 'weighted': -0.0029921643435955048}, 'cvar': {'raw': -0.0003532306873239577, 'lambda': 0.0, 'weighted': 0.0}, 'turnover': {'raw': 0.016372818499803543, 'lambda': 0.0, 'weighted': 0.0}, 'volatility': {'raw': 0.00039270741399377584, 'lambda': 0.0, 'weighted': 0.0}, 'vol_excess': {'raw': 0.0645827054977417, 'lambda': 0.0, 'weighted': 0.0}, 'weight_path': {'raw': 0.00020986942399758846, 'lambda': 0.0, 'weighted': 0.0}, 'diversify': {'raw': 0.0, 'lambda': 0.0, 'weighted': 0.0}}","{'mean': {'raw': -0.001089945319108665, 'lambda': 0.0, 'weighted': 0.0}, 'log_growth': {'raw': -0.0010159526718780398, 'lambda': 1.0, 'weighted': -0.0010159526718780398}, 'cvar': {'raw': 0.0004474852466955781, 'lambda': 0.0, 'weighted': 0.0}, 'turnover': {'raw': 0.0026776064187288284, 'lambda': 0.0, 'weighted': 0.0}, 'volatility': {'raw': 0.00014607436605729163, 'lambda': 0.0, 'weighted': 0.0}, 'vol_excess': {'raw': 0.0, 'lambda': 0.0, 'weighted': 0.0}, 'weight_path': {'raw': 5.726087238144828e-06, 'lambda': 0.0, 'weighted': 0.0}, 'diversify': {'raw': 0.0, 'lambda': 0.0, 'weighted': 0.0}}",0.0003,69,321,cadence,1,cadence_accept,7.283291779458523e-06,0.007168928212793675,252
2,-0.003015270922333002,-0.0010232359636574984,0.0032087659928947687,0.003015270922333002,0.003015270922333002,0.00032656476832926273,0.016030780971050262,0.00040209467988461256,0.0683203637599945,0.00020961395057383925,0.0,0.0010982864769175649,0.0010232359636574984,0.0010232359636574984,-0.0004614958888851106,0.0027720064390450716,0.00014815808390267193,0.0,6.1274099607544485e-06,0.0,0.004607464652508497,0.004607464652508497,0.004607464652508497,0.004607464652508497,0,0,0,"{'mean': {'raw': -0.0032087659928947687, 'lambda': 0.0, 'weighted': 0.0}, 'log_growth': {'raw': -0.003015270922333002, 'lambda': 1.0, 'weighted': -0.003015270922333002}, 'cvar': {'raw': -0.00032656476832926273, 'lambda': 0.0, 'weighted': 0.0}, 'turnover': {'raw': 0.016030780971050262, 'lambda': 0.0, 'weighted': 0.0}, 'volatility': {'raw': 0.00040209467988461256, 'lambda': 0.0, 'weighted': 0.0}, 'vol_excess': {'raw': 0.0683203637599945, 'lambda': 0.0, 'weighted': 0.0}, 'weight_path': {'raw': 0.00020961395057383925, 'lambda': 0.0, 'weighted': 0.0}, 'diversify': {'raw': 0.0, 'lambda': 0.0, 'weighted': 0.0}}","{'mean': {'raw': -0.0010982864769175649, 'lambda': 0.0, 'weighted': 0.0}, 'log_growth': {'raw': -0.0010232359636574984, 'lambda': 1.0, 'weighted': -0.0010232359636574984}, 'cvar': {'raw': 0.0004614958888851106, 'lambda': 0.0, 'weighted': 0.0}, 'turnover': {'raw': 0.0027720064390450716, 'lambda': 0.0, 'weighted': 0.0}, 'volatility': {'raw': 0.00014815808390267193, 'lambda': 0.0, 'weighted': 0.0}, 'vol_excess': {'raw': 0.0, 'lambda': 0.0, 'weighted': 0.0}, 'weight_path': {'raw': 6.1274099607544485e-06, 'lambda': 0.0, 'weighted': 0.0}, 'diversify': {'raw': 0.0, 'lambda': 0.0, 'weighted': 0.0}}",0.0003,69,321,cadence,1,cadence_accept,7.283291779458523e-06,0.007168928212793675,252
1,-0.0031773073133081198,-0.0016727065667510033,0.0033744850661605597,0.0031773073133081198,0.0031773073133081198,0.0004906387766823173,0.016813289374113083,0.00041040207725018263,0.07159188389778137,0.00023113348288461566,0.0,0.0017488753655925393,0.0016727065667510033,0.0016727065667510033,0.00017227756325155497,0.0025633317418396473,0.00014858192298561335,0.0,5.316819169820519e-06,0.0,0.004691462963819504,0.004691462963819504,0.004691462963819504,0.004691462963819504,0,0,0,"{'mean': {'raw': -0.0033744850661605597, 'lambda': 0.0, 'weighted': 0.0}, 'log_growth': {'raw': -0.0031773073133081198, 'lambda': 1.0, 'weighted': -0.0031773073133081198}, 'cvar': {'raw': -0.0004906387766823173, 'lambda': 0.0, 'weighted': 0.0}, 'turnover': {'raw': 0.016813289374113083, 'lambda': 0.0, 'weighted': 0.0}, 'volatility': {'raw': 0.00041040207725018263, 'lambda': 0.0, 'weighted': 0.0}, 'vol_excess': {'raw': 0.07159188389778137, 'lambda': 0.0, 'weighted': 0.0}, 'weight_path': {'raw': 0.00023113348288461566, 'lambda': 0.0, 'weighted': 0.0}, 'diversify': {'raw': 0.0, 'lambda': 0.0, 'weighted': 0.0}}","{'mean': {'raw': -0.0017488753655925393, 'lambda': 0.0, 'weighted': 0.0}, 'log_growth': {'raw': -0.0016727065667510033, 'lambda': 1.0, 'weighted': -0.0016727065667510033}, 'cvar': {'raw': -0.00017227756325155497, 'lambda': 0.0, 'weighted': 0.0}, 'turnover': {'raw': 0.0025633317418396473, 'lambda': 0.0, 'weighted': 0.0}, 'volatility': {'raw': 0.00014858192298561335, 'lambda': 0.0, 'weighted': 0.0}, 'vol_excess': {'raw': 0.0, 'lambda': 0.0, 'weighted': 0.0}, 'weight_path': {'raw': 5.316819169820519e-06, 'lambda': 0.0, 'weighted': 0.0}, 'diversify': {'raw': 0.0, 'lambda': 0.0, 'weighted': 0.0}}",0.0003,74,326,cadence,1,cadence_accept,9.741866961121559e-06,0.005824014294521332,252
2,-0.003194458084180951,-0.0016824484337121248,0.00339413876645267,0.003194458084180951,0.003194458084180951,0.00046264915727078915,0.01895793341100216,0.0004153387271799147,0.0735202431678772,0.00028464815113693476,0.0,0.00175968068651855,0.0016824484337121248,0.0016824484337121248,0.00016054423758760095,0.0026399921625852585,0.00015065839397720993,0.0,5.62868672204786e-06,0.0,0.0047390637919306755,0.0047390637919306755,0.0047390637919306755,0.0047390637919306755,0,0,0,"{'mean': {'raw': -0.00339413876645267, 'lambda': 0.0, 'weighted': 0.0}, 'log_growth': {'raw': -0.003194458084180951, 'lambda': 1.0, 'weighted': -0.003194458084180951}, 'cvar': {'raw': -0.00046264915727078915, 'lambda': 0.0, 'weighted': 0.0}, 'turnover': {'raw': 0.01895793341100216, 'lambda': 0.0, 'weighted': 0.0}, 'volatility': {'raw': 0.0004153387271799147, 'lambda': 0.0, 'weighted': 0.0}, 'vol_excess': {'raw': 0.0735202431678772, 'lambda': 0.0, 'weighted': 0.0}, 'weight_path': {'raw': 0.00028464815113693476, 'lambda': 0.0, 'weighted': 0.0}, 'diversify': {'raw': 0.0, 'lambda': 0.0, 'weighted': 0.0}}","{'mean': {'raw': -0.00175968068651855, 'lambda': 0.0, 'weighted': 0.0}, 'log_growth': {'raw': -0.0016824484337121248, 'lambda': 1.0, 'weighted': -0.0016824484337121248}, 'cvar': {'raw': -0.00016054423758760095, 'lambda': 0.0, 'weighted': 0.0}, 'turnover': {'raw': 0.0026399921625852585, 'lambda': 0.0, 'weighted': 0.0}, 'volatility': {'raw': 0.00015065839397720993, 'lambda': 0.0, 'weighted': 0.0}, 'vol_excess': {'raw': 0.0, 'lambda': 0.0, 'weighted': 0.0}, 'weight_path': {'raw': 5.62868672204786e-06, 'lambda': 0.0, 'weighted': 0.0}, 'diversify': {'raw': 0.0, 'lambda': 0.0, 'weighted': 0.0}}",0.0003,74,326,cadence,1,cadence_accept,9.741866961121559e-06,0.005824014294521332,252
1,-0.0031067158561199903,-0.0014882807154208422,0.0033014845103025436,0.0031067158561199903,0.0031067158561199903,0.0004402630729600787,0.019923077896237373,0.0004053478187415749,0.06960546970367432,0.0003032943932339549,0.0,0.0015616737073287368,0.0014882807154208422,0.0014882807154208422,2.923572901636362e-05,0.002478867769241333,0.00014349768753163517,0.0,5.363983291317709e-06,0.0,0.0048684170469641685,0.0048684170469641685,0.0048684170469641685,0.0048684170469641685,0,0,0,"{'mean': {'raw': -0.0033014845103025436, 'lambda': 0.0, 'weighted': 0.0}, 'log_growth': {'raw': -0.0031067158561199903, 'lambda': 1.0, 'weighted': -0.0031067158561199903}, 'cvar': {'raw': -0.0004402630729600787, 'lambda': 0.0, 'weighted': 0.0}, 'turnover': {'raw': 0.019923077896237373, 'lambda': 0.0, 'weighted': 0.0}, 'volatility': {'raw': 0.0004053478187415749, 'lambda': 0.0, 'weighted': 0.0}, 'vol_excess': {'raw': 0.06960546970367432, 'lambda': 0.0, 'weighted': 0.0}, 'weight_path': {'raw': 0.0003032943932339549, 'lambda': 0.0, 'weighted': 0.0}, 'diversify': {'raw': 0.0, 'lambda': 0.0, 'weighted': 0.0}}","{'mean': {'raw': -0.0015616737073287368, 'lambda': 0.0, 'weighted': 0.0}, 'log_growth': {'raw': -0.0014882807154208422, 'lambda': 1.0, 'weighted': -0.0014882807154208422}, 'cvar': {'raw': -2.923572901636362e-05, 'lambda': 0.0, 'weighted': 0.0}, 'turnover': {'raw': 0.002478867769241333, 'lambda': 0.0, 'weighted': 0.0}, 'volatility': {'raw': 0.00014349768753163517, 'lambda': 0.0, 'weighted': 0.0}, 'vol_excess': {'raw': 0.0, 'lambda': 0.0, 'weighted': 0.0}, 'weight_path': {'raw': 5.363983291317709e-06, 'lambda': 0.0, 'weighted': 0.0}, 'diversify': {'raw': 0.0, 'lambda': 0.0, 'weighted': 0.0}}",0.0003,79,331,cadence,1,cadence_accept,6.127404049038887e-06,0.004117102359408813,252
2,-0.0031413985416293144,-0.001494408119469881,0.0033411832991987467,0.0031413985416293144,0.0031413985416293144,0.0004233781364746392,0.018614044412970543,0.00041645753663033247,0.0739557147026062,0.0002653858682606369,0.0,0.0015688602579757571,0.001494408119469881,0.001494408119469881,1.3657845556735992e-05,0.0025391029193997383,0.00014557708345819265,0.0,5.616346697934205e-06,0.0,0.005371461622416973,0.005371461622416973,0.005371461622416973,0.005371461622416973,0,0,0,"{'mean': {'raw': -0.0033411832991987467, 'lambda': 0.0, 'weighted': 0.0}, 'log_growth': {'raw': -0.0031413985416293144, 'lambda': 1.0, 'weighted': -0.0031413985416293144}, 'cvar': {'raw': -0.0004233781364746392, 'lambda': 0.0, 'weighted': 0.0}, 'turnover': {'raw': 0.018614044412970543, 'lambda': 0.0, 'weighted': 0.0}, 'volatility': {'raw': 0.00041645753663033247, 'lambda': 0.0, 'weighted': 0.0}, 'vol_excess': {'raw': 0.0739557147026062, 'lambda': 0.0, 'weighted': 0.0}, 'weight_path': {'raw': 0.0002653858682606369, 'lambda': 0.0, 'weighted': 0.0}, 'diversify': {'raw': 0.0, 'lambda': 0.0, 'weighted': 0.0}}","{'mean': {'raw': -0.0015688602579757571, 'lambda': 0.0, 'weighted': 0.0}, 'log_growth': {'raw': -0.001494408119469881, 'lambda': 1.0, 'weighted': -0.001494408119469881}, 'cvar': {'raw': -1.3657845556735992e-05, 'lambda': 0.0, 'weighted': 0.0}, 'turnover': {'raw': 0.0025391029193997383, 'lambda': 0.0, 'weighted': 0.0}, 'volatility': {'raw': 0.00014557708345819265, 'lambda': 0.0, 'weighted': 0.0}, 'vol_excess': {'raw': 0.0, 'lambda': 0.0, 'weighted': 0.0}, 'weight_path': {'raw': 5.616346697934205e-06, 'lambda': 0.0, 'weighted': 0.0}, 'diversify': {'raw': 0.0, 'lambda': 0.0, 'weighted': 0.0}}",0.0003,79,331,cadence,1,cadence_accept,6.127404049038887e-06,0.004117102359408813,252
1,-0.0034544721711426973,-0.0008769777487032115,0.003662679111585021,0.0034544721711426973,0.0034544721711426973,0.0006611819844692945,0.018353328108787537,0.00043350792839191854,0.08052077889442444,0.00027557872817851603,0.0,0.0009563934872858226,0.0008769777487032115,0.0008769777487032115,-0.0007051805732771754,0.0026966107543557882,0.00015697516209911555,0.0,5.982799848425202e-06,0.0,0.006172319874167442,0.006172319874167442,0.006172319874167442,0.006172319874167442,0,0,0,"{'mean': {'raw': -0.003662679111585021, 'lambda': 0.0, 'weighted': 0.0}, 'log_growth': {'raw': -0.0034544721711426973, 'lambda': 1.0, 'weighted': -0.0034544721711426973}, 'cvar': {'raw': -0.0006611819844692945, 'lambda': 0.0, 'weighted': 0.0}, 'turnover': {'raw': 0.018353328108787537, 'lambda': 0.0, 'weighted': 0.0}, 'volatility': {'raw': 0.00043350792839191854, 'lambda': 0.0, 'weighted': 0.0}, 'vol_excess': {'raw': 0.08052077889442444, 'lambda': 0.0, 'weighted': 0.0}, 'weight_path': {'raw': 0.00027557872817851603, 'lambda': 0.0, 'weighted': 0.0}, 'diversify': {'raw': 0.0, 'lambda': 0.0, 'weighted': 0.0}}","{'mean': {'raw': -0.0009563934872858226, 'lambda': 0.0, 'weighted': 0.0}, 'log_growth': {'raw': -0.0008769777487032115, 'lambda': 1.0, 'weighted': -0.0008769777487032115}, 'cvar': {'raw': 0.0007051805732771754, 'lambda': 0.0, 'weighted': 0.0}, 'turnover': {'raw': 0.0026966107543557882, 'lambda': 0.0, 'weighted': 0.0}, 'volatility': {'raw': 0.00015697516209911555, 'lambda': 0.0, 'weighted': 0.0}, 'vol_excess': {'raw': 0.0, 'lambda': 0.0, 'weighted': 0.0}, 'weight_path': {'raw': 5.982799848425202e-06, 'lambda': 0.0, 'weighted': 0.0}, 'diversify': {'raw': 0.0, 'lambda': 0.0, 'weighted': 0.0}}",0.0003,84,336,cadence,1,cadence_accept,2.7054338715970516e-06,0.0030849515538023966,252
2,-0.003474070690572262,-0.0008796831825748086,0.003686803625896573,0.003474070690572262,0.003474070690572262,0.0006317575462162495,0.02115863375365734,0.0004435946175362915,0.08434391021728516,0.00035759698948822916,0.0,0.0009603577782399952,0.0008796831825748086,0.0008796831825748086,-0.0007279198616743088,0.00274879508651793,0.00015946675557643175,0.0,6.206420948728919e-06,0.0,0.006001950241625309,0.006001950241625309,0.006001950241625309,0.006001950241625309,0,0,0,"{'mean': {'raw': -0.003686803625896573, 'lambda': 0.0, 'weighted': 0.0}, 'log_growth': {'raw': -0.003474070690572262, 'lambda': 1.0, 'weighted': -0.003474070690572262}, 'cvar': {'raw': -0.0006317575462162495, 'lambda': 0.0, 'weighted': 0.0}, 'turnover': {'raw': 0.02115863375365734, 'lambda': 0.0, 'weighted': 0.0}, 'volatility': {'raw': 0.0004435946175362915, 'lambda': 0.0, 'weighted': 0.0}, 'vol_excess': {'raw': 0.08434391021728516, 'lambda': 0.0, 'weighted': 0.0}, 'weight_path': {'raw': 0.00035759698948822916, 'lambda': 0.0, 'weighted': 0.0}, 'diversify': {'raw': 0.0, 'lambda': 0.0, 'weighted': 0.0}}","{'mean': {'raw': -0.0009603577782399952, 'lambda': 0.0, 'weighted': 0.0}, 'log_growth': {'raw': -0.0008796831825748086, 'lambda': 1.0, 'weighted': -0.0008796831825748086}, 'cvar': {'raw': 0.0007279198616743088, 'lambda': 0.0, 'weighted': 0.0}, 'turnover': {'raw': 0.00274879508651793, 'lambda': 0.0, 'weighted': 0.0}, 'volatility': {'raw': 0.00015946675557643175, 'lambda': 0.0, 'weighted': 0.0}, 'vol_excess': {'raw': 0.0, 'lambda': 0.0, 'weighted': 0.0}, 'weight_path': {'raw': 6.206420948728919e-06, 'lambda': 0.0, 'weighted': 0.0}, 'diversify': {'raw': 0.0, 'lambda': 0.0, 'weighted': 0.0}}",0.0003,84,336,cadence,1,cadence_accept,2.7054338715970516e-06,0.0030849515538023966,252
1,-0.00322168692946434,-0.001034439541399479,0.003435904625803232,0.00322168692946434,0.00322168692946434,0.0003414774837438017,0.024339718744158745,0.00044832166167907417,0.08612060546875,0.00043402373557910323,0.0,0.0011273508425801992,0.001034439541399479,0.001034439541399479,-0.0007899010670371354,0.002683799248188734,0.00018387606542091817,0.0,5.913857421546709e-06,0.0,0.005721820052713156,0.005721820052713156,0.005721820052713156,0.005721820052713156,0,0,0,"{'mean': {'raw': -0.003435904625803232, 'lambda': 0.0, 'weighted': 0.0}, 'log_growth': {'raw': -0.00322168692946434, 'lambda': 1.0, 'weighted': -0.00322168692946434}, 'cvar': {'raw': -0.0003414774837438017, 'lambda': 0.0, 'weighted': 0.0}, 'turnover': {'raw': 0.024339718744158745, 'lambda': 0.0, 'weighted': 0.0}, 'volatility': {'raw': 0.00044832166167907417, 'lambda': 0.0, 'weighted': 0.0}, 'vol_excess': {'raw': 0.08612060546875, 'lambda': 0.0, 'weighted': 0.0}, 'weight_path': {'raw': 0.00043402373557910323, 'lambda': 0.0, 'weighted': 0.0}, 'diversify': {'raw': 0.0, 'lambda': 0.0, 'weighted': 0.0}}","{'mean': {'raw': -0.0011273508425801992, 'lambda': 0.0, 'weighted': 0.0}, 'log_growth': {'raw': -0.001034439541399479, 'lambda': 1.0, 'weighted': -0.001034439541399479}, 'cvar': {'raw': 0.0007899010670371354, 'lambda': 0.0, 'weighted': 0.0}, 'turnover': {'raw': 0.002683799248188734, 'lambda': 0.0, 'weighted': 0.0}, 'volatility': {'raw': 0.00018387606542091817, 'lambda': 0.0, 'weighted': 0.0}, 'vol_excess': {'raw': 0.0, 'lambda': 0.0, 'weighted': 0.0}, 'weight_path': {'raw': 5.913857421546709e-06, 'lambda': 0.0, 'weighted': 0.0}, 'diversify': {'raw': 0.0, 'lambda': 0.0, 'weighted': 0.0}}",0.0003,89,341,cadence,1,cadence_accept,-3.3993273973464966e-07,-0.0003286153765411403,252
2,-0.0032639726996421814,-0.0010340996086597443,0.003489081747829914,0.0032639726996421814,0.0032639726996421814,0.000299080420518294,0.021483324468135834,0.0004737518320325762,0.09552201628684998,0.00038410266279242933,0.0,0.0011285993969067931,0.0010340996086597443,0.0010340996086597443,-0.0008214437984861434,0.0027194381691515446,0.00018704139802139252,0.0,6.0621955526585225e-06,0.0,0.005669145844876766,0.005669145844876766,0.005669145844876766,0.005669145844876766,0,0,0,"{'mean': {'raw': -0.003489081747829914, 'lambda': 0.0, 'weighted': 0.0}, 'log_growth': {'raw': -0.0032639726996421814, 'lambda': 1.0, 'weighted': -0.0032639726996421814}, 'cvar': {'raw': -0.000299080420518294, 'lambda': 0.0, 'weighted': 0.0}, 'turnover': {'raw': 0.021483324468135834, 'lambda': 0.0, 'weighted': 0.0}, 'volatility': {'raw': 0.0004737518320325762, 'lambda': 0.0, 'weighted': 0.0}, 'vol_excess': {'raw': 0.09552201628684998, 'lambda': 0.0, 'weighted': 0.0}, 'weight_path': {'raw': 0.00038410266279242933, 'lambda': 0.0, 'weighted': 0.0}, 'diversify': {'raw': 0.0, 'lambda': 0.0, 'weighted': 0.0}}","{'mean': {'raw': -0.0011285993969067931, 'lambda': 0.0, 'weighted': 0.0}, 'log_growth': {'raw': -0.0010340996086597443, 'lambda': 1.0, 'weighted': -0.0010340996086597443}, 'cvar': {'raw': 0.0008214437984861434, 'lambda': 0.0, 'weighted': 0.0}, 'turnover': {'raw': 0.0027194381691515446, 'lambda': 0.0, 'weighted': 0.0}, 'volatility': {'raw': 0.00018704139802139252, 'lambda': 0.0, 'weighted': 0.0}, 'vol_excess': {'raw': 0.0, 'lambda': 0.0, 'weighted': 0.0}, 'weight_path': {'raw': 6.0621955526585225e-06, 'lambda': 0.0, 'weighted': 0.0}, 'diversify': {'raw': 0.0, 'lambda': 0.0, 'weighted': 0.0}}",0.0003,89,341,cadence,1,cadence_accept,-3.3993273973464966e-07,-0.0003286153765411403,252
1,-0.0029888891149312258,4.674539013649337e-05,0.00321313738822937,0.0029888891149312258,0.0029888891149312258,3.8117868825793266e-05,0.021805565804243088,0.00047401097253896296,0.09561651945114136,0.0003862001176457852,0.0,6.300568929873407e-05,-4.674539013649337e-05,-4.674539013649337e-05,-0.002214081585407257,0.0028183942195028067,0.0002181638265028596,0.0,6.244040378078353e-06,0.0,0.005133752711117268,0.005133752711117268,0.005133752711117268,0.005133752711117268,0,0,0,"{'mean': {'raw': -0.00321313738822937, 'lambda': 0.0, 'weighted': 0.0}, 'log_growth': {'raw': -0.0029888891149312258, 'lambda': 1.0, 'weighted': -0.0029888891149312258}, 'cvar': {'raw': -3.8117868825793266e-05, 'lambda': 0.0, 'weighted': 0.0}, 'turnover': {'raw': 0.021805565804243088, 'lambda': 0.0, 'weighted': 0.0}, 'volatility': {'raw': 0.00047401097253896296, 'lambda': 0.0, 'weighted': 0.0}, 'vol_excess': {'raw': 0.09561651945114136, 'lambda': 0.0, 'weighted': 0.0}, 'weight_path': {'raw': 0.0003862001176457852, 'lambda': 0.0, 'weighted': 0.0}, 'diversify': {'raw': 0.0, 'lambda': 0.0, 'weighted': 0.0}}","{'mean': {'raw': -6.300568929873407e-05, 'lambda': 0.0, 'weighted': 0.0}, 'log_growth': {'raw': 4.674539013649337e-05, 'lambda': 1.0, 'weighted': 4.674539013649337e-05}, 'cvar': {'raw': 0.002214081585407257, 'lambda': 0.0, 'weighted': 0.0}, 'turnover': {'raw': 0.0028183942195028067, 'lambda': 0.0, 'weighted': 0.0}, 'volatility': {'raw': 0.0002181638265028596, 'lambda': 0.0, 'weighted': 0.0}, 'vol_excess': {'raw': 0.0, 'lambda': 0.0, 'weighted': 0.0}, 'weight_path': {'raw': 6.244040378078353e-06, 'lambda': 0.0, 'weighted': 0.0}, 'diversify': {'raw': 0.0, 'lambda': 0.0, 'weighted': 0.0}}",0.0003,93,345,cadence,1,cadence_accept,-8.40783104649745e-06,-0.1798643853882226,252
2,-0.0029955911450088024,5.515322118299082e-05,0.0032220659777522087,0.0029955911450088024,0.0029955911450088024,4.907691618427634e-06,0.024257976561784744,0.0004785274504683912,0.09725913405418396,0.0004514973552431911,0.0,5.653537664329633e-05,-5.515322118299082e-05,-5.515322118299082e-05,-0.0022610363084822893,0.0028460389003157616,0.0002220069436589256,0.0,6.354420747811673e-06,0.0,0.005012569949030876,0.005012569949030876,0.005012569949030876,0.005012569949030876,0,0,0,"{'mean': {'raw': -0.0032220659777522087, 'lambda': 0.0, 'weighted': 0.0}, 'log_growth': {'raw': -0.0029955911450088024, 'lambda': 1.0, 'weighted': -0.0029955911450088024}, 'cvar': {'raw': -4.907691618427634e-06, 'lambda': 0.0, 'weighted': 0.0}, 'turnover': {'raw': 0.024257976561784744, 'lambda': 0.0, 'weighted': 0.0}, 'volatility': {'raw': 0.0004785274504683912, 'lambda': 0.0, 'weighted': 0.0}, 'vol_excess': {'raw': 0.09725913405418396, 'lambda': 0.0, 'weighted': 0.0}, 'weight_path': {'raw': 0.0004514973552431911, 'lambda': 0.0, 'weighted': 0.0}, 'diversify': {'raw': 0.0, 'lambda': 0.0, 'weighted': 0.0}}","{'mean': {'raw': -5.653537664329633e-05, 'lambda': 0.0, 'weighted': 0.0}, 'log_growth': {'raw': 5.515322118299082e-05, 'lambda': 1.0, 'weighted': 5.515322118299082e-05}, 'cvar': {'raw': 0.0022610363084822893, 'lambda': 0.0, 'weighted': 0.0}, 'turnover': {'raw': 0.0028460389003157616, 'lambda': 0.0, 'weighted': 0.0}, 'volatility': {'raw': 0.0002220069436589256, 'lambda': 0.0, 'weighted': 0.0}, 'vol_excess': {'raw': 0.0, 'lambda': 0.0, 'weighted': 0.0}, 'weight_path': {'raw': 6.354420747811673e-06, 'lambda': 0.0, 'weighted': 0.0}, 'diversify': {'raw': 0.0, 'lambda': 0.0, 'weighted': 0.0}}",0.0003,93,345,cadence,1,cadence_accept,-8.40783104649745e-06,-0.1798643853882226,252
1,-0.002692244481295347,0.0009217226761393249,0.0029106163419783115,0.002692244481295347,0.002692244481295347,-0.00027267250698059797,0.024503201246261597,0.0004604198329616338,0.0906255841255188,0.00044061423977836967,0.0,-0.0007975662010721862,-0.0009217226761393249,-0.0009217226761393249,-0.0033528185449540615,0.002861468121409416,0.0002458443050272763,0.0,7.70843598729698e-06,0.0,0.004299546591937542,0.004299546591937542,0.004299546591937542,0.004299546591937542,0,0,0,"{'mean': {'raw': -0.0029106163419783115, 'lambda': 0.0, 'weighted': 0.0}, 'log_growth': {'raw': -0.002692244481295347, 'lambda': 1.0, 'weighted': -0.002692244481295347}, 'cvar': {'raw': 0.00027267250698059797, 'lambda': 0.0, 'weighted': 0.0}, 'turnover': {'raw': 0.024503201246261597, 'lambda': 0.0, 'weighted': 0.0}, 'volatility': {'raw': 0.0004604198329616338, 'lambda': 0.0, 'weighted': 0.0}, 'vol_excess': {'raw': 0.0906255841255188, 'lambda': 0.0, 'weighted': 0.0}, 'weight_path': {'raw': 0.00044061423977836967, 'lambda': 0.0, 'weighted': 0.0}, 'diversify': {'raw': 0.0, 'lambda': 0.0, 'weighted': 0.0}}","{'mean': {'raw': 0.0007975662010721862, 'lambda': 0.0, 'weighted': 0.0}, 'log_growth': {'raw': 0.0009217226761393249, 'lambda': 1.0, 'weighted': 0.0009217226761393249}, 'cvar': {'raw': 0.0033528185449540615, 'lambda': 0.0, 'weighted': 0.0}, 'turnover': {'raw': 0.002861468121409416, 'lambda': 0.0, 'weighted': 0.0}, 'volatility': {'raw': 0.0002458443050272763, 'lambda': 0.0, 'weighted': 0.0}, 'vol_excess': {'raw': 0.0, 'lambda': 0.0, 'weighted': 0.0}, 'weight_path': {'raw': 7.70843598729698e-06, 'lambda': 0.0, 'weighted': 0.0}, 'diversify': {'raw': 0.0, 'lambda': 0.0, 'weighted': 0.0}}",0.0003,98,350,cadence,1,cadence_accept,-1.782923936843872e-05,-0.019343387995805712,252
2,-0.0027204782236367464,0.0009395519155077636,0.002946956316009164,0.0027204782236367464,0.0027204782236367464,-0.0003111904370598495,0.025525778532028198,0.0004793047555722296,0.09754106402397156,0.0005249917157925665,0.0,-0.0008132474031299353,-0.0009395519155077636,-0.0009395519155077636,-0.003412935882806778,0.0028781979344785213,0.00025006706709973514,0.0010316669940948486,7.770098818582483e-06,0.0,0.00428674416616559,0.00428674416616559,0.00428674416616559,0.00428674416616559,0,0,0,"{'mean': {'raw': -0.002946956316009164, 'lambda': 0.0, 'weighted': 0.0}, 'log_growth': {'raw': -0.0027204782236367464, 'lambda': 1.0, 'weighted': -0.0027204782236367464}, 'cvar': {'raw': 0.0003111904370598495, 'lambda': 0.0, 'weighted': 0.0}, 'turnover': {'raw': 0.025525778532028198, 'lambda': 0.0, 'weighted': 0.0}, 'volatility': {'raw': 0.0004793047555722296, 'lambda': 0.0, 'weighted': 0.0}, 'vol_excess': {'raw': 0.09754106402397156, 'lambda': 0.0, 'weighted': 0.0}, 'weight_path': {'raw': 0.0005249917157925665, 'lambda': 0.0, 'weighted': 0.0}, 'diversify': {'raw': 0.0, 'lambda': 0.0, 'weighted': 0.0}}","{'mean': {'raw': 0.0008132474031299353, 'lambda': 0.0, 'weighted': 0.0}, 'log_growth': {'raw': 0.0009395519155077636, 'lambda': 1.0, 'weighted': 0.0009395519155077636}, 'cvar': {'raw': 0.003412935882806778, 'lambda': 0.0, 'weighted': 0.0}, 'turnover': {'raw': 0.0028781979344785213, 'lambda': 0.0, 'weighted': 0.0}, 'volatility': {'raw': 0.00025006706709973514, 'lambda': 0.0, 'weighted': 0.0}, 'vol_excess': {'raw': 0.0010316669940948486, 'lambda': 0.0, 'weighted': 0.0}, 'weight_path': {'raw': 7.770098818582483e-06, 'lambda': 0.0, 'weighted': 0.0}, 'diversify': {'raw': 0.0, 'lambda': 0.0, 'weighted': 0.0}}",0.0003,98,350,cadence,1,cadence_accept,-1.782923936843872e-05,-0.019343387995805712,252
1,-0.0011223935289308429,-0.000960501900408417,0.0012348107993602753,0.0011223935289308429,0.0011223935289308429,-0.0010048802942037582,0.024881646037101746,0.000223827752051875,0.0,0.00046390737406909466,0.0,0.0010998555226251483,0.000960501900408417,0.000960501900408417,-0.0017677352298051119,0.002867559902369976,0.0002765873505268246,0.014007598161697388,7.603956419188762e-06,0.0,0.0009161604102700949,0.0009161604102700949,0.0009161604102700949,0.0009161604102700949,0,0,0,"{'mean': {'raw': -0.0012348107993602753, 'lambda': 0.0, 'weighted': 0.0}, 'log_growth': {'raw': -0.0011223935289308429, 'lambda': 1.0, 'weighted': -0.0011223935289308429}, 'cvar': {'raw': 0.0010048802942037582, 'lambda': 0.0, 'weighted': 0.0}, 'turnover': {'raw': 0.024881646037101746, 'lambda': 0.0, 'weighted': 0.0}, 'volatility': {'raw': 0.000223827752051875, 'lambda': 0.0, 'weighted': 0.0}, 'vol_excess': {'raw': 0.0, 'lambda': 0.0, 'weighted': 0.0}, 'weight_path': {'raw': 0.00046390737406909466, 'lambda': 0.0, 'weighted': 0.0}, 'diversify': {'raw': 0.0, 'lambda': 0.0, 'weighted': 0.0}}","{'mean': {'raw': -0.0010998555226251483, 'lambda': 0.0, 'weighted': 0.0}, 'log_growth': {'raw': -0.000960501900408417, 'lambda': 1.0, 'weighted': -0.000960501900408417}, 'cvar': {'raw': 0.0017677352298051119, 'lambda': 0.0, 'weighted': 0.0}, 'turnover': {'raw': 0.002867559902369976, 'lambda': 0.0, 'weighted': 0.0}, 'volatility': {'raw': 0.0002765873505268246, 'lambda': 0.0, 'weighted': 0.0}, 'vol_excess': {'raw': 0.014007598161697388, 'lambda': 0.0, 'weighted': 0.0}, 'weight_path': {'raw': 7.603956419188762e-06, 'lambda': 0.0, 'weighted': 0.0}, 'diversify': {'raw': 0.0, 'lambda': 0.0, 'weighted': 0.0}}",0.0003,103,355,cadence,1,cadence_accept,-9.582960046827793e-06,-0.009977033916097375,252
2,-0.0011377680348232388,-0.0009509189403615892,0.0012524145422503352,0.0011377680348232388,0.0011377680348232388,-0.0010318141430616379,0.02465006336569786,0.00022825643827673048,0.0,0.0005157514824531972,0.0,0.0010923045920208097,0.0009509189403615892,0.0009509189403615892,-0.0018181290943175554,0.0028725683223456144,0.0002806364500429481,0.015933066606521606,7.605425707879476e-06,0.0,0.000977745046839118,0.000977745046839118,0.000977745046839118,0.000977745046839118,0,0,0,"{'mean': {'raw': -0.0012524145422503352, 'lambda': 0.0, 'weighted': 0.0}, 'log_growth': {'raw': -0.0011377680348232388, 'lambda': 1.0, 'weighted': -0.0011377680348232388}, 'cvar': {'raw': 0.0010318141430616379, 'lambda': 0.0, 'weighted': 0.0}, 'turnover': {'raw': 0.02465006336569786, 'lambda': 0.0, 'weighted': 0.0}, 'volatility': {'raw': 0.00022825643827673048, 'lambda': 0.0, 'weighted': 0.0}, 'vol_excess': {'raw': 0.0, 'lambda': 0.0, 'weighted': 0.0}, 'weight_path': {'raw': 0.0005157514824531972, 'lambda': 0.0, 'weighted': 0.0}, 'diversify': {'raw': 0.0, 'lambda': 0.0, 'weighted': 0.0}}","{'mean': {'raw': -0.0010923045920208097, 'lambda': 0.0, 'weighted': 0.0}, 'log_growth': {'raw': -0.0009509189403615892, 'lambda': 1.0, 'weighted': -0.0009509189403615892}, 'cvar': {'raw': 0.0018181290943175554, 'lambda': 0.0, 'weighted': 0.0}, 'turnover': {'raw': 0.0028725683223456144, 'lambda': 0.0, 'weighted': 0.0}, 'volatility': {'raw': 0.0002806364500429481, 'lambda': 0.0, 'weighted': 0.0}, 'vol_excess': {'raw': 0.015933066606521606, 'lambda': 0.0, 'weighted': 0.0}, 'weight_path': {'raw': 7.605425707879476e-06, 'lambda': 0.0, 'weighted': 0.0}, 'diversify': {'raw': 0.0, 'lambda': 0.0, 'weighted': 0.0}}",0.0003,103,355,cadence,1,cadence_accept,-9.582960046827793e-06,-0.009977033916097375,252
1,-0.0011234714183956385,0.00012362275447230786,0.001235592644661665,0.0011234714183956385,0.0011234714183956385,-0.001003915793262422,0.02447676658630371,0.0002231497346656397,0.0,0.00048416751087643206,0.0,1.8699765860219486e-05,-0.00012362275447230786,-0.00012362275447230786,-0.0028848981019109488,0.0029760415200144053,0.0002835571940522641,0.01731330156326294,8.070932381087914e-06,0.0,0.0007854109280742705,0.0007854109280742705,0.0007854109280742705,0.0007854109280742705,0,0,0,"{'mean': {'raw': -0.001235592644661665, 'lambda': 0.0, 'weighted': 0.0}, 'log_growth': {'raw': -0.0011234714183956385, 'lambda': 1.0, 'weighted': -0.0011234714183956385}, 'cvar': {'raw': 0.001003915793262422, 'lambda': 0.0, 'weighted': 0.0}, 'turnover': {'raw': 0.02447676658630371, 'lambda': 0.0, 'weighted': 0.0}, 'volatility': {'raw': 0.0002231497346656397, 'lambda': 0.0, 'weighted': 0.0}, 'vol_excess': {'raw': 0.0, 'lambda': 0.0, 'weighted': 0.0}, 'weight_path': {'raw': 0.00048416751087643206, 'lambda': 0.0, 'weighted': 0.0}, 'diversify': {'raw': 0.0, 'lambda': 0.0, 'weighted': 0.0}}","{'mean': {'raw': -1.8699765860219486e-05, 'lambda': 0.0, 'weighted': 0.0}, 'log_growth': {'raw': 0.00012362275447230786, 'lambda': 1.0, 'weighted': 0.00012362275447230786}, 'cvar': {'raw': 0.0028848981019109488, 'lambda': 0.0, 'weighted': 0.0}, 'turnover': {'raw': 0.0029760415200144053, 'lambda': 0.0, 'weighted': 0.0}, 'volatility': {'raw': 0.0002835571940522641, 'lambda': 0.0, 'weighted': 0.0}, 'vol_excess': {'raw': 0.01731330156326294, 'lambda': 0.0, 'weighted': 0.0}, 'weight_path': {'raw': 8.070932381087914e-06, 'lambda': 0.0, 'weighted': 0.0}, 'diversify': {'raw': 0.0, 'lambda': 0.0, 'weighted': 0.0}}",0.0003,108,360,cadence,1,cadence_accept,-1.0313204256817698e-05,-0.08342480490275037,252
2,-0.0011018207296729088,0.00013393595872912556,0.001215142197906971,0.0011018207296729088,0.0011018207296729088,-0.0010502277873456478,0.02799970470368862,0.00022557508782483637,0.0,0.0006037466810084879,0.0,1.0153353287023492e-05,-0.00013393595872912556,-0.00013393595872912556,-0.002930066781118512,0.0029769164975732565,0.00028706059674732387,0.018959611654281616,8.050770702539012e-06,0.0,0.0008418119978159666,0.0008418119978159666,0.0008418119978159666,0.0008418119978159666,0,0,0,"{'mean': {'raw': -0.001215142197906971, 'lambda': 0.0, 'weighted': 0.0}, 'log_growth': {'raw': -0.0011018207296729088, 'lambda': 1.0, 'weighted': -0.0011018207296729088}, 'cvar': {'raw': 0.0010502277873456478, 'lambda': 0.0, 'weighted': 0.0}, 'turnover': {'raw': 0.02799970470368862, 'lambda': 0.0, 'weighted': 0.0}, 'volatility': {'raw': 0.00022557508782483637, 'lambda': 0.0, 'weighted': 0.0}, 'vol_excess': {'raw': 0.0, 'lambda': 0.0, 'weighted': 0.0}, 'weight_path': {'raw': 0.0006037466810084879, 'lambda': 0.0, 'weighted': 0.0}, 'diversify': {'raw': 0.0, 'lambda': 0.0, 'weighted': 0.0}}","{'mean': {'raw': -1.0153353287023492e-05, 'lambda': 0.0, 'weighted': 0.0}, 'log_growth': {'raw': 0.00013393595872912556, 'lambda': 1.0, 'weighted': 0.00013393595872912556}, 'cvar': {'raw': 0.002930066781118512, 'lambda': 0.0, 'weighted': 0.0}, 'turnover': {'raw': 0.0029769164975732565, 'lambda': 0.0, 'weighted': 0.0}, 'volatility': {'raw': 0.00028706059674732387, 'lambda': 0.0, 'weighted': 0.0}, 'vol_excess': {'raw': 0.018959611654281616, 'lambda': 0.0, 'weighted': 0.0}, 'weight_path': {'raw': 8.050770702539012e-06, 'lambda': 0.0, 'weighted': 0.0}, 'diversify': {'raw': 0.0, 'lambda': 0.0, 'weighted': 0.0}}",0.0003,108,360,cadence,1,cadence_accept,-1.0313204256817698e-05,-0.08342480490275037,252
1,-0.0008881950052455068,-0.0008618243155069649,0.001001189579255879,0.0008881950052455068,0.0008881950052455068,-0.0012555121211335063,0.02481844462454319,0.00022538726625498384,0.0,0.0004963962128385901,0.0,0.0010192039189860225,0.0008618243155069649,0.0008618243155069649,-0.002179596107453108,0.0030888200271874666,0.0003132415295112878,0.030957043170928955,8.383727617911063e-06,0.0,0.0006659056525677443,0.0006659056525677443,0.0006659056525677443,0.0006659056525677443,0,0,0,"{'mean': {'raw': -0.001001189579255879, 'lambda': 0.0, 'weighted': 0.0}, 'log_growth': {'raw': -0.0008881950052455068, 'lambda': 1.0, 'weighted': -0.0008881950052455068}, 'cvar': {'raw': 0.0012555121211335063, 'lambda': 0.0, 'weighted': 0.0}, 'turnover': {'raw': 0.02481844462454319, 'lambda': 0.0, 'weighted': 0.0}, 'volatility': {'raw': 0.00022538726625498384, 'lambda': 0.0, 'weighted': 0.0}, 'vol_excess': {'raw': 0.0, 'lambda': 0.0, 'weighted': 0.0}, 'weight_path': {'raw': 0.0004963962128385901, 'lambda': 0.0, 'weighted': 0.0}, 'diversify': {'raw': 0.0, 'lambda': 0.0, 'weighted': 0.0}}","{'mean': {'raw': -0.0010192039189860225, 'lambda': 0.0, 'weighted': 0.0}, 'log_growth': {'raw': -0.0008618243155069649, 'lambda': 1.0, 'weighted': -0.0008618243155069649}, 'cvar': {'raw': 0.002179596107453108, 'lambda': 0.0, 'weighted': 0.0}, 'turnover': {'raw': 0.0030888200271874666, 'lambda': 0.0, 'weighted': 0.0}, 'volatility': {'raw': 0.0003132415295112878, 'lambda': 0.0, 'weighted': 0.0}, 'vol_excess': {'raw': 0.030957043170928955, 'lambda': 0.0, 'weighted': 0.0}, 'weight_path': {'raw': 8.383727617911063e-06, 'lambda': 0.0, 'weighted': 0.0}, 'diversify': {'raw': 0.0, 'lambda': 0.0, 'weighted': 0.0}}",0.0003,112,364,cadence,1,cadence_accept,-5.469715688377619e-06,-0.0063466713384773875,252
2,-0.0008830105070956051,-0.0008563545998185873,0.0009975534630939364,0.0008830105070956051,0.0008830105070956051,-0.0012928004143759608,0.02397977188229561,0.00022845398052595556,0.0,0.00044834602158516645,0.0,0.001015253714285791,0.0008563545998185873,0.0008563545998185873,-0.0022151139564812183,0.003085792064666748,0.00031627033604308963,0.032312095165252686,8.350844836968463e-06,0.0,0.0008029325981624424,0.0008029325981624424,0.0008029325981624424,0.0008029325981624424,0,0,0,"{'mean': {'raw': -0.0009975534630939364, 'lambda': 0.0, 'weighted': 0.0}, 'log_growth': {'raw': -0.0008830105070956051, 'lambda': 1.0, 'weighted': -0.0008830105070956051}, 'cvar': {'raw': 0.0012928004143759608, 'lambda': 0.0, 'weighted': 0.0}, 'turnover': {'raw': 0.02397977188229561, 'lambda': 0.0, 'weighted': 0.0}, 'volatility': {'raw': 0.00022845398052595556, 'lambda': 0.0, 'weighted': 0.0}, 'vol_excess': {'raw': 0.0, 'lambda': 0.0, 'weighted': 0.0}, 'weight_path': {'raw': 0.00044834602158516645, 'lambda': 0.0, 'weighted': 0.0}, 'diversify': {'raw': 0.0, 'lambda': 0.0, 'weighted': 0.0}}","{'mean': {'raw': -0.001015253714285791, 'lambda': 0.0, 'weighted': 0.0}, 'log_growth': {'raw': -0.0008563545998185873, 'lambda': 1.0, 'weighted': -0.0008563545998185873}, 'cvar': {'raw': 0.0022151139564812183, 'lambda': 0.0, 'weighted': 0.0}, 'turnover': {'raw': 0.003085792064666748, 'lambda': 0.0, 'weighted': 0.0}, 'volatility': {'raw': 0.00031627033604308963, 'lambda': 0.0, 'weighted': 0.0}, 'vol_excess': {'raw': 0.032312095165252686, 'lambda': 0.0, 'weighted': 0.0}, 'weight_path': {'raw': 8.350844836968463e-06, 'lambda': 0.0, 'weighted': 0.0}, 'diversify': {'raw': 0.0, 'lambda': 0.0, 'weighted': 0.0}}",0.0003,112,364,cadence,1,cadence_accept,-5.469715688377619e-06,-0.0063466713384773875,252
1,-0.0012886859476566315,-0.0003887604980263859,0.0014020564267411828,0.0012886859476566315,0.0012886859476566315,-0.0008638641447760165,0.02558615617454052,0.000225217649131082,0.0,0.0005406078416854143,0.0,0.0005518206162378192,0.0003887604980263859,0.0003887604980263859,-0.0027447028551250696,0.002926615532487631,0.0003253251197747886,0.03632485866546631,7.800373168720398e-06,0.0,0.0010279807029291987,0.0010279807029291987,0.0010279807029291987,0.0010279807029291987,0,0,0,"{'mean': {'raw': -0.0014020564267411828, 'lambda': 0.0, 'weighted': 0.0}, 'log_growth': {'raw': -0.0012886859476566315, 'lambda': 1.0, 'weighted': -0.0012886859476566315}, 'cvar': {'raw': 0.0008638641447760165, 'lambda': 0.0, 'weighted': 0.0}, 'turnover': {'raw': 0.02558615617454052, 'lambda': 0.0, 'weighted': 0.0}, 'volatility': {'raw': 0.000225217649131082, 'lambda': 0.0, 'weighted': 0.0}, 'vol_excess': {'raw': 0.0, 'lambda': 0.0, 'weighted': 0.0}, 'weight_path': {'raw': 0.0005406078416854143, 'lambda': 0.0, 'weighted': 0.0}, 'diversify': {'raw': 0.0, 'lambda': 0.0, 'weighted': 0.0}}","{'mean': {'raw': -0.0005518206162378192, 'lambda': 0.0, 'weighted': 0.0}, 'log_growth': {'raw': -0.0003887604980263859, 'lambda': 1.0, 'weighted': -0.0003887604980263859}, 'cvar': {'raw': 0.0027447028551250696, 'lambda': 0.0, 'weighted': 0.0}, 'turnover': {'raw': 0.002926615532487631, 'lambda': 0.0, 'weighted': 0.0}, 'volatility': {'raw': 0.0003253251197747886, 'lambda': 0.0, 'weighted': 0.0}, 'vol_excess': {'raw': 0.03632485866546631, 'lambda': 0.0, 'weighted': 0.0}, 'weight_path': {'raw': 7.800373168720398e-06, 'lambda': 0.0, 'weighted': 0.0}, 'diversify': {'raw': 0.0, 'lambda': 0.0, 'weighted': 0.0}}",0.0003,117,369,cadence,1,cadence_accept,-4.174275090917945e-06,-0.010737395134979053,252
2,-0.0013026002561673522,-0.00038458622293546796,0.0014170650392770767,0.0013026002561673522,0.0013026002561673522,-0.0008682093466632068,0.024069910869002342,0.00022741351858712733,0.0,0.00046388336340896785,0.0,0.0005490612238645554,0.00038458622293546796,0.00038458622293546796,-0.002776539884507656,0.002923806896433234,0.00032814356382004917,0.03756245970726013,7.780631676723715e-06,0.0,0.000980462646111846,0.000980462646111846,0.000980462646111846,0.000980462646111846,0,0,0,"{'mean': {'raw': -0.0014170650392770767, 'lambda': 0.0, 'weighted': 0.0}, 'log_growth': {'raw': -0.0013026002561673522, 'lambda': 1.0, 'weighted': -0.0013026002561673522}, 'cvar': {'raw': 0.0008682093466632068, 'lambda': 0.0, 'weighted': 0.0}, 'turnover': {'raw': 0.024069910869002342, 'lambda': 0.0, 'weighted': 0.0}, 'volatility': {'raw': 0.00022741351858712733, 'lambda': 0.0, 'weighted': 0.0}, 'vol_excess': {'raw': 0.0, 'lambda': 0.0, 'weighted': 0.0}, 'weight_path': {'raw': 0.00046388336340896785, 'lambda': 0.0, 'weighted': 0.0}, 'diversify': {'raw': 0.0, 'lambda': 0.0, 'weighted': 0.0}}","{'mean': {'raw': -0.0005490612238645554, 'lambda': 0.0, 'weighted': 0.0}, 'log_growth': {'raw': -0.00038458622293546796, 'lambda': 1.0, 'weighted': -0.00038458622293546796}, 'cvar': {'raw': 0.002776539884507656, 'lambda': 0.0, 'weighted': 0.0}, 'turnover': {'raw': 0.002923806896433234, 'lambda': 0.0, 'weighted': 0.0}, 'volatility': {'raw': 0.00032814356382004917, 'lambda': 0.0, 'weighted': 0.0}, 'vol_excess': {'raw': 0.03756245970726013, 'lambda': 0.0, 'weighted': 0.0}, 'weight_path': {'raw': 7.780631676723715e-06, 'lambda': 0.0, 'weighted': 0.0}, 'diversify': {'raw': 0.0, 'lambda': 0.0, 'weighted': 0.0}}",0.0003,117,369,cadence,1,cadence_accept,-4.174275090917945e-06,-0.010737395134979053,252
1,-0.0010835750726982951,0.0015152139822021127,0.0011909109307453036,0.0010835750726982951,0.0010835750726982951,-0.0009685565601103008,0.027119390666484833,0.0002134194946847856,0.0,0.0005682333721779287,0.0,-0.0013137623900547624,-0.0015152139822021127,-0.0015152139822021127,-0.005453906487673521,0.0029673355165868998,0.00039769470458850265,0.06657394766807556,8.128181434585713e-06,0.0,0.0008632253739051521,0.0008632253739051521,0.0008632253739051521,0.0008632253739051521,0,0,0,"{'mean': {'raw': -0.0011909109307453036, 'lambda': 0.0, 'weighted': 0.0}, 'log_growth': {'raw': -0.0010835750726982951, 'lambda': 1.0, 'weighted': -0.0010835750726982951}, 'cvar': {'raw': 0.0009685565601103008, 'lambda': 0.0, 'weighted': 0.0}, 'turnover': {'raw': 0.027119390666484833, 'lambda': 0.0, 'weighted': 0.0}, 'volatility': {'raw': 0.0002134194946847856, 'lambda': 0.0, 'weighted': 0.0}, 'vol_excess': {'raw': 0.0, 'lambda': 0.0, 'weighted': 0.0}, 'weight_path': {'raw': 0.0005682333721779287, 'lambda': 0.0, 'weighted': 0.0}, 'diversify': {'raw': 0.0, 'lambda': 0.0, 'weighted': 0.0}}","{'mean': {'raw': 0.0013137623900547624, 'lambda': 0.0, 'weighted': 0.0}, 'log_growth': {'raw': 0.0015152139822021127, 'lambda': 1.0, 'weighted': 0.0015152139822021127}, 'cvar': {'raw': 0.005453906487673521, 'lambda': 0.0, 'weighted': 0.0}, 'turnover': {'raw': 0.0029673355165868998, 'lambda': 0.0, 'weighted': 0.0}, 'volatility': {'raw': 0.00039769470458850265, 'lambda': 0.0, 'weighted': 0.0}, 'vol_excess': {'raw': 0.06657394766807556, 'lambda': 0.0, 'weighted': 0.0}, 'weight_path': {'raw': 8.128181434585713e-06, 'lambda': 0.0, 'weighted': 0.0}, 'diversify': {'raw': 0.0, 'lambda': 0.0, 'weighted': 0.0}}",0.0003,122,374,cadence,1,cadence_accept,-1.204339787364006e-05,-0.007948314896215952,252
2,-0.0010627753799781203,0.0015272573800757527,0.0011709482641890645,0.0010627753799781203,0.0010627753799781203,-0.0010068208212032914,0.029232213273644447,0.00021511473460122943,0.0,0.0006859973073005676,0.0,-0.0013242949498817325,-0.0015272573800757527,-0.0015272573800757527,-0.005496052093803883,0.0029659259598702192,0.0004006406816188246,0.06774431467056274,8.117423021758441e-06,0.0,0.0008800056530162692,0.0008800056530162692,0.0008800056530162692,0.0008800056530162692,0,0,0,"{'mean': {'raw': -0.0011709482641890645, 'lambda': 0.0, 'weighted': 0.0}, 'log_growth': {'raw': -0.0010627753799781203, 'lambda': 1.0, 'weighted': -0.0010627753799781203}, 'cvar': {'raw': 0.0010068208212032914, 'lambda': 0.0, 'weighted': 0.0}, 'turnover': {'raw': 0.029232213273644447, 'lambda': 0.0, 'weighted': 0.0}, 'volatility': {'raw': 0.00021511473460122943, 'lambda': 0.0, 'weighted': 0.0}, 'vol_excess': {'raw': 0.0, 'lambda': 0.0, 'weighted': 0.0}, 'weight_path': {'raw': 0.0006859973073005676, 'lambda': 0.0, 'weighted': 0.0}, 'diversify': {'raw': 0.0, 'lambda': 0.0, 'weighted': 0.0}}","{'mean': {'raw': 0.0013242949498817325, 'lambda': 0.0, 'weighted': 0.0}, 'log_growth': {'raw': 0.0015272573800757527, 'lambda': 1.0, 'weighted': 0.0015272573800757527}, 'cvar': {'raw': 0.005496052093803883, 'lambda': 0.0, 'weighted': 0.0}, 'turnover': {'raw': 0.0029659259598702192, 'lambda': 0.0, 'weighted': 0.0}, 'volatility': {'raw': 0.0004006406816188246, 'lambda': 0.0, 'weighted': 0.0}, 'vol_excess': {'raw': 0.06774431467056274, 'lambda': 0.0, 'weighted': 0.0}, 'weight_path': {'raw': 8.117423021758441e-06, 'lambda': 0.0, 'weighted': 0.0}, 'diversify': {'raw': 0.0, 'lambda': 0.0, 'weighted': 0.0}}",0.0003,122,374,cadence,1,cadence_accept,-1.204339787364006e-05,-0.007948314896215952,252
1,-0.0011855685152113438,0.003331385552883148,0.0012920823646709323,0.0011855685152113438,0.0011855685152113438,-0.0008535754750482738,0.02306198514997959,0.0002114971139235422,0.0,0.0004151285975240171,0.0,-0.0031092700082808733,-0.003331385552883148,-0.003331385552883148,-0.007497534621506929,0.003084707772359252,0.0004303517343942076,0.07931539416313171,8.391801202378701e-06,0.0,0.0006397473043762147,0.0006397473043762147,0.0006397473043762147,0.0006397473043762147,0,0,0,"{'mean': {'raw': -0.0012920823646709323, 'lambda': 0.0, 'weighted': 0.0}, 'log_growth': {'raw': -0.0011855685152113438, 'lambda': 1.0, 'weighted': -0.0011855685152113438}, 'cvar': {'raw': 0.0008535754750482738, 'lambda': 0.0, 'weighted': 0.0}, 'turnover': {'raw': 0.02306198514997959, 'lambda': 0.0, 'weighted': 0.0}, 'volatility': {'raw': 0.0002114971139235422, 'lambda': 0.0, 'weighted': 0.0}, 'vol_excess': {'raw': 0.0, 'lambda': 0.0, 'weighted': 0.0}, 'weight_path': {'raw': 0.0004151285975240171, 'lambda': 0.0, 'weighted': 0.0}, 'diversify': {'raw': 0.0, 'lambda': 0.0, 'weighted': 0.0}}","{'mean': {'raw': 0.0031092700082808733, 'lambda': 0.0, 'weighted': 0.0}, 'log_growth': {'raw': 0.003331385552883148, 'lambda': 1.0, 'weighted': 0.003331385552883148}, 'cvar': {'raw': 0.007497534621506929, 'lambda': 0.0, 'weighted': 0.0}, 'turnover': {'raw': 0.003084707772359252, 'lambda': 0.0, 'weighted': 0.0}, 'volatility': {'raw': 0.0004303517343942076, 'lambda': 0.0, 'weighted': 0.0}, 'vol_excess': {'raw': 0.07931539416313171, 'lambda': 0.0, 'weighted': 0.0}, 'weight_path': {'raw': 8.391801202378701e-06, 'lambda': 0.0, 'weighted': 0.0}, 'diversify': {'raw': 0.0, 'lambda': 0.0, 'weighted': 0.0}}",0.0003,127,379,cadence,1,cadence_accept,-1.5833182260394096e-05,-0.004752731860153063,252
2,-0.001178003498353064,0.0033472187351435423,0.0012851974461227655,0.001178003498353064,0.001178003498353064,-0.0008731322595849633,0.024850118905305862,0.00021289345750119537,0.0,0.0004886874230578542,0.0,-0.003123713191598654,-0.0033472187351435423,-0.0033472187351435423,-0.007539423648267984,0.003082629991695285,0.00043299567187204957,0.08032545447349548,8.376152436539996e-06,0.0,0.0005823717219755054,0.0005823717219755054,0.0005823717219755054,0.0005823717219755054,0,0,0,"{'mean': {'raw': -0.0012851974461227655, 'lambda': 0.0, 'weighted': 0.0}, 'log_growth': {'raw': -0.001178003498353064, 'lambda': 1.0, 'weighted': -0.001178003498353064}, 'cvar': {'raw': 0.0008731322595849633, 'lambda': 0.0, 'weighted': 0.0}, 'turnover': {'raw': 0.024850118905305862, 'lambda': 0.0, 'weighted': 0.0}, 'volatility': {'raw': 0.00021289345750119537, 'lambda': 0.0, 'weighted': 0.0}, 'vol_excess': {'raw': 0.0, 'lambda': 0.0, 'weighted': 0.0}, 'weight_path': {'raw': 0.0004886874230578542, 'lambda': 0.0, 'weighted': 0.0}, 'diversify': {'raw': 0.0, 'lambda': 0.0, 'weighted': 0.0}}","{'mean': {'raw': 0.003123713191598654, 'lambda': 0.0, 'weighted': 0.0}, 'log_growth': {'raw': 0.0033472187351435423, 'lambda': 1.0, 'weighted': 0.0033472187351435423}, 'cvar': {'raw': 0.007539423648267984, 'lambda': 0.0, 'weighted': 0.0}, 'turnover': {'raw': 0.003082629991695285, 'lambda': 0.0, 'weighted': 0.0}, 'volatility': {'raw': 0.00043299567187204957, 'lambda': 0.0, 'weighted': 0.0}, 'vol_excess': {'raw': 0.08032545447349548, 'lambda': 0.0, 'weighted': 0.0}, 'weight_path': {'raw': 8.376152436539996e-06, 'lambda': 0.0, 'weighted': 0.0}, 'diversify': {'raw': 0.0, 'lambda': 0.0, 'weighted': 0.0}}",0.0003,127,379,cadence,1,cadence_accept,-1.5833182260394096e-05,-0.004752731860153063,252
1,-0.0011471448233351111,0.005554989445954561,0.0012532136170193553,0.0011471448233351111,0.0011471448233351111,-0.0008798837661743164,0.031982868909835815,0.00021076035045553,0.0,0.0008977988036349416,0.0,-0.005303547251969576,-0.005554989445954561,-0.005554989445954561,-0.009997265413403511,0.0031819737050682306,0.00046909184311516583,0.09381848573684692,8.894396160030738e-06,0.0,0.0005453467601910233,0.0005453467601910233,0.0005453467601910233,0.0005453467601910233,0,0,0,"{'mean': {'raw': -0.0012532136170193553, 'lambda': 0.0, 'weighted': 0.0}, 'log_growth': {'raw': -0.0011471448233351111, 'lambda': 1.0, 'weighted': -0.0011471448233351111}, 'cvar': {'raw': 0.0008798837661743164, 'lambda': 0.0, 'weighted': 0.0}, 'turnover': {'raw': 0.031982868909835815, 'lambda': 0.0, 'weighted': 0.0}, 'volatility': {'raw': 0.00021076035045553, 'lambda': 0.0, 'weighted': 0.0}, 'vol_excess': {'raw': 0.0, 'lambda': 0.0, 'weighted': 0.0}, 'weight_path': {'raw': 0.0008977988036349416, 'lambda': 0.0, 'weighted': 0.0}, 'diversify': {'raw': 0.0, 'lambda': 0.0, 'weighted': 0.0}}","{'mean': {'raw': 0.005303547251969576, 'lambda': 0.0, 'weighted': 0.0}, 'log_growth': {'raw': 0.005554989445954561, 'lambda': 1.0, 'weighted': 0.005554989445954561}, 'cvar': {'raw': 0.009997265413403511, 'lambda': 0.0, 'weighted': 0.0}, 'turnover': {'raw': 0.0031819737050682306, 'lambda': 0.0, 'weighted': 0.0}, 'volatility': {'raw': 0.00046909184311516583, 'lambda': 0.0, 'weighted': 0.0}, 'vol_excess': {'raw': 0.09381848573684692, 'lambda': 0.0, 'weighted': 0.0}, 'weight_path': {'raw': 8.894396160030738e-06, 'lambda': 0.0, 'weighted': 0.0}, 'diversify': {'raw': 0.0, 'lambda': 0.0, 'weighted': 0.0}}",0.0003,131,383,cadence,1,cadence_accept,-1.7035752534866333e-05,-0.0030667479565070865,252
2,-0.0011296557495370507,0.005572025198489428,0.0012369791511446238,0.0011296557495370507,0.0011296557495370507,-0.0009245470864698291,0.029607223346829414,0.00021326479327399284,0.0,0.000676074530929327,0.0,-0.005319303832948208,-0.005572025198489428,-0.005572025198489428,-0.010036654770374298,0.0031790167558938265,0.00047143417759798467,0.09467583894729614,8.87448823050363e-06,0.0,0.0006851475336588919,0.0006851475336588919,0.0006851475336588919,0.0006851475336588919,0,0,0,"{'mean': {'raw': -0.0012369791511446238, 'lambda': 0.0, 'weighted': 0.0}, 'log_growth': {'raw': -0.0011296557495370507, 'lambda': 1.0, 'weighted': -0.0011296557495370507}, 'cvar': {'raw': 0.0009245470864698291, 'lambda': 0.0, 'weighted': 0.0}, 'turnover': {'raw': 0.029607223346829414, 'lambda': 0.0, 'weighted': 0.0}, 'volatility': {'raw': 0.00021326479327399284, 'lambda': 0.0, 'weighted': 0.0}, 'vol_excess': {'raw': 0.0, 'lambda': 0.0, 'weighted': 0.0}, 'weight_path': {'raw': 0.000676074530929327, 'lambda': 0.0, 'weighted': 0.0}, 'diversify': {'raw': 0.0, 'lambda': 0.0, 'weighted': 0.0}}","{'mean': {'raw': 0.005319303832948208, 'lambda': 0.0, 'weighted': 0.0}, 'log_growth': {'raw': 0.005572025198489428, 'lambda': 1.0, 'weighted': 0.005572025198489428}, 'cvar': {'raw': 0.010036654770374298, 'lambda': 0.0, 'weighted': 0.0}, 'turnover': {'raw': 0.0031790167558938265, 'lambda': 0.0, 'weighted': 0.0}, 'volatility': {'raw': 0.00047143417759798467, 'lambda': 0.0, 'weighted': 0.0}, 'vol_excess': {'raw': 0.09467583894729614, 'lambda': 0.0, 'weighted': 0.0}, 'weight_path': {'raw': 8.87448823050363e-06, 'lambda': 0.0, 'weighted': 0.0}, 'diversify': {'raw': 0.0, 'lambda': 0.0, 'weighted': 0.0}}",0.0003,131,383,cadence,1,cadence_accept,-1.7035752534866333e-05,-0.0030667479565070865,252
1,-0.001578953000716865,0.00704274931922555,0.0016906869132071733,0.001578953000716865,0.001578953000716865,-0.0005477233789861202,0.03023464046418667,0.00022097198234405369,0.0,0.0007527160923928022,0.0,-0.006789296865463257,-0.00704274931922555,-0.00704274931922555,-0.011297017335891724,0.003187500638887286,0.00045441597467288375,0.08839744329452515,8.880634595698211e-06,0.0,0.0010984934633597732,0.0010984934633597732,0.0010984934633597732,0.0010984934633597732,0,0,0,"{'mean': {'raw': -0.0016906869132071733, 'lambda': 0.0, 'weighted': 0.0}, 'log_growth': {'raw': -0.001578953000716865, 'lambda': 1.0, 'weighted': -0.001578953000716865}, 'cvar': {'raw': 0.0005477233789861202, 'lambda': 0.0, 'weighted': 0.0}, 'turnover': {'raw': 0.03023464046418667, 'lambda': 0.0, 'weighted': 0.0}, 'volatility': {'raw': 0.00022097198234405369, 'lambda': 0.0, 'weighted': 0.0}, 'vol_excess': {'raw': 0.0, 'lambda': 0.0, 'weighted': 0.0}, 'weight_path': {'raw': 0.0007527160923928022, 'lambda': 0.0, 'weighted': 0.0}, 'diversify': {'raw': 0.0, 'lambda': 0.0, 'weighted': 0.0}}","{'mean': {'raw': 0.006789296865463257, 'lambda': 0.0, 'weighted': 0.0}, 'log_growth': {'raw': 0.00704274931922555, 'lambda': 1.0, 'weighted': 0.00704274931922555}, 'cvar': {'raw': 0.011297017335891724, 'lambda': 0.0, 'weighted': 0.0}, 'turnover': {'raw': 0.003187500638887286, 'lambda': 0.0, 'weighted': 0.0}, 'volatility': {'raw': 0.00045441597467288375, 'lambda': 0.0, 'weighted': 0.0}, 'vol_excess': {'raw': 0.08839744329452515, 'lambda': 0.0, 'weighted': 0.0}, 'weight_path': {'raw': 8.880634595698211e-06, 'lambda': 0.0, 'weighted': 0.0}, 'diversify': {'raw': 0.0, 'lambda': 0.0, 'weighted': 0.0}}",0.0003,136,388,cadence,1,cadence_accept,-2.214033156633377e-05,-0.0031437057546192353,252
2,-0.0015564389759674668,0.0070648896507918835,0.001668547629378736,0.0015564389759674668,0.0015564389759674668,-0.0005807861452922225,0.0248932633548975,0.0002217474830104038,0.0,0.0005152468802407384,0.0,-0.006810260936617851,-0.0070648896507918835,-0.0070648896507918835,-0.011338340118527412,0.0031846477650105953,0.0004564280097838491,0.08914577960968018,8.861568858264945e-06,0.0,0.0010539359645918012,0.0010539359645918012,0.0010539359645918012,0.0010539359645918012,0,0,0,"{'mean': {'raw': -0.001668547629378736, 'lambda': 0.0, 'weighted': 0.0}, 'log_growth': {'raw': -0.0015564389759674668, 'lambda': 1.0, 'weighted': -0.0015564389759674668}, 'cvar': {'raw': 0.0005807861452922225, 'lambda': 0.0, 'weighted': 0.0}, 'turnover': {'raw': 0.0248932633548975, 'lambda': 0.0, 'weighted': 0.0}, 'volatility': {'raw': 0.0002217474830104038, 'lambda': 0.0, 'weighted': 0.0}, 'vol_excess': {'raw': 0.0, 'lambda': 0.0, 'weighted': 0.0}, 'weight_path': {'raw': 0.0005152468802407384, 'lambda': 0.0, 'weighted': 0.0}, 'diversify': {'raw': 0.0, 'lambda': 0.0, 'weighted': 0.0}}","{'mean': {'raw': 0.006810260936617851, 'lambda': 0.0, 'weighted': 0.0}, 'log_growth': {'raw': 0.0070648896507918835, 'lambda': 1.0, 'weighted': 0.0070648896507918835}, 'cvar': {'raw': 0.011338340118527412, 'lambda': 0.0, 'weighted': 0.0}, 'turnover': {'raw': 0.0031846477650105953, 'lambda': 0.0, 'weighted': 0.0}, 'volatility': {'raw': 0.0004564280097838491, 'lambda': 0.0, 'weighted': 0.0}, 'vol_excess': {'raw': 0.08914577960968018, 'lambda': 0.0, 'weighted': 0.0}, 'weight_path': {'raw': 8.861568858264945e-06, 'lambda': 0.0, 'weighted': 0.0}, 'diversify': {'raw': 0.0, 'lambda': 0.0, 'weighted': 0.0}}",0.0003,136,388,cadence,1,cadence_accept,-2.214033156633377e-05,-0.0031437057546192353,252
1,-0.0007640398689545691,0.003931758459657431,0.0008800319628790021,0.0007640398689545691,0.0007640398689545691,-0.001464699162170291,0.026658404618501663,0.00023115598014555871,0.0,0.0005685106734745204,0.0,-0.003621967975050211,-0.003931758459657431,-0.003931758459657431,-0.009447947144508362,0.003217569552361965,0.0006044046021997929,0.14026910066604614,9.009304449136835e-06,0.0,0.0009650755091570318,0.0009650755091570318,0.0009650755091570318,0.0009650755091570318,0,0,0,"{'mean': {'raw': -0.0008800319628790021, 'lambda': 0.0, 'weighted': 0.0}, 'log_growth': {'raw': -0.0007640398689545691, 'lambda': 1.0, 'weighted': -0.0007640398689545691}, 'cvar': {'raw': 0.001464699162170291, 'lambda': 0.0, 'weighted': 0.0}, 'turnover': {'raw': 0.026658404618501663, 'lambda': 0.0, 'weighted': 0.0}, 'volatility': {'raw': 0.00023115598014555871, 'lambda': 0.0, 'weighted': 0.0}, 'vol_excess': {'raw': 0.0, 'lambda': 0.0, 'weighted': 0.0}, 'weight_path': {'raw': 0.0005685106734745204, 'lambda': 0.0, 'weighted': 0.0}, 'diversify': {'raw': 0.0, 'lambda': 0.0, 'weighted': 0.0}}","{'mean': {'raw': 0.003621967975050211, 'lambda': 0.0, 'weighted': 0.0}, 'log_growth': {'raw': 0.003931758459657431, 'lambda': 1.0, 'weighted': 0.003931758459657431}, 'cvar': {'raw': 0.009447947144508362, 'lambda': 0.0, 'weighted': 0.0}, 'turnover': {'raw': 0.003217569552361965, 'lambda': 0.0, 'weighted': 0.0}, 'volatility': {'raw': 0.0006044046021997929, 'lambda': 0.0, 'weighted': 0.0}, 'vol_excess': {'raw': 0.14026910066604614, 'lambda': 0.0, 'weighted': 0.0}, 'weight_path': {'raw': 9.009304449136835e-06, 'lambda': 0.0, 'weighted': 0.0}, 'diversify': {'raw': 0.0, 'lambda': 0.0, 'weighted': 0.0}}",0.0003,141,393,cadence,1,cadence_accept,-8.238013833761215e-06,-0.0020952492163986425,252
2,-0.0007916517788544297,0.003939996473491192,0.000907649053260684,0.0007916517788544297,0.0007916517788544297,-0.001431767363101244,0.025244485586881638,0.00023121046251617372,0.0,0.0004916533944196999,0.0,-0.0036292499862611294,-0.003939996473491192,-0.003939996473491192,-0.009472719393670559,0.00321155390702188,0.0006062510656192899,0.1408647894859314,8.976156095741317e-06,0.0,0.0008824542164802551,0.0008824542164802551,0.0008824542164802551,0.0008824542164802551,0,0,0,"{'mean': {'raw': -0.000907649053260684, 'lambda': 0.0, 'weighted': 0.0}, 'log_growth': {'raw': -0.0007916517788544297, 'lambda': 1.0, 'weighted': -0.0007916517788544297}, 'cvar': {'raw': 0.001431767363101244, 'lambda': 0.0, 'weighted': 0.0}, 'turnover': {'raw': 0.025244485586881638, 'lambda': 0.0, 'weighted': 0.0}, 'volatility': {'raw': 0.00023121046251617372, 'lambda': 0.0, 'weighted': 0.0}, 'vol_excess': {'raw': 0.0, 'lambda': 0.0, 'weighted': 0.0}, 'weight_path': {'raw': 0.0004916533944196999, 'lambda': 0.0, 'weighted': 0.0}, 'diversify': {'raw': 0.0, 'lambda': 0.0, 'weighted': 0.0}}","{'mean': {'raw': 0.0036292499862611294, 'lambda': 0.0, 'weighted': 0.0}, 'log_growth': {'raw': 0.003939996473491192, 'lambda': 1.0, 'weighted': 0.003939996473491192}, 'cvar': {'raw': 0.009472719393670559, 'lambda': 0.0, 'weighted': 0.0}, 'turnover': {'raw': 0.00321155390702188, 'lambda': 0.0, 'weighted': 0.0}, 'volatility': {'raw': 0.0006062510656192899, 'lambda': 0.0, 'weighted': 0.0}, 'vol_excess': {'raw': 0.1408647894859314, 'lambda': 0.0, 'weighted': 0.0}, 'weight_path': {'raw': 8.976156095741317e-06, 'lambda': 0.0, 'weighted': 0.0}, 'diversify': {'raw': 0.0, 'lambda': 0.0, 'weighted': 0.0}}",0.0003,141,393,cadence,1,cadence_accept,-8.238013833761215e-06,-0.0020952492163986425,252
1,-0.00041817998862825334,0.002704225480556488,0.000539954926352948,0.00041817998862825334,0.00041817998862825334,-0.0019209419842809439,0.02819661796092987,0.00024309687432833016,0.0,0.0006197800976224244,0.0,-0.0023700085002928972,-0.002704225480556488,-0.002704225480556488,-0.008771564811468124,0.0029304653871804476,0.0006617133622057736,0.15835252404212952,6.468237643275643e-06,0.0,0.0012938515283167362,0.0012938515283167362,0.0012938515283167362,0.0012938515283167362,0,0,0,"{'mean': {'raw': -0.000539954926352948, 'lambda': 0.0, 'weighted': 0.0}, 'log_growth': {'raw': -0.00041817998862825334, 'lambda': 1.0, 'weighted': -0.00041817998862825334}, 'cvar': {'raw': 0.0019209419842809439, 'lambda': 0.0, 'weighted': 0.0}, 'turnover': {'raw': 0.02819661796092987, 'lambda': 0.0, 'weighted': 0.0}, 'volatility': {'raw': 0.00024309687432833016, 'lambda': 0.0, 'weighted': 0.0}, 'vol_excess': {'raw': 0.0, 'lambda': 0.0, 'weighted': 0.0}, 'weight_path': {'raw': 0.0006197800976224244, 'lambda': 0.0, 'weighted': 0.0}, 'diversify': {'raw': 0.0, 'lambda': 0.0, 'weighted': 0.0}}","{'mean': {'raw': 0.0023700085002928972, 'lambda': 0.0, 'weighted': 0.0}, 'log_growth': {'raw': 0.002704225480556488, 'lambda': 1.0, 'weighted': 0.002704225480556488}, 'cvar': {'raw': 0.008771564811468124, 'lambda': 0.0, 'weighted': 0.0}, 'turnover': {'raw': 0.0029304653871804476, 'lambda': 0.0, 'weighted': 0.0}, 'volatility': {'raw': 0.0006617133622057736, 'lambda': 0.0, 'weighted': 0.0}, 'vol_excess': {'raw': 0.15835252404212952, 'lambda': 0.0, 'weighted': 0.0}, 'weight_path': {'raw': 6.468237643275643e-06, 'lambda': 0.0, 'weighted': 0.0}, 'diversify': {'raw': 0.0, 'lambda': 0.0, 'weighted': 0.0}}",0.0003,146,398,cadence,1,cadence_accept,-3.547174856066704e-06,-0.0013117156391947887,252
2,-0.0003956860746257007,0.0027077726554125547,0.0005170686054043472,0.0003956860746257007,0.0003956860746257007,-0.001938715809956193,0.028489451855421066,0.00024227307585533708,0.0,0.0006985323270782828,0.0,-0.002372986637055874,-0.0027077726554125547,-0.0027077726554125547,-0.00878513790667057,0.00292520085349679,0.0006628332193940878,0.15869790315628052,6.445658982556779e-06,0.0,0.0011221359018236399,0.0011221359018236399,0.0011221359018236399,0.0011221359018236399,0,0,0,"{'mean': {'raw': -0.0005170686054043472, 'lambda': 0.0, 'weighted': 0.0}, 'log_growth': {'raw': -0.0003956860746257007, 'lambda': 1.0, 'weighted': -0.0003956860746257007}, 'cvar': {'raw': 0.001938715809956193, 'lambda': 0.0, 'weighted': 0.0}, 'turnover': {'raw': 0.028489451855421066, 'lambda': 0.0, 'weighted': 0.0}, 'volatility': {'raw': 0.00024227307585533708, 'lambda': 0.0, 'weighted': 0.0}, 'vol_excess': {'raw': 0.0, 'lambda': 0.0, 'weighted': 0.0}, 'weight_path': {'raw': 0.0006985323270782828, 'lambda': 0.0, 'weighted': 0.0}, 'diversify': {'raw': 0.0, 'lambda': 0.0, 'weighted': 0.0}}","{'mean': {'raw': 0.002372986637055874, 'lambda': 0.0, 'weighted': 0.0}, 'log_growth': {'raw': 0.0027077726554125547, 'lambda': 1.0, 'weighted': 0.0027077726554125547}, 'cvar': {'raw': 0.00878513790667057, 'lambda': 0.0, 'weighted': 0.0}, 'turnover': {'raw': 0.00292520085349679, 'lambda': 0.0, 'weighted': 0.0}, 'volatility': {'raw': 0.0006628332193940878, 'lambda': 0.0, 'weighted': 0.0}, 'vol_excess': {'raw': 0.15869790315628052, 'lambda': 0.0, 'weighted': 0.0}, 'weight_path': {'raw': 6.445658982556779e-06, 'lambda': 0.0, 'weighted': 0.0}, 'diversify': {'raw': 0.0, 'lambda': 0.0, 'weighted': 0.0}}",0.0003,146,398,cadence,1,cadence_accept,-3.547174856066704e-06,-0.0013117156391947887,252
1,-0.0008714885334484279,0.004097381141036749,0.000996296526864171,0.0008714885334484279,0.0008714885334484279,-0.0015238518826663494,0.024912839755415916,0.000248633383307606,0.0003110170364379883,0.0005002976977266371,0.0,-0.0037625099066644907,-0.004097381141036749,-0.004097381141036749,-0.010008079931139946,0.002866321010515094,0.0006538272718898952,0.1559118926525116,6.020779892423889e-06,0.0,0.0008433549082837999,0.0008433549082837999,0.0008433549082837999,0.0008433549082837999,0,0,0,"{'mean': {'raw': -0.000996296526864171, 'lambda': 0.0, 'weighted': 0.0}, 'log_growth': {'raw': -0.0008714885334484279, 'lambda': 1.0, 'weighted': -0.0008714885334484279}, 'cvar': {'raw': 0.0015238518826663494, 'lambda': 0.0, 'weighted': 0.0}, 'turnover': {'raw': 0.024912839755415916, 'lambda': 0.0, 'weighted': 0.0}, 'volatility': {'raw': 0.000248633383307606, 'lambda': 0.0, 'weighted': 0.0}, 'vol_excess': {'raw': 0.0003110170364379883, 'lambda': 0.0, 'weighted': 0.0}, 'weight_path': {'raw': 0.0005002976977266371, 'lambda': 0.0, 'weighted': 0.0}, 'diversify': {'raw': 0.0, 'lambda': 0.0, 'weighted': 0.0}}","{'mean': {'raw': 0.0037625099066644907, 'lambda': 0.0, 'weighted': 0.0}, 'log_growth': {'raw': 0.004097381141036749, 'lambda': 1.0, 'weighted': 0.004097381141036749}, 'cvar': {'raw': 0.010008079931139946, 'lambda': 0.0, 'weighted': 0.0}, 'turnover': {'raw': 0.002866321010515094, 'lambda': 0.0, 'weighted': 0.0}, 'volatility': {'raw': 0.0006538272718898952, 'lambda': 0.0, 'weighted': 0.0}, 'vol_excess': {'raw': 0.1559118926525116, 'lambda': 0.0, 'weighted': 0.0}, 'weight_path': {'raw': 6.020779892423889e-06, 'lambda': 0.0, 'weighted': 0.0}, 'diversify': {'raw': 0.0, 'lambda': 0.0, 'weighted': 0.0}}",0.0003,151,403,cadence,1,cadence_accept,-2.020038664340973e-06,-0.0004930072634972984,252
2,-0.000877826358191669,0.00409940117970109,0.0010025412775576115,0.000877826358191669,0.000877826358191669,-0.0015164711512625217,0.027141543105244637,0.00024842185666784644,0.00020456314086914062,0.0005952512146905065,0.0,-0.0037642389070242643,-0.00409940117970109,-0.00409940117970109,-0.010015085339546204,0.002857124200090766,0.0006543941562995315,0.15608784556388855,5.983684786770027e-06,0.0,0.0011269769165664911,0.0011269769165664911,0.0011269769165664911,0.0011269769165664911,0,0,0,"{'mean': {'raw': -0.0010025412775576115, 'lambda': 0.0, 'weighted': 0.0}, 'log_growth': {'raw': -0.000877826358191669, 'lambda': 1.0, 'weighted': -0.000877826358191669}, 'cvar': {'raw': 0.0015164711512625217, 'lambda': 0.0, 'weighted': 0.0}, 'turnover': {'raw': 0.027141543105244637, 'lambda': 0.0, 'weighted': 0.0}, 'volatility': {'raw': 0.00024842185666784644, 'lambda': 0.0, 'weighted': 0.0}, 'vol_excess': {'raw': 0.00020456314086914062, 'lambda': 0.0, 'weighted': 0.0}, 'weight_path': {'raw': 0.0005952512146905065, 'lambda': 0.0, 'weighted': 0.0}, 'diversify': {'raw': 0.0, 'lambda': 0.0, 'weighted': 0.0}}","{'mean': {'raw': 0.0037642389070242643, 'lambda': 0.0, 'weighted': 0.0}, 'log_growth': {'raw': 0.00409940117970109, 'lambda': 1.0, 'weighted': 0.00409940117970109}, 'cvar': {'raw': 0.010015085339546204, 'lambda': 0.0, 'weighted': 0.0}, 'turnover': {'raw': 0.002857124200090766, 'lambda': 0.0, 'weighted': 0.0}, 'volatility': {'raw': 0.0006543941562995315, 'lambda': 0.0, 'weighted': 0.0}, 'vol_excess': {'raw': 0.15608784556388855, 'lambda': 0.0, 'weighted': 0.0}, 'weight_path': {'raw': 5.983684786770027e-06, 'lambda': 0.0, 'weighted': 0.0}, 'diversify': {'raw': 0.0, 'lambda': 0.0, 'weighted': 0.0}}",0.0003,151,403,cadence,1,cadence_accept,-2.020038664340973e-06,-0.0004930072634972984,252
1,-0.0008222860051319003,0.0031327703036367893,0.0009447662741877139,0.0008222860051319003,0.0008222860051319003,-0.001518639037385583,0.030066372826695442,0.00024421533453278244,0.0,0.0006942188483662903,0.0,-0.0027550971135497093,-0.0031327703036367893,-0.0031327703036367893,-0.009883247315883636,0.0027366282884031534,0.0007470630225725472,0.1838892698287964,5.521977527678246e-06,0.0,0.000938626762945205,0.000938626762945205,0.000938626762945205,0.000938626762945205,0,0,0,"{'mean': {'raw': -0.0009447662741877139, 'lambda': 0.0, 'weighted': 0.0}, 'log_growth': {'raw': -0.0008222860051319003, 'lambda': 1.0, 'weighted': -0.0008222860051319003}, 'cvar': {'raw': 0.001518639037385583, 'lambda': 0.0, 'weighted': 0.0}, 'turnover': {'raw': 0.030066372826695442, 'lambda': 0.0, 'weighted': 0.0}, 'volatility': {'raw': 0.00024421533453278244, 'lambda': 0.0, 'weighted': 0.0}, 'vol_excess': {'raw': 0.0, 'lambda': 0.0, 'weighted': 0.0}, 'weight_path': {'raw': 0.0006942188483662903, 'lambda': 0.0, 'weighted': 0.0}, 'diversify': {'raw': 0.0, 'lambda': 0.0, 'weighted': 0.0}}","{'mean': {'raw': 0.0027550971135497093, 'lambda': 0.0, 'weighted': 0.0}, 'log_growth': {'raw': 0.0031327703036367893, 'lambda': 1.0, 'weighted': 0.0031327703036367893}, 'cvar': {'raw': 0.009883247315883636, 'lambda': 0.0, 'weighted': 0.0}, 'turnover': {'raw': 0.0027366282884031534, 'lambda': 0.0, 'weighted': 0.0}, 'volatility': {'raw': 0.0007470630225725472, 'lambda': 0.0, 'weighted': 0.0}, 'vol_excess': {'raw': 0.1838892698287964, 'lambda': 0.0, 'weighted': 0.0}, 'weight_path': {'raw': 5.521977527678246e-06, 'lambda': 0.0, 'weighted': 0.0}, 'diversify': {'raw': 0.0, 'lambda': 0.0, 'weighted': 0.0}}",0.0003,155,407,cadence,1,cadence_accept,-1.3993121683597565e-07,-4.466692519041837e-05,252
2,-0.0008125237072817981,0.0031329102348536253,0.0009347633458673954,0.0008125237072817981,0.0008125237072817981,-0.0015200793277472258,0.030483007431030273,0.00024380780814681202,0.0,0.0007495598401874304,0.0,-0.0027552240062505007,-0.0031329102348536253,-0.0031329102348536253,-0.009883631020784378,0.0027288279961794615,0.0007470879354514182,0.1838964819908142,5.489115210366435e-06,0.0,0.000996250775642693,0.000996250775642693,0.000996250775642693,0.000996250775642693,0,0,0,"{'mean': {'raw': -0.0009347633458673954, 'lambda': 0.0, 'weighted': 0.0}, 'log_growth': {'raw': -0.0008125237072817981, 'lambda': 1.0, 'weighted': -0.0008125237072817981}, 'cvar': {'raw': 0.0015200793277472258, 'lambda': 0.0, 'weighted': 0.0}, 'turnover': {'raw': 0.030483007431030273, 'lambda': 0.0, 'weighted': 0.0}, 'volatility': {'raw': 0.00024380780814681202, 'lambda': 0.0, 'weighted': 0.0}, 'vol_excess': {'raw': 0.0, 'lambda': 0.0, 'weighted': 0.0}, 'weight_path': {'raw': 0.0007495598401874304, 'lambda': 0.0, 'weighted': 0.0}, 'diversify': {'raw': 0.0, 'lambda': 0.0, 'weighted': 0.0}}","{'mean': {'raw': 0.0027552240062505007, 'lambda': 0.0, 'weighted': 0.0}, 'log_growth': {'raw': 0.0031329102348536253, 'lambda': 1.0, 'weighted': 0.0031329102348536253}, 'cvar': {'raw': 0.009883631020784378, 'lambda': 0.0, 'weighted': 0.0}, 'turnover': {'raw': 0.0027288279961794615, 'lambda': 0.0, 'weighted': 0.0}, 'volatility': {'raw': 0.0007470879354514182, 'lambda': 0.0, 'weighted': 0.0}, 'vol_excess': {'raw': 0.1838964819908142, 'lambda': 0.0, 'weighted': 0.0}, 'weight_path': {'raw': 5.489115210366435e-06, 'lambda': 0.0, 'weighted': 0.0}, 'diversify': {'raw': 0.0, 'lambda': 0.0, 'weighted': 0.0}}",0.0003,155,407,cadence,1,cadence_accept,-1.3993121683597565e-07,-4.466692519041837e-05,252
1,-0.001100282184779644,0.004397737793624401,0.001221362384967506,0.001100282184779644,0.001100282184779644,-0.00119944813195616,0.024236783385276794,0.00024109784862957895,0.0,0.000450742372777313,0.0,-0.004023618996143341,-0.004397737793624401,-0.004397737793624401,-0.010930392891168594,0.0025950386188924313,0.0007304648752324283,0.17904213070869446,5.222028903517639e-06,0.0,0.0008540091221220791,0.0008540091221220791,0.0008540091221220791,0.0008540091221220791,0,0,0,"{'mean': {'raw': -0.001221362384967506, 'lambda': 0.0, 'weighted': 0.0}, 'log_growth': {'raw': -0.001100282184779644, 'lambda': 1.0, 'weighted': -0.001100282184779644}, 'cvar': {'raw': 0.00119944813195616, 'lambda': 0.0, 'weighted': 0.0}, 'turnover': {'raw': 0.024236783385276794, 'lambda': 0.0, 'weighted': 0.0}, 'volatility': {'raw': 0.00024109784862957895, 'lambda': 0.0, 'weighted': 0.0}, 'vol_excess': {'raw': 0.0, 'lambda': 0.0, 'weighted': 0.0}, 'weight_path': {'raw': 0.000450742372777313, 'lambda': 0.0, 'weighted': 0.0}, 'diversify': {'raw': 0.0, 'lambda': 0.0, 'weighted': 0.0}}","{'mean': {'raw': 0.004023618996143341, 'lambda': 0.0, 'weighted': 0.0}, 'log_growth': {'raw': 0.004397737793624401, 'lambda': 1.0, 'weighted': 0.004397737793624401}, 'cvar': {'raw': 0.010930392891168594, 'lambda': 0.0, 'weighted': 0.0}, 'turnover': {'raw': 0.0025950386188924313, 'lambda': 0.0, 'weighted': 0.0}, 'volatility': {'raw': 0.0007304648752324283, 'lambda': 0.0, 'weighted': 0.0}, 'vol_excess': {'raw': 0.17904213070869446, 'lambda': 0.0, 'weighted': 0.0}, 'weight_path': {'raw': 5.222028903517639e-06, 'lambda': 0.0, 'weighted': 0.0}, 'diversify': {'raw': 0.0, 'lambda': 0.0, 'weighted': 0.0}}",0.0003,160,412,cadence,1,cadence_accept,-4.23286110162735e-07,-9.625087486574144e-05,252
2,-0.001096429768949747,0.004398161079734564,0.0012175918091088533,0.001096429768949747,0.001096429768949747,-0.00120162486564368,0.025642091408371925,0.0002413177426205948,0.0,0.0005821785307489336,0.0,-0.004023982677608728,-0.004398161079734564,-0.004398161079734564,-0.010931829921901226,0.0025906581431627274,0.0007305824547074735,0.1790766716003418,5.2051095735805575e-06,0.0,0.0007427032687701285,0.0007427032687701285,0.0007427032687701285,0.0007427032687701285,0,0,0,"{'mean': {'raw': -0.0012175918091088533, 'lambda': 0.0, 'weighted': 0.0}, 'log_growth': {'raw': -0.001096429768949747, 'lambda': 1.0, 'weighted': -0.001096429768949747}, 'cvar': {'raw': 0.00120162486564368, 'lambda': 0.0, 'weighted': 0.0}, 'turnover': {'raw': 0.025642091408371925, 'lambda': 0.0, 'weighted': 0.0}, 'volatility': {'raw': 0.0002413177426205948, 'lambda': 0.0, 'weighted': 0.0}, 'vol_excess': {'raw': 0.0, 'lambda': 0.0, 'weighted': 0.0}, 'weight_path': {'raw': 0.0005821785307489336, 'lambda': 0.0, 'weighted': 0.0}, 'diversify': {'raw': 0.0, 'lambda': 0.0, 'weighted': 0.0}}","{'mean': {'raw': 0.004023982677608728, 'lambda': 0.0, 'weighted': 0.0}, 'log_growth': {'raw': 0.004398161079734564, 'lambda': 1.0, 'weighted': 0.004398161079734564}, 'cvar': {'raw': 0.010931829921901226, 'lambda': 0.0, 'weighted': 0.0}, 'turnover': {'raw': 0.0025906581431627274, 'lambda': 0.0, 'weighted': 0.0}, 'volatility': {'raw': 0.0007305824547074735, 'lambda': 0.0, 'weighted': 0.0}, 'vol_excess': {'raw': 0.1790766716003418, 'lambda': 0.0, 'weighted': 0.0}, 'weight_path': {'raw': 5.2051095735805575e-06, 'lambda': 0.0, 'weighted': 0.0}, 'diversify': {'raw': 0.0, 'lambda': 0.0, 'weighted': 0.0}}",0.0003,160,412,cadence,1,cadence_accept,-4.23286110162735e-07,-9.625087486574144e-05,252
1,-0.0009290924062952399,0.005850131623446941,0.0010441679041832685,0.0009290924062952399,0.0009290924062952399,-0.0012682583183050156,0.0251984391361475,0.00022925104713067412,0.0,0.0004925023531541228,0.0,-0.005430431570857763,-0.005850131623446941,-0.005850131623446941,-0.012926056981086731,0.0023441019002348185,0.000807507720310241,0.20110082626342773,4.52803578809835e-06,0.0,0.0006839038105681539,0.0006839038105681539,0.0006839038105681539,0.0006839038105681539,0,0,0,"{'mean': {'raw': -0.0010441679041832685, 'lambda': 0.0, 'weighted': 0.0}, 'log_growth': {'raw': -0.0009290924062952399, 'lambda': 1.0, 'weighted': -0.0009290924062952399}, 'cvar': {'raw': 0.0012682583183050156, 'lambda': 0.0, 'weighted': 0.0}, 'turnover': {'raw': 0.0251984391361475, 'lambda': 0.0, 'weighted': 0.0}, 'volatility': {'raw': 0.00022925104713067412, 'lambda': 0.0, 'weighted': 0.0}, 'vol_excess': {'raw': 0.0, 'lambda': 0.0, 'weighted': 0.0}, 'weight_path': {'raw': 0.0004925023531541228, 'lambda': 0.0, 'weighted': 0.0}, 'diversify': {'raw': 0.0, 'lambda': 0.0, 'weighted': 0.0}}","{'mean': {'raw': 0.005430431570857763, 'lambda': 0.0, 'weighted': 0.0}, 'log_growth': {'raw': 0.005850131623446941, 'lambda': 1.0, 'weighted': 0.005850131623446941}, 'cvar': {'raw': 0.012926056981086731, 'lambda': 0.0, 'weighted': 0.0}, 'turnover': {'raw': 0.0023441019002348185, 'lambda': 0.0, 'weighted': 0.0}, 'volatility': {'raw': 0.000807507720310241, 'lambda': 0.0, 'weighted': 0.0}, 'vol_excess': {'raw': 0.20110082626342773, 'lambda': 0.0, 'weighted': 0.0}, 'weight_path': {'raw': 4.52803578809835e-06, 'lambda': 0.0, 'weighted': 0.0}, 'diversify': {'raw': 0.0, 'lambda': 0.0, 'weighted': 0.0}}",0.0003,165,417,cadence,1,cadence_accept,3.4924596548080444e-07,5.969882182160668e-05,252
2,-0.0009324679267592728,0.005849782377481461,0.0010476235765963793,0.0009324679267592728,0.0009324679267592728,-0.0012663661036640406,0.027475012466311455,0.0002294069272466004,0.0,0.0006307214498519897,0.0,-0.005430134944617748,-0.005849782377481461,-0.005849782377481461,-0.012924855574965477,0.002341809682548046,0.0008074046927504241,0.20107203722000122,4.5203360059531406e-06,0.0,0.0006790679763071239,0.0006790679763071239,0.0006790679763071239,0.0006790679763071239,0,0,0,"{'mean': {'raw': -0.0010476235765963793, 'lambda': 0.0, 'weighted': 0.0}, 'log_growth': {'raw': -0.0009324679267592728, 'lambda': 1.0, 'weighted': -0.0009324679267592728}, 'cvar': {'raw': 0.0012663661036640406, 'lambda': 0.0, 'weighted': 0.0}, 'turnover': {'raw': 0.027475012466311455, 'lambda': 0.0, 'weighted': 0.0}, 'volatility': {'raw': 0.0002294069272466004, 'lambda': 0.0, 'weighted': 0.0}, 'vol_excess': {'raw': 0.0, 'lambda': 0.0, 'weighted': 0.0}, 'weight_path': {'raw': 0.0006307214498519897, 'lambda': 0.0, 'weighted': 0.0}, 'diversify': {'raw': 0.0, 'lambda': 0.0, 'weighted': 0.0}}","{'mean': {'raw': 0.005430134944617748, 'lambda': 0.0, 'weighted': 0.0}, 'log_growth': {'raw': 0.005849782377481461, 'lambda': 1.0, 'weighted': 0.005849782377481461}, 'cvar': {'raw': 0.012924855574965477, 'lambda': 0.0, 'weighted': 0.0}, 'turnover': {'raw': 0.002341809682548046, 'lambda': 0.0, 'weighted': 0.0}, 'volatility': {'raw': 0.0008074046927504241, 'lambda': 0.0, 'weighted': 0.0}, 'vol_excess': {'raw': 0.20107203722000122, 'lambda': 0.0, 'weighted': 0.0}, 'weight_path': {'raw': 4.5203360059531406e-06, 'lambda': 0.0, 'weighted': 0.0}, 'diversify': {'raw': 0.0, 'lambda': 0.0, 'weighted': 0.0}}",0.0003,165,417,cadence,1,cadence_accept,3.4924596548080444e-07,5.969882182160668e-05,252
1,-0.0006928886286914349,0.0018182232743129134,0.0008155885152518749,0.0006928886286914349,0.0006928886286914349,-0.0016948938136920333,0.02566683106124401,0.0002442682452965528,0.0,0.0005306532839313149,0.0,-0.0013617080403491855,-0.0018182232743129134,-0.0018182232743129134,-0.009795540012419224,0.002253475598990917,0.0009162707137875259,0.23052078485488892,4.008406904176809e-06,0.0,0.0009119688766077161,0.0009119688766077161,0.0009119688766077161,0.0009119688766077161,0,0,0,"{'mean': {'raw': -0.0008155885152518749, 'lambda': 0.0, 'weighted': 0.0}, 'log_growth': {'raw': -0.0006928886286914349, 'lambda': 1.0, 'weighted': -0.0006928886286914349}, 'cvar': {'raw': 0.0016948938136920333, 'lambda': 0.0, 'weighted': 0.0}, 'turnover': {'raw': 0.02566683106124401, 'lambda': 0.0, 'weighted': 0.0}, 'volatility': {'raw': 0.0002442682452965528, 'lambda': 0.0, 'weighted': 0.0}, 'vol_excess': {'raw': 0.0, 'lambda': 0.0, 'weighted': 0.0}, 'weight_path': {'raw': 0.0005306532839313149, 'lambda': 0.0, 'weighted': 0.0}, 'diversify': {'raw': 0.0, 'lambda': 0.0, 'weighted': 0.0}}","{'mean': {'raw': 0.0013617080403491855, 'lambda': 0.0, 'weighted': 0.0}, 'log_growth': {'raw': 0.0018182232743129134, 'lambda': 1.0, 'weighted': 0.0018182232743129134}, 'cvar': {'raw': 0.009795540012419224, 'lambda': 0.0, 'weighted': 0.0}, 'turnover': {'raw': 0.002253475598990917, 'lambda': 0.0, 'weighted': 0.0}, 'volatility': {'raw': 0.0009162707137875259, 'lambda': 0.0, 'weighted': 0.0}, 'vol_excess': {'raw': 0.23052078485488892, 'lambda': 0.0, 'weighted': 0.0}, 'weight_path': {'raw': 4.008406904176809e-06, 'lambda': 0.0, 'weighted': 0.0}, 'diversify': {'raw': 0.0, 'lambda': 0.0, 'weighted': 0.0}}",0.0003,170,422,cadence,1,cadence_accept,7.367925718426704e-07,0.0004052266747690102,252
2,-0.0006788212340325117,0.0018174864817410707,0.0008007721044123173,0.0006788212340325117,0.0006788212340325117,-0.0016982012894004583,0.028319835662841797,0.0002427323197480291,0.0,0.0006129471003077924,0.0,-0.001361360657028854,-0.0018174864817410707,-0.0018174864817410707,-0.009788397699594498,0.002254093997180462,0.0009154836880043149,0.23031437397003174,4.01130591853871e-06,0.0,0.0010566343553364277,0.0010566343553364277,0.0010566343553364277,0.0010566343553364277,0,0,0,"{'mean': {'raw': -0.0008007721044123173, 'lambda': 0.0, 'weighted': 0.0}, 'log_growth': {'raw': -0.0006788212340325117, 'lambda': 1.0, 'weighted': -0.0006788212340325117}, 'cvar': {'raw': 0.0016982012894004583, 'lambda': 0.0, 'weighted': 0.0}, 'turnover': {'raw': 0.028319835662841797, 'lambda': 0.0, 'weighted': 0.0}, 'volatility': {'raw': 0.0002427323197480291, 'lambda': 0.0, 'weighted': 0.0}, 'vol_excess': {'raw': 0.0, 'lambda': 0.0, 'weighted': 0.0}, 'weight_path': {'raw': 0.0006129471003077924, 'lambda': 0.0, 'weighted': 0.0}, 'diversify': {'raw': 0.0, 'lambda': 0.0, 'weighted': 0.0}}","{'mean': {'raw': 0.001361360657028854, 'lambda': 0.0, 'weighted': 0.0}, 'log_growth': {'raw': 0.0018174864817410707, 'lambda': 1.0, 'weighted': 0.0018174864817410707}, 'cvar': {'raw': 0.009788397699594498, 'lambda': 0.0, 'weighted': 0.0}, 'turnover': {'raw': 0.002254093997180462, 'lambda': 0.0, 'weighted': 0.0}, 'volatility': {'raw': 0.0009154836880043149, 'lambda': 0.0, 'weighted': 0.0}, 'vol_excess': {'raw': 0.23031437397003174, 'lambda': 0.0, 'weighted': 0.0}, 'weight_path': {'raw': 4.01130591853871e-06, 'lambda': 0.0, 'weighted': 0.0}, 'diversify': {'raw': 0.0, 'lambda': 0.0, 'weighted': 0.0}}",0.0003,170,422,cadence,1,cadence_accept,7.367925718426704e-07,0.0004052266747690102,252
1,-0.000863689580000937,0.0019308525370433927,0.0009831509087234735,0.000863689580000937,0.000863689580000937,-0.001452316646464169,0.02443421445786953,0.00023768687970004976,0.0,0.0004854667349718511,0.0,-0.0014624792383983731,-0.0019308525370433927,-0.0019308525370433927,-0.010101176798343658,0.002278381958603859,0.0009395891684107482,0.23659682273864746,4.100471869605826e-06,0.0,0.0006861255969852209,0.0006861255969852209,0.0006861255969852209,0.0006861255969852209,0,0,0,"{'mean': {'raw': -0.0009831509087234735, 'lambda': 0.0, 'weighted': 0.0}, 'log_growth': {'raw': -0.000863689580000937, 'lambda': 1.0, 'weighted': -0.000863689580000937}, 'cvar': {'raw': 0.001452316646464169, 'lambda': 0.0, 'weighted': 0.0}, 'turnover': {'raw': 0.02443421445786953, 'lambda': 0.0, 'weighted': 0.0}, 'volatility': {'raw': 0.00023768687970004976, 'lambda': 0.0, 'weighted': 0.0}, 'vol_excess': {'raw': 0.0, 'lambda': 0.0, 'weighted': 0.0}, 'weight_path': {'raw': 0.0004854667349718511, 'lambda': 0.0, 'weighted': 0.0}, 'diversify': {'raw': 0.0, 'lambda': 0.0, 'weighted': 0.0}}","{'mean': {'raw': 0.0014624792383983731, 'lambda': 0.0, 'weighted': 0.0}, 'log_growth': {'raw': 0.0019308525370433927, 'lambda': 1.0, 'weighted': 0.0019308525370433927}, 'cvar': {'raw': 0.010101176798343658, 'lambda': 0.0, 'weighted': 0.0}, 'turnover': {'raw': 0.002278381958603859, 'lambda': 0.0, 'weighted': 0.0}, 'volatility': {'raw': 0.0009395891684107482, 'lambda': 0.0, 'weighted': 0.0}, 'vol_excess': {'raw': 0.23659682273864746, 'lambda': 0.0, 'weighted': 0.0}, 'weight_path': {'raw': 4.100471869605826e-06, 'lambda': 0.0, 'weighted': 0.0}, 'diversify': {'raw': 0.0, 'lambda': 0.0, 'weighted': 0.0}}",0.0003,175,427,cadence,1,cadence_accept,1.0814983397722244e-06,0.0005601144149869407,252
2,-0.0008523657452315092,0.0019297710387036204,0.0009718001820147038,0.0008523657452315092,0.0008523657452315092,-0.0014617695705965161,0.026021597906947136,0.00023766991216689348,0.0,0.0005411429447121918,0.0,-0.0014618346467614174,-0.0019297710387036204,-0.0019297710387036204,-0.010092971846461296,0.002280330751091242,0.0009387102327309549,0.23636916279792786,4.107861514057731e-06,0.0,0.0010738009586930275,0.0010738009586930275,0.0010738009586930275,0.0010738009586930275,0,0,0,"{'mean': {'raw': -0.0009718001820147038, 'lambda': 0.0, 'weighted': 0.0}, 'log_growth': {'raw': -0.0008523657452315092, 'lambda': 1.0, 'weighted': -0.0008523657452315092}, 'cvar': {'raw': 0.0014617695705965161, 'lambda': 0.0, 'weighted': 0.0}, 'turnover': {'raw': 0.026021597906947136, 'lambda': 0.0, 'weighted': 0.0}, 'volatility': {'raw': 0.00023766991216689348, 'lambda': 0.0, 'weighted': 0.0}, 'vol_excess': {'raw': 0.0, 'lambda': 0.0, 'weighted': 0.0}, 'weight_path': {'raw': 0.0005411429447121918, 'lambda': 0.0, 'weighted': 0.0}, 'diversify': {'raw': 0.0, 'lambda': 0.0, 'weighted': 0.0}}","{'mean': {'raw': 0.0014618346467614174, 'lambda': 0.0, 'weighted': 0.0}, 'log_growth': {'raw': 0.0019297710387036204, 'lambda': 1.0, 'weighted': 0.0019297710387036204}, 'cvar': {'raw': 0.010092971846461296, 'lambda': 0.0, 'weighted': 0.0}, 'turnover': {'raw': 0.002280330751091242, 'lambda': 0.0, 'weighted': 0.0}, 'volatility': {'raw': 0.0009387102327309549, 'lambda': 0.0, 'weighted': 0.0}, 'vol_excess': {'raw': 0.23636916279792786, 'lambda': 0.0, 'weighted': 0.0}, 'weight_path': {'raw': 4.107861514057731e-06, 'lambda': 0.0, 'weighted': 0.0}, 'diversify': {'raw': 0.0, 'lambda': 0.0, 'weighted': 0.0}}",0.0003,175,427,cadence,1,cadence_accept,1.0814983397722244e-06,0.0005601144149869407,252
1,-7.69073812989518e-05,-0.00043384291348047554,0.00020284700440242887,7.69073812989518e-05,7.69073812989518e-05,-0.0023787200916558504,0.02887691929936409,0.0002510244376026094,0.0015117526054382324,0.0006703644176013768,0.0,0.0009022597805596888,0.00043384291348047554,0.00043384291348047554,-0.007856635376811028,0.002123251324519515,0.0009442203445360065,0.23779454827308655,3.3514736514916876e-06,0.0,0.0013534232275560498,0.0013534232275560498,0.0013534232275560498,0.0013534232275560498,0,0,0,"{'mean': {'raw': -0.00020284700440242887, 'lambda': 0.0, 'weighted': 0.0}, 'log_growth': {'raw': -7.69073812989518e-05, 'lambda': 1.0, 'weighted': -7.69073812989518e-05}, 'cvar': {'raw': 0.0023787200916558504, 'lambda': 0.0, 'weighted': 0.0}, 'turnover': {'raw': 0.02887691929936409, 'lambda': 0.0, 'weighted': 0.0}, 'volatility': {'raw': 0.0002510244376026094, 'lambda': 0.0, 'weighted': 0.0}, 'vol_excess': {'raw': 0.0015117526054382324, 'lambda': 0.0, 'weighted': 0.0}, 'weight_path': {'raw': 0.0006703644176013768, 'lambda': 0.0, 'weighted': 0.0}, 'diversify': {'raw': 0.0, 'lambda': 0.0, 'weighted': 0.0}}","{'mean': {'raw': -0.0009022597805596888, 'lambda': 0.0, 'weighted': 0.0}, 'log_growth': {'raw': -0.00043384291348047554, 'lambda': 1.0, 'weighted': -0.00043384291348047554}, 'cvar': {'raw': 0.007856635376811028, 'lambda': 0.0, 'weighted': 0.0}, 'turnover': {'raw': 0.002123251324519515, 'lambda': 0.0, 'weighted': 0.0}, 'volatility': {'raw': 0.0009442203445360065, 'lambda': 0.0, 'weighted': 0.0}, 'vol_excess': {'raw': 0.23779454827308655, 'lambda': 0.0, 'weighted': 0.0}, 'weight_path': {'raw': 3.3514736514916876e-06, 'lambda': 0.0, 'weighted': 0.0}, 'diversify': {'raw': 0.0, 'lambda': 0.0, 'weighted': 0.0}}",0.0003,180,432,cadence,1,cadence_accept,1.2255623005330563e-07,0.0002824898735526568,252
2,-8.575721585657448e-05,-0.00043396546971052885,0.0002120556600857526,8.575721585657448e-05,8.575721585657448e-05,-0.002379016950726509,0.027262547984719276,0.0002517061657272279,0.0018530189990997314,0.000610752496868372,0.0,0.0009014229290187359,0.00043396546971052885,0.00043396546971052885,-0.007840627804398537,0.0021265295799821615,0.0009422736475244164,0.23729145526885986,3.3618894121900667e-06,0.0,0.0012848994228988886,0.0012848994228988886,0.0012848994228988886,0.0012848994228988886,0,0,0,"{'mean': {'raw': -0.0002120556600857526, 'lambda': 0.0, 'weighted': 0.0}, 'log_growth': {'raw': -8.575721585657448e-05, 'lambda': 1.0, 'weighted': -8.575721585657448e-05}, 'cvar': {'raw': 0.002379016950726509, 'lambda': 0.0, 'weighted': 0.0}, 'turnover': {'raw': 0.027262547984719276, 'lambda': 0.0, 'weighted': 0.0}, 'volatility': {'raw': 0.0002517061657272279, 'lambda': 0.0, 'weighted': 0.0}, 'vol_excess': {'raw': 0.0018530189990997314, 'lambda': 0.0, 'weighted': 0.0}, 'weight_path': {'raw': 0.000610752496868372, 'lambda': 0.0, 'weighted': 0.0}, 'diversify': {'raw': 0.0, 'lambda': 0.0, 'weighted': 0.0}}","{'mean': {'raw': -0.0009014229290187359, 'lambda': 0.0, 'weighted': 0.0}, 'log_growth': {'raw': -0.00043396546971052885, 'lambda': 1.0, 'weighted': -0.00043396546971052885}, 'cvar': {'raw': 0.007840627804398537, 'lambda': 0.0, 'weighted': 0.0}, 'turnover': {'raw': 0.0021265295799821615, 'lambda': 0.0, 'weighted': 0.0}, 'volatility': {'raw': 0.0009422736475244164, 'lambda': 0.0, 'weighted': 0.0}, 'vol_excess': {'raw': 0.23729145526885986, 'lambda': 0.0, 'weighted': 0.0}, 'weight_path': {'raw': 3.3618894121900667e-06, 'lambda': 0.0, 'weighted': 0.0}, 'diversify': {'raw': 0.0, 'lambda': 0.0, 'weighted': 0.0}}",0.0003,180,432,cadence,1,cadence_accept,1.2255623005330563e-07,0.0002824898735526568,252
1,0.00024072696396615356,-0.0005484052817337215,-0.00010861609189305454,-0.00024072696396615356,-0.00024072696396615356,-0.0028134286403656006,0.02822226844727993,0.00026319464086554945,0.007536500692367554,0.0006354665965773165,0.0,0.0010171496542170644,0.0005484052817337215,0.0005484052817337215,-0.007769286632537842,0.0021309228613972664,0.0009445081814192235,0.23786890506744385,3.345215418448788e-06,0.0,0.0015296445926651359,0.0015296445926651359,0.0015296445926651359,0.0015296445926651359,0,0,0,"{'mean': {'raw': 0.00010861609189305454, 'lambda': 0.0, 'weighted': 0.0}, 'log_growth': {'raw': 0.00024072696396615356, 'lambda': 1.0, 'weighted': 0.00024072696396615356}, 'cvar': {'raw': 0.0028134286403656006, 'lambda': 0.0, 'weighted': 0.0}, 'turnover': {'raw': 0.02822226844727993, 'lambda': 0.0, 'weighted': 0.0}, 'volatility': {'raw': 0.00026319464086554945, 'lambda': 0.0, 'weighted': 0.0}, 'vol_excess': {'raw': 0.007536500692367554, 'lambda': 0.0, 'weighted': 0.0}, 'weight_path': {'raw': 0.0006354665965773165, 'lambda': 0.0, 'weighted': 0.0}, 'diversify': {'raw': 0.0, 'lambda': 0.0, 'weighted': 0.0}}","{'mean': {'raw': -0.0010171496542170644, 'lambda': 0.0, 'weighted': 0.0}, 'log_growth': {'raw': -0.0005484052817337215, 'lambda': 1.0, 'weighted': -0.0005484052817337215}, 'cvar': {'raw': 0.007769286632537842, 'lambda': 0.0, 'weighted': 0.0}, 'turnover': {'raw': 0.0021309228613972664, 'lambda': 0.0, 'weighted': 0.0}, 'volatility': {'raw': 0.0009445081814192235, 'lambda': 0.0, 'weighted': 0.0}, 'vol_excess': {'raw': 0.23786890506744385, 'lambda': 0.0, 'weighted': 0.0}, 'weight_path': {'raw': 3.345215418448788e-06, 'lambda': 0.0, 'weighted': 0.0}, 'diversify': {'raw': 0.0, 'lambda': 0.0, 'weighted': 0.0}}",0.0003,185,437,cadence,1,cadence_accept,1.0891817510128021e-06,0.001986089093787331,252
2,0.00024090356600936502,-0.0005494944634847343,-0.00010921736247837543,-0.00024090356600936502,-0.00024090356600936502,-0.002803005510941148,0.02845105528831482,0.0002623799373395741,0.007137596607208252,0.0006402626167982817,0.0,0.0010167008731514215,0.0005494944634847343,0.0005494944634847343,-0.007742662914097309,0.0021310821175575256,0.0009413873194716871,0.2370622158050537,3.3457117751822807e-06,0.0,0.0015482030576094985,0.0015482030576094985,0.0015482030576094985,0.0015482030576094985,0,0,0,"{'mean': {'raw': 0.00010921736247837543, 'lambda': 0.0, 'weighted': 0.0}, 'log_growth': {'raw': 0.00024090356600936502, 'lambda': 1.0, 'weighted': 0.00024090356600936502}, 'cvar': {'raw': 0.002803005510941148, 'lambda': 0.0, 'weighted': 0.0}, 'turnover': {'raw': 0.02845105528831482, 'lambda': 0.0, 'weighted': 0.0}, 'volatility': {'raw': 0.0002623799373395741, 'lambda': 0.0, 'weighted': 0.0}, 'vol_excess': {'raw': 0.007137596607208252, 'lambda': 0.0, 'weighted': 0.0}, 'weight_path': {'raw': 0.0006402626167982817, 'lambda': 0.0, 'weighted': 0.0}, 'diversify': {'raw': 0.0, 'lambda': 0.0, 'weighted': 0.0}}","{'mean': {'raw': -0.0010167008731514215, 'lambda': 0.0, 'weighted': 0.0}, 'log_growth': {'raw': -0.0005494944634847343, 'lambda': 1.0, 'weighted': -0.0005494944634847343}, 'cvar': {'raw': 0.007742662914097309, 'lambda': 0.0, 'weighted': 0.0}, 'turnover': {'raw': 0.0021310821175575256, 'lambda': 0.0, 'weighted': 0.0}, 'volatility': {'raw': 0.0009413873194716871, 'lambda': 0.0, 'weighted': 0.0}, 'vol_excess': {'raw': 0.2370622158050537, 'lambda': 0.0, 'weighted': 0.0}, 'weight_path': {'raw': 3.3457117751822807e-06, 'lambda': 0.0, 'weighted': 0.0}, 'diversify': {'raw': 0.0, 'lambda': 0.0, 'weighted': 0.0}}",0.0003,185,437,cadence,1,cadence_accept,1.0891817510128021e-06,0.001986089093787331,252
1,-0.00015862514555919915,0.0013222405686974525,0.0003059864684473723,0.00015862514555919915,0.00015862514555919915,-0.002658424898982048,0.027281036600470543,0.00029463868122547865,0.022486597299575806,0.0005914829089306295,0.0,-0.0009098075097426772,-0.0013222405686974525,-0.0013222405686974525,-0.008621159940958023,0.00207925820723176,0.0008282590424641967,0.2068602442741394,3.229115918657044e-06,0.0,0.0012034530518576503,0.0012034530518576503,0.0012034530518576503,0.0012034530518576503,0,0,0,"{'mean': {'raw': -0.0003059864684473723, 'lambda': 0.0, 'weighted': 0.0}, 'log_growth': {'raw': -0.00015862514555919915, 'lambda': 1.0, 'weighted': -0.00015862514555919915}, 'cvar': {'raw': 0.002658424898982048, 'lambda': 0.0, 'weighted': 0.0}, 'turnover': {'raw': 0.027281036600470543, 'lambda': 0.0, 'weighted': 0.0}, 'volatility': {'raw': 0.00029463868122547865, 'lambda': 0.0, 'weighted': 0.0}, 'vol_excess': {'raw': 0.022486597299575806, 'lambda': 0.0, 'weighted': 0.0}, 'weight_path': {'raw': 0.0005914829089306295, 'lambda': 0.0, 'weighted': 0.0}, 'diversify': {'raw': 0.0, 'lambda': 0.0, 'weighted': 0.0}}","{'mean': {'raw': 0.0009098075097426772, 'lambda': 0.0, 'weighted': 0.0}, 'log_growth': {'raw': 0.0013222405686974525, 'lambda': 1.0, 'weighted': 0.0013222405686974525}, 'cvar': {'raw': 0.008621159940958023, 'lambda': 0.0, 'weighted': 0.0}, 'turnover': {'raw': 0.00207925820723176, 'lambda': 0.0, 'weighted': 0.0}, 'volatility': {'raw': 0.0008282590424641967, 'lambda': 0.0, 'weighted': 0.0}, 'vol_excess': {'raw': 0.2068602442741394, 'lambda': 0.0, 'weighted': 0.0}, 'weight_path': {'raw': 3.229115918657044e-06, 'lambda': 0.0, 'weighted': 0.0}, 'diversify': {'raw': 0.0, 'lambda': 0.0, 'weighted': 0.0}}",0.0003,189,441,cadence,1,cadence_accept,2.298504114151001e-06,0.0017383403344498282,252
2,-0.00015232767327688634,0.0013199420645833015,0.00029880093643441796,0.00015232767327688634,0.00015232767327688634,-0.0026449221186339855,0.025830131024122238,0.0002928909088950604,0.021677225828170776,0.000528654083609581,0.0,-0.0009090820094570518,-0.0013199420645833015,-0.0013199420645833015,-0.00859261117875576,0.0020795303862541914,0.0008250817772932351,0.20598313212394714,3.229984031349886e-06,0.0,0.0014544270234182477,0.0014544270234182477,0.0014544270234182477,0.0014544270234182477,0,0,0,"{'mean': {'raw': -0.00029880093643441796, 'lambda': 0.0, 'weighted': 0.0}, 'log_growth': {'raw': -0.00015232767327688634, 'lambda': 1.0, 'weighted': -0.00015232767327688634}, 'cvar': {'raw': 0.0026449221186339855, 'lambda': 0.0, 'weighted': 0.0}, 'turnover': {'raw': 0.025830131024122238, 'lambda': 0.0, 'weighted': 0.0}, 'volatility': {'raw': 0.0002928909088950604, 'lambda': 0.0, 'weighted': 0.0}, 'vol_excess': {'raw': 0.021677225828170776, 'lambda': 0.0, 'weighted': 0.0}, 'weight_path': {'raw': 0.000528654083609581, 'lambda': 0.0, 'weighted': 0.0}, 'diversify': {'raw': 0.0, 'lambda': 0.0, 'weighted': 0.0}}","{'mean': {'raw': 0.0009090820094570518, 'lambda': 0.0, 'weighted': 0.0}, 'log_growth': {'raw': 0.0013199420645833015, 'lambda': 1.0, 'weighted': 0.0013199420645833015}, 'cvar': {'raw': 0.00859261117875576, 'lambda': 0.0, 'weighted': 0.0}, 'turnover': {'raw': 0.0020795303862541914, 'lambda': 0.0, 'weighted': 0.0}, 'volatility': {'raw': 0.0008250817772932351, 'lambda': 0.0, 'weighted': 0.0}, 'vol_excess': {'raw': 0.20598313212394714, 'lambda': 0.0, 'weighted': 0.0}, 'weight_path': {'raw': 3.229984031349886e-06, 'lambda': 0.0, 'weighted': 0.0}, 'diversify': {'raw': 0.0, 'lambda': 0.0, 'weighted': 0.0}}",0.0003,189,441,cadence,1,cadence_accept,2.298504114151001e-06,0.0017383403344498282,252
1,-0.0005037811351940036,0.0036964870523661375,0.000658762757666409,0.0005037811351940036,0.0005037811351940036,-0.002451073145493865,0.02600322663784027,0.0003098084998782724,0.029413223266601562,0.000526809657458216,0.0,-0.003307609586045146,-0.0036964870523661375,-0.0036964870523661375,-0.010297568514943123,0.0020333975553512573,0.0007699544075876474,0.19048666954040527,3.1106353617360583e-06,0.0,0.0007209783070720732,0.0007209783070720732,0.0007209783070720732,0.0007209783070720732,0,0,0,"{'mean': {'raw': -0.000658762757666409, 'lambda': 0.0, 'weighted': 0.0}, 'log_growth': {'raw': -0.0005037811351940036, 'lambda': 1.0, 'weighted': -0.0005037811351940036}, 'cvar': {'raw': 0.002451073145493865, 'lambda': 0.0, 'weighted': 0.0}, 'turnover': {'raw': 0.02600322663784027, 'lambda': 0.0, 'weighted': 0.0}, 'volatility': {'raw': 0.0003098084998782724, 'lambda': 0.0, 'weighted': 0.0}, 'vol_excess': {'raw': 0.029413223266601562, 'lambda': 0.0, 'weighted': 0.0}, 'weight_path': {'raw': 0.000526809657458216, 'lambda': 0.0, 'weighted': 0.0}, 'diversify': {'raw': 0.0, 'lambda': 0.0, 'weighted': 0.0}}","{'mean': {'raw': 0.003307609586045146, 'lambda': 0.0, 'weighted': 0.0}, 'log_growth': {'raw': 0.0036964870523661375, 'lambda': 1.0, 'weighted': 0.0036964870523661375}, 'cvar': {'raw': 0.010297568514943123, 'lambda': 0.0, 'weighted': 0.0}, 'turnover': {'raw': 0.0020333975553512573, 'lambda': 0.0, 'weighted': 0.0}, 'volatility': {'raw': 0.0007699544075876474, 'lambda': 0.0, 'weighted': 0.0}, 'vol_excess': {'raw': 0.19048666954040527, 'lambda': 0.0, 'weighted': 0.0}, 'weight_path': {'raw': 3.1106353617360583e-06, 'lambda': 0.0, 'weighted': 0.0}, 'diversify': {'raw': 0.0, 'lambda': 0.0, 'weighted': 0.0}}",0.0003,194,446,cadence,1,cadence_accept,7.378635928034782e-06,0.0019961211337979835,252
2,-0.00044746967614628375,0.0036891084164381027,0.0006026625633239746,0.00044746967614628375,0.00044746967614628375,-0.0025196783244609833,0.02930959314107895,0.00031015495187602937,0.029569387435913086,0.0006474010297097266,0.0,-0.003301555523648858,-0.0036891084164381027,-0.0036891084164381027,-0.010269330814480782,0.0020341884810477495,0.0007673227810300887,0.18973326683044434,3.112879994660034e-06,0.0,0.0007092159939929843,0.0007092159939929843,0.0007092159939929843,0.0007092159939929843,0,0,0,"{'mean': {'raw': -0.0006026625633239746, 'lambda': 0.0, 'weighted': 0.0}, 'log_growth': {'raw': -0.00044746967614628375, 'lambda': 1.0, 'weighted': -0.00044746967614628375}, 'cvar': {'raw': 0.0025196783244609833, 'lambda': 0.0, 'weighted': 0.0}, 'turnover': {'raw': 0.02930959314107895, 'lambda': 0.0, 'weighted': 0.0}, 'volatility': {'raw': 0.00031015495187602937, 'lambda': 0.0, 'weighted': 0.0}, 'vol_excess': {'raw': 0.029569387435913086, 'lambda': 0.0, 'weighted': 0.0}, 'weight_path': {'raw': 0.0006474010297097266, 'lambda': 0.0, 'weighted': 0.0}, 'diversify': {'raw': 0.0, 'lambda': 0.0, 'weighted': 0.0}}","{'mean': {'raw': 0.003301555523648858, 'lambda': 0.0, 'weighted': 0.0}, 'log_growth': {'raw': 0.0036891084164381027, 'lambda': 1.0, 'weighted': 0.0036891084164381027}, 'cvar': {'raw': 0.010269330814480782, 'lambda': 0.0, 'weighted': 0.0}, 'turnover': {'raw': 0.0020341884810477495, 'lambda': 0.0, 'weighted': 0.0}, 'volatility': {'raw': 0.0007673227810300887, 'lambda': 0.0, 'weighted': 0.0}, 'vol_excess': {'raw': 0.18973326683044434, 'lambda': 0.0, 'weighted': 0.0}, 'weight_path': {'raw': 3.112879994660034e-06, 'lambda': 0.0, 'weighted': 0.0}, 'diversify': {'raw': 0.0, 'lambda': 0.0, 'weighted': 0.0}}",0.0003,194,446,cadence,1,cadence_accept,7.378635928034782e-06,0.0019961211337979835,252
1,-0.0003269883745815605,0.0037117248866707087,0.00048789544962346554,0.0003269883745815605,0.0003269883745815605,-0.0027550775557756424,0.023239120841026306,0.00032153341453522444,0.03465139865875244,0.00044408810208551586,0.0,-0.003309536026790738,-0.0037117248866707087,-0.0037117248866707087,-0.010608968324959278,0.0020373801235109568,0.0007954091997817159,0.19770872592926025,3.3345454539812636e-06,0.0,0.0006387336761690676,0.0006387336761690676,0.0006387336761690676,0.0006387336761690676,0,0,0,"{'mean': {'raw': -0.00048789544962346554, 'lambda': 0.0, 'weighted': 0.0}, 'log_growth': {'raw': -0.0003269883745815605, 'lambda': 1.0, 'weighted': -0.0003269883745815605}, 'cvar': {'raw': 0.0027550775557756424, 'lambda': 0.0, 'weighted': 0.0}, 'turnover': {'raw': 0.023239120841026306, 'lambda': 0.0, 'weighted': 0.0}, 'volatility': {'raw': 0.00032153341453522444, 'lambda': 0.0, 'weighted': 0.0}, 'vol_excess': {'raw': 0.03465139865875244, 'lambda': 0.0, 'weighted': 0.0}, 'weight_path': {'raw': 0.00044408810208551586, 'lambda': 0.0, 'weighted': 0.0}, 'diversify': {'raw': 0.0, 'lambda': 0.0, 'weighted': 0.0}}","{'mean': {'raw': 0.003309536026790738, 'lambda': 0.0, 'weighted': 0.0}, 'log_growth': {'raw': 0.0037117248866707087, 'lambda': 1.0, 'weighted': 0.0037117248866707087}, 'cvar': {'raw': 0.010608968324959278, 'lambda': 0.0, 'weighted': 0.0}, 'turnover': {'raw': 0.0020373801235109568, 'lambda': 0.0, 'weighted': 0.0}, 'volatility': {'raw': 0.0007954091997817159, 'lambda': 0.0, 'weighted': 0.0}, 'vol_excess': {'raw': 0.19770872592926025, 'lambda': 0.0, 'weighted': 0.0}, 'weight_path': {'raw': 3.3345454539812636e-06, 'lambda': 0.0, 'weighted': 0.0}, 'diversify': {'raw': 0.0, 'lambda': 0.0, 'weighted': 0.0}}",0.0003,199,451,cadence,1,cadence_accept,6.0498714447021484e-06,0.0016299353071123606,252
2,-0.00034602786763571203,0.0037056750152260065,0.0005061612464487553,0.00034602786763571203,0.00034602786763571203,-0.0027146153151988983,0.023733332753181458,0.000320080085657537,0.03400734066963196,0.0004811277613043785,0.0,-0.00330461491830647,-0.0037056750152260065,-0.0037056750152260065,-0.01058510784059763,0.002042122883722186,0.0007931666332297027,0.19707715511322021,3.348531890878803e-06,0.0,0.0009757526568137109,0.0009757526568137109,0.0009757526568137109,0.0009757526568137109,0,0,0,"{'mean': {'raw': -0.0005061612464487553, 'lambda': 0.0, 'weighted': 0.0}, 'log_growth': {'raw': -0.00034602786763571203, 'lambda': 1.0, 'weighted': -0.00034602786763571203}, 'cvar': {'raw': 0.0027146153151988983, 'lambda': 0.0, 'weighted': 0.0}, 'turnover': {'raw': 0.023733332753181458, 'lambda': 0.0, 'weighted': 0.0}, 'volatility': {'raw': 0.000320080085657537, 'lambda': 0.0, 'weighted': 0.0}, 'vol_excess': {'raw': 0.03400734066963196, 'lambda': 0.0, 'weighted': 0.0}, 'weight_path': {'raw': 0.0004811277613043785, 'lambda': 0.0, 'weighted': 0.0}, 'diversify': {'raw': 0.0, 'lambda': 0.0, 'weighted': 0.0}}","{'mean': {'raw': 0.00330461491830647, 'lambda': 0.0, 'weighted': 0.0}, 'log_growth': {'raw': 0.0037056750152260065, 'lambda': 1.0, 'weighted': 0.0037056750152260065}, 'cvar': {'raw': 0.01058510784059763, 'lambda': 0.0, 'weighted': 0.0}, 'turnover': {'raw': 0.002042122883722186, 'lambda': 0.0, 'weighted': 0.0}, 'volatility': {'raw': 0.0007931666332297027, 'lambda': 0.0, 'weighted': 0.0}, 'vol_excess': {'raw': 0.19707715511322021, 'lambda': 0.0, 'weighted': 0.0}, 'weight_path': {'raw': 3.348531890878803e-06, 'lambda': 0.0, 'weighted': 0.0}, 'diversify': {'raw': 0.0, 'lambda': 0.0, 'weighted': 0.0}}",0.0003,199,451,cadence,1,cadence_accept,6.0498714447021484e-06,0.0016299353071123606,252
1,-0.00018262668163515627,0.002922722138464451,0.0003570810949895531,0.00018262668163515627,0.00018262668163515627,-0.003150100354105234,0.026193678379058838,0.00034876138670369983,0.04645887017250061,0.0005698989261873066,0.0,-0.0025420296005904675,-0.002922722138464451,-0.002922722138464451,-0.009673792868852615,0.002101407153531909,0.0007552650640718639,0.18626457452774048,3.501127366689616e-06,0.0,0.0009326590807177126,0.0009326590807177126,0.0009326590807177126,0.0009326590807177126,0,0,0,"{'mean': {'raw': -0.0003570810949895531, 'lambda': 0.0, 'weighted': 0.0}, 'log_growth': {'raw': -0.00018262668163515627, 'lambda': 1.0, 'weighted': -0.00018262668163515627}, 'cvar': {'raw': 0.003150100354105234, 'lambda': 0.0, 'weighted': 0.0}, 'turnover': {'raw': 0.026193678379058838, 'lambda': 0.0, 'weighted': 0.0}, 'volatility': {'raw': 0.00034876138670369983, 'lambda': 0.0, 'weighted': 0.0}, 'vol_excess': {'raw': 0.04645887017250061, 'lambda': 0.0, 'weighted': 0.0}, 'weight_path': {'raw': 0.0005698989261873066, 'lambda': 0.0, 'weighted': 0.0}, 'diversify': {'raw': 0.0, 'lambda': 0.0, 'weighted': 0.0}}","{'mean': {'raw': 0.0025420296005904675, 'lambda': 0.0, 'weighted': 0.0}, 'log_growth': {'raw': 0.002922722138464451, 'lambda': 1.0, 'weighted': 0.002922722138464451}, 'cvar': {'raw': 0.009673792868852615, 'lambda': 0.0, 'weighted': 0.0}, 'turnover': {'raw': 0.002101407153531909, 'lambda': 0.0, 'weighted': 0.0}, 'volatility': {'raw': 0.0007552650640718639, 'lambda': 0.0, 'weighted': 0.0}, 'vol_excess': {'raw': 0.18626457452774048, 'lambda': 0.0, 'weighted': 0.0}, 'weight_path': {'raw': 3.501127366689616e-06, 'lambda': 0.0, 'weighted': 0.0}, 'diversify': {'raw': 0.0, 'lambda': 0.0, 'weighted': 0.0}}",0.0003,204,456,cadence,1,cadence_accept,4.843110218644142e-06,0.0016570546181073431,252
2,-0.0002347906556678936,0.0029178790282458067,0.0004085642285645008,0.0002347906556678936,0.0002347906556678936,-0.0030786781571805477,0.02427787519991398,0.00034748431062325835,0.04591560363769531,0.00048177162534557283,0.0,-0.002537980442866683,-0.0029178790282458067,-0.0029178790282458067,-0.009655974805355072,0.002106897532939911,0.0007536905468441546,0.18580961227416992,3.5181728890165687e-06,0.0,0.0008550542406737804,0.0008550542406737804,0.0008550542406737804,0.0008550542406737804,0,0,0,"{'mean': {'raw': -0.0004085642285645008, 'lambda': 0.0, 'weighted': 0.0}, 'log_growth': {'raw': -0.0002347906556678936, 'lambda': 1.0, 'weighted': -0.0002347906556678936}, 'cvar': {'raw': 0.0030786781571805477, 'lambda': 0.0, 'weighted': 0.0}, 'turnover': {'raw': 0.02427787519991398, 'lambda': 0.0, 'weighted': 0.0}, 'volatility': {'raw': 0.00034748431062325835, 'lambda': 0.0, 'weighted': 0.0}, 'vol_excess': {'raw': 0.04591560363769531, 'lambda': 0.0, 'weighted': 0.0}, 'weight_path': {'raw': 0.00048177162534557283, 'lambda': 0.0, 'weighted': 0.0}, 'diversify': {'raw': 0.0, 'lambda': 0.0, 'weighted': 0.0}}","{'mean': {'raw': 0.002537980442866683, 'lambda': 0.0, 'weighted': 0.0}, 'log_growth': {'raw': 0.0029178790282458067, 'lambda': 1.0, 'weighted': 0.0029178790282458067}, 'cvar': {'raw': 0.009655974805355072, 'lambda': 0.0, 'weighted': 0.0}, 'turnover': {'raw': 0.002106897532939911, 'lambda': 0.0, 'weighted': 0.0}, 'volatility': {'raw': 0.0007536905468441546, 'lambda': 0.0, 'weighted': 0.0}, 'vol_excess': {'raw': 0.18580961227416992, 'lambda': 0.0, 'weighted': 0.0}, 'weight_path': {'raw': 3.5181728890165687e-06, 'lambda': 0.0, 'weighted': 0.0}, 'diversify': {'raw': 0.0, 'lambda': 0.0, 'weighted': 0.0}}",0.0003,204,456,cadence,1,cadence_accept,4.843110218644142e-06,0.0016570546181073431,252
1,-0.00023112639610189945,0.0032620911952108145,0.00039653191925026476,0.00023112639610189945,0.00023112639610189945,-0.002950283931568265,0.022951461374759674,0.0003303165431134403,0.03851303458213806,0.00043689089943654835,0.0,-0.0027479969430714846,-0.0032620911952108145,-0.0032620911952108145,-0.01262750569730997,0.00207000900991261,0.001016627880744636,0.2561523914337158,3.500761749819503e-06,0.0,0.0005754670710302889,0.0005754670710302889,0.0005754670710302889,0.0005754670710302889,0,0,0,"{'mean': {'raw': -0.00039653191925026476, 'lambda': 0.0, 'weighted': 0.0}, 'log_growth': {'raw': -0.00023112639610189945, 'lambda': 1.0, 'weighted': -0.00023112639610189945}, 'cvar': {'raw': 0.002950283931568265, 'lambda': 0.0, 'weighted': 0.0}, 'turnover': {'raw': 0.022951461374759674, 'lambda': 0.0, 'weighted': 0.0}, 'volatility': {'raw': 0.0003303165431134403, 'lambda': 0.0, 'weighted': 0.0}, 'vol_excess': {'raw': 0.03851303458213806, 'lambda': 0.0, 'weighted': 0.0}, 'weight_path': {'raw': 0.00043689089943654835, 'lambda': 0.0, 'weighted': 0.0}, 'diversify': {'raw': 0.0, 'lambda': 0.0, 'weighted': 0.0}}","{'mean': {'raw': 0.0027479969430714846, 'lambda': 0.0, 'weighted': 0.0}, 'log_growth': {'raw': 0.0032620911952108145, 'lambda': 1.0, 'weighted': 0.0032620911952108145}, 'cvar': {'raw': 0.01262750569730997, 'lambda': 0.0, 'weighted': 0.0}, 'turnover': {'raw': 0.00207000900991261, 'lambda': 0.0, 'weighted': 0.0}, 'volatility': {'raw': 0.001016627880744636, 'lambda': 0.0, 'weighted': 0.0}, 'vol_excess': {'raw': 0.2561523914337158, 'lambda': 0.0, 'weighted': 0.0}, 'weight_path': {'raw': 3.500761749819503e-06, 'lambda': 0.0, 'weighted': 0.0}, 'diversify': {'raw': 0.0, 'lambda': 0.0, 'weighted': 0.0}}",0.0003,209,461,cadence,1,cadence_accept,4.034023731946945e-06,0.0012366373253552179,252
2,-0.00020252680405974388,0.0032580571714788675,0.0003675124316941947,0.00020252680405974388,0.00020252680405974388,-0.0029702712781727314,0.024712923914194107,0.00032949045998975635,0.03815203905105591,0.0004986848216503859,0.0,-0.002745123812928796,-0.0032580571714788675,-0.0032580571714788675,-0.012603060342371464,0.002072021597996354,0.0010143303079530597,0.2555801272392273,3.5054474665230373e-06,0.0,0.0007213032222352922,0.0007213032222352922,0.0007213032222352922,0.0007213032222352922,0,0,0,"{'mean': {'raw': -0.0003675124316941947, 'lambda': 0.0, 'weighted': 0.0}, 'log_growth': {'raw': -0.00020252680405974388, 'lambda': 1.0, 'weighted': -0.00020252680405974388}, 'cvar': {'raw': 0.0029702712781727314, 'lambda': 0.0, 'weighted': 0.0}, 'turnover': {'raw': 0.024712923914194107, 'lambda': 0.0, 'weighted': 0.0}, 'volatility': {'raw': 0.00032949045998975635, 'lambda': 0.0, 'weighted': 0.0}, 'vol_excess': {'raw': 0.03815203905105591, 'lambda': 0.0, 'weighted': 0.0}, 'weight_path': {'raw': 0.0004986848216503859, 'lambda': 0.0, 'weighted': 0.0}, 'diversify': {'raw': 0.0, 'lambda': 0.0, 'weighted': 0.0}}","{'mean': {'raw': 0.002745123812928796, 'lambda': 0.0, 'weighted': 0.0}, 'log_growth': {'raw': 0.0032580571714788675, 'lambda': 1.0, 'weighted': 0.0032580571714788675}, 'cvar': {'raw': 0.012603060342371464, 'lambda': 0.0, 'weighted': 0.0}, 'turnover': {'raw': 0.002072021597996354, 'lambda': 0.0, 'weighted': 0.0}, 'volatility': {'raw': 0.0010143303079530597, 'lambda': 0.0, 'weighted': 0.0}, 'vol_excess': {'raw': 0.2555801272392273, 'lambda': 0.0, 'weighted': 0.0}, 'weight_path': {'raw': 3.5054474665230373e-06, 'lambda': 0.0, 'weighted': 0.0}, 'diversify': {'raw': 0.0, 'lambda': 0.0, 'weighted': 0.0}}",0.0003,209,461,cadence,1,cadence_accept,4.034023731946945e-06,0.0012366373253552179,252
1,0.00018047935736831278,0.002590903313830495,-5.263816547085298e-06,-0.00018047935736831278,-0.00018047935736831278,-0.00353398360311985,0.02831859141588211,0.00034998904448002577,0.046980202198028564,0.0006296358769759536,0.0,-0.0020902196411043406,-0.002590903313830495,-0.002590903313830495,-0.011830775998532772,0.002132739406079054,0.000993232592009008,0.25029456615448,3.6182193525746698e-06,0.0,0.0014923377893865108,0.0014923377893865108,0.0014923377893865108,0.0014923377893865108,0,0,0,"{'mean': {'raw': 5.263816547085298e-06, 'lambda': 0.0, 'weighted': 0.0}, 'log_growth': {'raw': 0.00018047935736831278, 'lambda': 1.0, 'weighted': 0.00018047935736831278}, 'cvar': {'raw': 0.00353398360311985, 'lambda': 0.0, 'weighted': 0.0}, 'turnover': {'raw': 0.02831859141588211, 'lambda': 0.0, 'weighted': 0.0}, 'volatility': {'raw': 0.00034998904448002577, 'lambda': 0.0, 'weighted': 0.0}, 'vol_excess': {'raw': 0.046980202198028564, 'lambda': 0.0, 'weighted': 0.0}, 'weight_path': {'raw': 0.0006296358769759536, 'lambda': 0.0, 'weighted': 0.0}, 'diversify': {'raw': 0.0, 'lambda': 0.0, 'weighted': 0.0}}","{'mean': {'raw': 0.0020902196411043406, 'lambda': 0.0, 'weighted': 0.0}, 'log_growth': {'raw': 0.002590903313830495, 'lambda': 1.0, 'weighted': 0.002590903313830495}, 'cvar': {'raw': 0.011830775998532772, 'lambda': 0.0, 'weighted': 0.0}, 'turnover': {'raw': 0.002132739406079054, 'lambda': 0.0, 'weighted': 0.0}, 'volatility': {'raw': 0.000993232592009008, 'lambda': 0.0, 'weighted': 0.0}, 'vol_excess': {'raw': 0.25029456615448, 'lambda': 0.0, 'weighted': 0.0}, 'weight_path': {'raw': 3.6182193525746698e-06, 'lambda': 0.0, 'weighted': 0.0}, 'diversify': {'raw': 0.0, 'lambda': 0.0, 'weighted': 0.0}}",0.0003,214,466,cadence,1,cadence_accept,3.2784882932901382e-06,0.0012653842675347487,252
2,0.00017022222164086998,0.0025876248255372047,3.5166647194273537e-06,-0.00017022222164086998,-0.00017022222164086998,-0.0034939912147819996,0.026025153696537018,0.00034707406302914023,0.045740872621536255,0.0005345353274606168,0.0,-0.002088492503389716,-0.0025876248255372047,-0.0025876248255372047,-0.01179974153637886,0.0021297773346304893,0.0009901422308757901,0.2495155930519104,3.605860456445953e-06,0.0,0.0012311202008277178,0.0012311202008277178,0.0012311202008277178,0.0012311202008277178,0,0,0,"{'mean': {'raw': -3.5166647194273537e-06, 'lambda': 0.0, 'weighted': 0.0}, 'log_growth': {'raw': 0.00017022222164086998, 'lambda': 1.0, 'weighted': 0.00017022222164086998}, 'cvar': {'raw': 0.0034939912147819996, 'lambda': 0.0, 'weighted': 0.0}, 'turnover': {'raw': 0.026025153696537018, 'lambda': 0.0, 'weighted': 0.0}, 'volatility': {'raw': 0.00034707406302914023, 'lambda': 0.0, 'weighted': 0.0}, 'vol_excess': {'raw': 0.045740872621536255, 'lambda': 0.0, 'weighted': 0.0}, 'weight_path': {'raw': 0.0005345353274606168, 'lambda': 0.0, 'weighted': 0.0}, 'diversify': {'raw': 0.0, 'lambda': 0.0, 'weighted': 0.0}}","{'mean': {'raw': 0.002088492503389716, 'lambda': 0.0, 'weighted': 0.0}, 'log_growth': {'raw': 0.0025876248255372047, 'lambda': 1.0, 'weighted': 0.0025876248255372047}, 'cvar': {'raw': 0.01179974153637886, 'lambda': 0.0, 'weighted': 0.0}, 'turnover': {'raw': 0.0021297773346304893, 'lambda': 0.0, 'weighted': 0.0}, 'volatility': {'raw': 0.0009901422308757901, 'lambda': 0.0, 'weighted': 0.0}, 'vol_excess': {'raw': 0.2495155930519104, 'lambda': 0.0, 'weighted': 0.0}, 'weight_path': {'raw': 3.605860456445953e-06, 'lambda': 0.0, 'weighted': 0.0}, 'diversify': {'raw': 0.0, 'lambda': 0.0, 'weighted': 0.0}}",0.0003,214,466,cadence,1,cadence_accept,3.2784882932901382e-06,0.0012653842675347487,252
1,6.364747241605073e-05,0.0021122663747519255,0.0001286920451093465,-6.364747241605073e-05,-6.364747241605073e-05,-0.0037032091058790684,0.026296600699424744,0.00038492766907438636,0.061451107263565063,0.000595772871747613,0.0,-0.00165168393868953,-0.0021122663747519255,-0.0021122663747519255,-0.01081706490367651,0.0020419072825461626,0.0009131107362918556,0.22969147562980652,3.4462063922546804e-06,0.0,0.0013564390828832984,0.0013564390828832984,0.0013564390828832984,0.0013564390828832984,0,0,0,"{'mean': {'raw': -0.0001286920451093465, 'lambda': 0.0, 'weighted': 0.0}, 'log_growth': {'raw': 6.364747241605073e-05, 'lambda': 1.0, 'weighted': 6.364747241605073e-05}, 'cvar': {'raw': 0.0037032091058790684, 'lambda': 0.0, 'weighted': 0.0}, 'turnover': {'raw': 0.026296600699424744, 'lambda': 0.0, 'weighted': 0.0}, 'volatility': {'raw': 0.00038492766907438636, 'lambda': 0.0, 'weighted': 0.0}, 'vol_excess': {'raw': 0.061451107263565063, 'lambda': 0.0, 'weighted': 0.0}, 'weight_path': {'raw': 0.000595772871747613, 'lambda': 0.0, 'weighted': 0.0}, 'diversify': {'raw': 0.0, 'lambda': 0.0, 'weighted': 0.0}}","{'mean': {'raw': 0.00165168393868953, 'lambda': 0.0, 'weighted': 0.0}, 'log_growth': {'raw': 0.0021122663747519255, 'lambda': 1.0, 'weighted': 0.0021122663747519255}, 'cvar': {'raw': 0.01081706490367651, 'lambda': 0.0, 'weighted': 0.0}, 'turnover': {'raw': 0.0020419072825461626, 'lambda': 0.0, 'weighted': 0.0}, 'volatility': {'raw': 0.0009131107362918556, 'lambda': 0.0, 'weighted': 0.0}, 'vol_excess': {'raw': 0.22969147562980652, 'lambda': 0.0, 'weighted': 0.0}, 'weight_path': {'raw': 3.4462063922546804e-06, 'lambda': 0.0, 'weighted': 0.0}, 'diversify': {'raw': 0.0, 'lambda': 0.0, 'weighted': 0.0}}",0.0003,219,471,cadence,1,cadence_accept,4.168599843978882e-06,0.001973519955547719,252
2,6.794578803237528e-05,0.0021080977749079466,0.00012319166853558272,-6.794578803237528e-05,-6.794578803237528e-05,-0.0036871707998216152,0.023710666224360466,0.0003824660961981863,0.0604536235332489,0.0004376359283924103,0.0,-0.0016492417780682445,-0.0021080977749079466,-0.0021080977749079466,-0.01078098639845848,0.0020360201597213745,0.0009096861467696726,0.22879111766815186,3.4240435979882022e-06,0.0,0.001573912100866437,0.001573912100866437,0.001573912100866437,0.001573912100866437,0,0,0,"{'mean': {'raw': -0.00012319166853558272, 'lambda': 0.0, 'weighted': 0.0}, 'log_growth': {'raw': 6.794578803237528e-05, 'lambda': 1.0, 'weighted': 6.794578803237528e-05}, 'cvar': {'raw': 0.0036871707998216152, 'lambda': 0.0, 'weighted': 0.0}, 'turnover': {'raw': 0.023710666224360466, 'lambda': 0.0, 'weighted': 0.0}, 'volatility': {'raw': 0.0003824660961981863, 'lambda': 0.0, 'weighted': 0.0}, 'vol_excess': {'raw': 0.0604536235332489, 'lambda': 0.0, 'weighted': 0.0}, 'weight_path': {'raw': 0.0004376359283924103, 'lambda': 0.0, 'weighted': 0.0}, 'diversify': {'raw': 0.0, 'lambda': 0.0, 'weighted': 0.0}}","{'mean': {'raw': 0.0016492417780682445, 'lambda': 0.0, 'weighted': 0.0}, 'log_growth': {'raw': 0.0021080977749079466, 'lambda': 1.0, 'weighted': 0.0021080977749079466}, 'cvar': {'raw': 0.01078098639845848, 'lambda': 0.0, 'weighted': 0.0}, 'turnover': {'raw': 0.0020360201597213745, 'lambda': 0.0, 'weighted': 0.0}, 'volatility': {'raw': 0.0009096861467696726, 'lambda': 0.0, 'weighted': 0.0}, 'vol_excess': {'raw': 0.22879111766815186, 'lambda': 0.0, 'weighted': 0.0}, 'weight_path': {'raw': 3.4240435979882022e-06, 'lambda': 0.0, 'weighted': 0.0}, 'diversify': {'raw': 0.0, 'lambda': 0.0, 'weighted': 0.0}}",0.0003,219,471,cadence,1,cadence_accept,4.168599843978882e-06,0.001973519955547719,252
1,-1.6468991816509515e-05,0.0025316367391496897,0.00021117318829055876,1.6468991816509515e-05,1.6468991816509515e-05,-0.003658291883766651,0.02931831404566765,0.00038979906821623445,0.06341561675071716,0.0006568547687493265,0.0,-0.0020698951557278633,-0.0025316367391496897,-0.0025316367391496897,-0.011147024109959602,0.0019770723301917315,0.0009145879885181785,0.23007935285568237,3.2770765301393112e-06,0.0,0.001216959790326655,0.001216959790326655,0.001216959790326655,0.001216959790326655,0,0,0,"{'mean': {'raw': -0.00021117318829055876, 'lambda': 0.0, 'weighted': 0.0}, 'log_growth': {'raw': -1.6468991816509515e-05, 'lambda': 1.0, 'weighted': -1.6468991816509515e-05}, 'cvar': {'raw': 0.003658291883766651, 'lambda': 0.0, 'weighted': 0.0}, 'turnover': {'raw': 0.02931831404566765, 'lambda': 0.0, 'weighted': 0.0}, 'volatility': {'raw': 0.00038979906821623445, 'lambda': 0.0, 'weighted': 0.0}, 'vol_excess': {'raw': 0.06341561675071716, 'lambda': 0.0, 'weighted': 0.0}, 'weight_path': {'raw': 0.0006568547687493265, 'lambda': 0.0, 'weighted': 0.0}, 'diversify': {'raw': 0.0, 'lambda': 0.0, 'weighted': 0.0}}","{'mean': {'raw': 0.0020698951557278633, 'lambda': 0.0, 'weighted': 0.0}, 'log_growth': {'raw': 0.0025316367391496897, 'lambda': 1.0, 'weighted': 0.0025316367391496897}, 'cvar': {'raw': 0.011147024109959602, 'lambda': 0.0, 'weighted': 0.0}, 'turnover': {'raw': 0.0019770723301917315, 'lambda': 0.0, 'weighted': 0.0}, 'volatility': {'raw': 0.0009145879885181785, 'lambda': 0.0, 'weighted': 0.0}, 'vol_excess': {'raw': 0.23007935285568237, 'lambda': 0.0, 'weighted': 0.0}, 'weight_path': {'raw': 3.2770765301393112e-06, 'lambda': 0.0, 'weighted': 0.0}, 'diversify': {'raw': 0.0, 'lambda': 0.0, 'weighted': 0.0}}",0.0003,223,475,cadence,1,cadence_accept,4.878966137766838e-06,0.0019271983457936214,252
2,3.858976469928166e-06,0.002526757773011923,0.00019147314014844596,-3.858976469928166e-06,-3.858976469928166e-06,-0.003694545477628708,0.026141749694943428,0.0003909945080522448,0.06389588117599487,0.0005207411595620215,0.0,-0.0020669300574809313,-0.002526757773011923,-0.002526757773011923,-0.011107278987765312,0.0019687789026647806,0.00091078836703673,0.22908106446266174,3.247489757995936e-06,0.0,0.001324435230344534,0.001324435230344534,0.001324435230344534,0.001324435230344534,0,0,0,"{'mean': {'raw': -0.00019147314014844596, 'lambda': 0.0, 'weighted': 0.0}, 'log_growth': {'raw': 3.858976469928166e-06, 'lambda': 1.0, 'weighted': 3.858976469928166e-06}, 'cvar': {'raw': 0.003694545477628708, 'lambda': 0.0, 'weighted': 0.0}, 'turnover': {'raw': 0.026141749694943428, 'lambda': 0.0, 'weighted': 0.0}, 'volatility': {'raw': 0.0003909945080522448, 'lambda': 0.0, 'weighted': 0.0}, 'vol_excess': {'raw': 0.06389588117599487, 'lambda': 0.0, 'weighted': 0.0}, 'weight_path': {'raw': 0.0005207411595620215, 'lambda': 0.0, 'weighted': 0.0}, 'diversify': {'raw': 0.0, 'lambda': 0.0, 'weighted': 0.0}}","{'mean': {'raw': 0.0020669300574809313, 'lambda': 0.0, 'weighted': 0.0}, 'log_growth': {'raw': 0.002526757773011923, 'lambda': 1.0, 'weighted': 0.002526757773011923}, 'cvar': {'raw': 0.011107278987765312, 'lambda': 0.0, 'weighted': 0.0}, 'turnover': {'raw': 0.0019687789026647806, 'lambda': 0.0, 'weighted': 0.0}, 'volatility': {'raw': 0.00091078836703673, 'lambda': 0.0, 'weighted': 0.0}, 'vol_excess': {'raw': 0.22908106446266174, 'lambda': 0.0, 'weighted': 0.0}, 'weight_path': {'raw': 3.247489757995936e-06, 'lambda': 0.0, 'weighted': 0.0}, 'diversify': {'raw': 0.0, 'lambda': 0.0, 'weighted': 0.0}}",0.0003,223,475,cadence,1,cadence_accept,4.878966137766838e-06,0.0019271983457936214,252
1,-0.00012598482135217637,0.00472216634079814,0.0003275255439803004,0.00012598482135217637,0.00012598482135217637,-0.0036506676115095615,0.028861531987786293,0.0004039343330077827,0.06904774904251099,0.0006317353108897805,0.0,-0.004274488892406225,-0.00472216634079814,-0.00472216634079814,-0.012824967503547668,0.0017491203034296632,0.0008700977778062224,0.21825703978538513,2.7358662464394e-06,0.0,0.0012580115580931306,0.0012580115580931306,0.0012580115580931306,0.0012580115580931306,0,0,0,"{'mean': {'raw': -0.0003275255439803004, 'lambda': 0.0, 'weighted': 0.0}, 'log_growth': {'raw': -0.00012598482135217637, 'lambda': 1.0, 'weighted': -0.00012598482135217637}, 'cvar': {'raw': 0.0036506676115095615, 'lambda': 0.0, 'weighted': 0.0}, 'turnover': {'raw': 0.028861531987786293, 'lambda': 0.0, 'weighted': 0.0}, 'volatility': {'raw': 0.0004039343330077827, 'lambda': 0.0, 'weighted': 0.0}, 'vol_excess': {'raw': 0.06904774904251099, 'lambda': 0.0, 'weighted': 0.0}, 'weight_path': {'raw': 0.0006317353108897805, 'lambda': 0.0, 'weighted': 0.0}, 'diversify': {'raw': 0.0, 'lambda': 0.0, 'weighted': 0.0}}","{'mean': {'raw': 0.004274488892406225, 'lambda': 0.0, 'weighted': 0.0}, 'log_growth': {'raw': 0.00472216634079814, 'lambda': 1.0, 'weighted': 0.00472216634079814}, 'cvar': {'raw': 0.012824967503547668, 'lambda': 0.0, 'weighted': 0.0}, 'turnover': {'raw': 0.0017491203034296632, 'lambda': 0.0, 'weighted': 0.0}, 'volatility': {'raw': 0.0008700977778062224, 'lambda': 0.0, 'weighted': 0.0}, 'vol_excess': {'raw': 0.21825703978538513, 'lambda': 0.0, 'weighted': 0.0}, 'weight_path': {'raw': 2.7358662464394e-06, 'lambda': 0.0, 'weighted': 0.0}, 'diversify': {'raw': 0.0, 'lambda': 0.0, 'weighted': 0.0}}",0.0003,228,480,cadence,1,cadence_accept,7.810071110725403e-06,0.0016539169833122457,252
2,-7.788361108396202e-05,0.004714356269687414,0.0002783368690870702,7.788361108396202e-05,7.788361108396202e-05,-0.0036894758231937885,0.026242997497320175,0.0004015505837742239,0.06810495257377625,0.0005421426612883806,0.0,-0.004268681164830923,-0.004714356269687414,-0.004714356269687414,-0.01278134435415268,0.001738852821290493,0.0008661759202368557,0.21720051765441895,2.7012345071852906e-06,0.0,0.0013564869295805693,0.0013564869295805693,0.0013564869295805693,0.0013564869295805693,0,0,0,"{'mean': {'raw': -0.0002783368690870702, 'lambda': 0.0, 'weighted': 0.0}, 'log_growth': {'raw': -7.788361108396202e-05, 'lambda': 1.0, 'weighted': -7.788361108396202e-05}, 'cvar': {'raw': 0.0036894758231937885, 'lambda': 0.0, 'weighted': 0.0}, 'turnover': {'raw': 0.026242997497320175, 'lambda': 0.0, 'weighted': 0.0}, 'volatility': {'raw': 0.0004015505837742239, 'lambda': 0.0, 'weighted': 0.0}, 'vol_excess': {'raw': 0.06810495257377625, 'lambda': 0.0, 'weighted': 0.0}, 'weight_path': {'raw': 0.0005421426612883806, 'lambda': 0.0, 'weighted': 0.0}, 'diversify': {'raw': 0.0, 'lambda': 0.0, 'weighted': 0.0}}","{'mean': {'raw': 0.004268681164830923, 'lambda': 0.0, 'weighted': 0.0}, 'log_growth': {'raw': 0.004714356269687414, 'lambda': 1.0, 'weighted': 0.004714356269687414}, 'cvar': {'raw': 0.01278134435415268, 'lambda': 0.0, 'weighted': 0.0}, 'turnover': {'raw': 0.001738852821290493, 'lambda': 0.0, 'weighted': 0.0}, 'volatility': {'raw': 0.0008661759202368557, 'lambda': 0.0, 'weighted': 0.0}, 'vol_excess': {'raw': 0.21720051765441895, 'lambda': 0.0, 'weighted': 0.0}, 'weight_path': {'raw': 2.7012345071852906e-06, 'lambda': 0.0, 'weighted': 0.0}, 'diversify': {'raw': 0.0, 'lambda': 0.0, 'weighted': 0.0}}",0.0003,228,480,cadence,1,cadence_accept,7.810071110725403e-06,0.0016539169833122457,252
1,0.00031485670479014516,0.004632782191038132,-0.00010968687274726108,-0.00031485670479014516,-0.00031485670479014516,-0.0041610137559473515,0.028349313884973526,0.0004108285647816956,0.07175889611244202,0.0007066858233883977,0.0,-0.00415152357891202,-0.004632782191038132,-0.004632782191038132,-0.013466548174619675,0.0016658216482028365,0.0009359358227811754,0.23564991354942322,2.550028739278787e-06,0.0,0.0025121106300503016,0.0025121106300503016,0.0025121106300503016,0.0025121106300503016,0,0,0,"{'mean': {'raw': 0.00010968687274726108, 'lambda': 0.0, 'weighted': 0.0}, 'log_growth': {'raw': 0.00031485670479014516, 'lambda': 1.0, 'weighted': 0.00031485670479014516}, 'cvar': {'raw': 0.0041610137559473515, 'lambda': 0.0, 'weighted': 0.0}, 'turnover': {'raw': 0.028349313884973526, 'lambda': 0.0, 'weighted': 0.0}, 'volatility': {'raw': 0.0004108285647816956, 'lambda': 0.0, 'weighted': 0.0}, 'vol_excess': {'raw': 0.07175889611244202, 'lambda': 0.0, 'weighted': 0.0}, 'weight_path': {'raw': 0.0007066858233883977, 'lambda': 0.0, 'weighted': 0.0}, 'diversify': {'raw': 0.0, 'lambda': 0.0, 'weighted': 0.0}}","{'mean': {'raw': 0.00415152357891202, 'lambda': 0.0, 'weighted': 0.0}, 'log_growth': {'raw': 0.004632782191038132, 'lambda': 1.0, 'weighted': 0.004632782191038132}, 'cvar': {'raw': 0.013466548174619675, 'lambda': 0.0, 'weighted': 0.0}, 'turnover': {'raw': 0.0016658216482028365, 'lambda': 0.0, 'weighted': 0.0}, 'volatility': {'raw': 0.0009359358227811754, 'lambda': 0.0, 'weighted': 0.0}, 'vol_excess': {'raw': 0.23564991354942322, 'lambda': 0.0, 'weighted': 0.0}, 'weight_path': {'raw': 2.550028739278787e-06, 'lambda': 0.0, 'weighted': 0.0}, 'diversify': {'raw': 0.0, 'lambda': 0.0, 'weighted': 0.0}}",0.0003,233,485,cadence,1,cadence_accept,6.271526217460632e-06,0.0013537278372894013,252
2,0.0003044694312848151,0.004626510664820671,-9.958895680028945e-05,-0.0003044694312848151,-0.0003044694312848151,-0.004143355414271355,0.022775696590542793,0.00041028554551303387,0.07154619693756104,0.0004149945452809334,0.0,-0.004147975705564022,-0.004626510664820671,-0.004626510664820671,-0.013410571962594986,0.0016526543768122792,0.0009305712301284075,0.2342560887336731,2.50706489168806e-06,0.0,0.002312708180397749,0.002312708180397749,0.002312708180397749,0.002312708180397749,0,0,0,"{'mean': {'raw': 9.958895680028945e-05, 'lambda': 0.0, 'weighted': 0.0}, 'log_growth': {'raw': 0.0003044694312848151, 'lambda': 1.0, 'weighted': 0.0003044694312848151}, 'cvar': {'raw': 0.004143355414271355, 'lambda': 0.0, 'weighted': 0.0}, 'turnover': {'raw': 0.022775696590542793, 'lambda': 0.0, 'weighted': 0.0}, 'volatility': {'raw': 0.00041028554551303387, 'lambda': 0.0, 'weighted': 0.0}, 'vol_excess': {'raw': 0.07154619693756104, 'lambda': 0.0, 'weighted': 0.0}, 'weight_path': {'raw': 0.0004149945452809334, 'lambda': 0.0, 'weighted': 0.0}, 'diversify': {'raw': 0.0, 'lambda': 0.0, 'weighted': 0.0}}","{'mean': {'raw': 0.004147975705564022, 'lambda': 0.0, 'weighted': 0.0}, 'log_growth': {'raw': 0.004626510664820671, 'lambda': 1.0, 'weighted': 0.004626510664820671}, 'cvar': {'raw': 0.013410571962594986, 'lambda': 0.0, 'weighted': 0.0}, 'turnover': {'raw': 0.0016526543768122792, 'lambda': 0.0, 'weighted': 0.0}, 'volatility': {'raw': 0.0009305712301284075, 'lambda': 0.0, 'weighted': 0.0}, 'vol_excess': {'raw': 0.2342560887336731, 'lambda': 0.0, 'weighted': 0.0}, 'weight_path': {'raw': 2.50706489168806e-06, 'lambda': 0.0, 'weighted': 0.0}, 'diversify': {'raw': 0.0, 'lambda': 0.0, 'weighted': 0.0}}",0.0003,233,485,cadence,1,cadence_accept,6.271526217460632e-06,0.0013537278372894013,252
1,0.000524229253642261,0.0024735485203564167,-0.00032067648135125637,-0.000524229253642261,-0.000524229253642261,-0.004327215254306793,0.023797253146767616,0.0004074778116773814,0.07044407725334167,0.00046449495130218565,0.0,-0.001975292107090354,-0.0024735485203564167,-0.0024735485203564167,-0.011931831017136574,0.001517584314569831,0.0009845029562711716,0.24809110164642334,2.189731731050415e-06,0.0,0.0024145389907062054,0.0024145389907062054,0.0024145389907062054,0.0024145389907062054,0,0,0,"{'mean': {'raw': 0.00032067648135125637, 'lambda': 0.0, 'weighted': 0.0}, 'log_growth': {'raw': 0.000524229253642261, 'lambda': 1.0, 'weighted': 0.000524229253642261}, 'cvar': {'raw': 0.004327215254306793, 'lambda': 0.0, 'weighted': 0.0}, 'turnover': {'raw': 0.023797253146767616, 'lambda': 0.0, 'weighted': 0.0}, 'volatility': {'raw': 0.0004074778116773814, 'lambda': 0.0, 'weighted': 0.0}, 'vol_excess': {'raw': 0.07044407725334167, 'lambda': 0.0, 'weighted': 0.0}, 'weight_path': {'raw': 0.00046449495130218565, 'lambda': 0.0, 'weighted': 0.0}, 'diversify': {'raw': 0.0, 'lambda': 0.0, 'weighted': 0.0}}","{'mean': {'raw': 0.001975292107090354, 'lambda': 0.0, 'weighted': 0.0}, 'log_growth': {'raw': 0.0024735485203564167, 'lambda': 1.0, 'weighted': 0.0024735485203564167}, 'cvar': {'raw': 0.011931831017136574, 'lambda': 0.0, 'weighted': 0.0}, 'turnover': {'raw': 0.001517584314569831, 'lambda': 0.0, 'weighted': 0.0}, 'volatility': {'raw': 0.0009845029562711716, 'lambda': 0.0, 'weighted': 0.0}, 'vol_excess': {'raw': 0.24809110164642334, 'lambda': 0.0, 'weighted': 0.0}, 'weight_path': {'raw': 2.189731731050415e-06, 'lambda': 0.0, 'weighted': 0.0}, 'diversify': {'raw': 0.0, 'lambda': 0.0, 'weighted': 0.0}}",0.0003,237,489,cadence,1,cadence_accept,3.525521606206894e-06,0.001425289043561437,252
2,0.0005427151918411255,0.00247002299875021,-0.0003410716890357435,-0.0005427151918411255,-0.0005427151918411255,-0.004309943877160549,0.024339638650417328,0.00040362749132327735,0.06892654299736023,0.00048500424600206316,0.0,-0.0019750716164708138,-0.00247002299875021,-0.00247002299875021,-0.011865985579788685,0.0015012347139418125,0.0009779524989426136,0.24643129110336304,2.140743845302495e-06,0.0,0.0024154556449502707,0.0024154556449502707,0.0024154556449502707,0.0024154556449502707,0,0,0,"{'mean': {'raw': 0.0003410716890357435, 'lambda': 0.0, 'weighted': 0.0}, 'log_growth': {'raw': 0.0005427151918411255, 'lambda': 1.0, 'weighted': 0.0005427151918411255}, 'cvar': {'raw': 0.004309943877160549, 'lambda': 0.0, 'weighted': 0.0}, 'turnover': {'raw': 0.024339638650417328, 'lambda': 0.0, 'weighted': 0.0}, 'volatility': {'raw': 0.00040362749132327735, 'lambda': 0.0, 'weighted': 0.0}, 'vol_excess': {'raw': 0.06892654299736023, 'lambda': 0.0, 'weighted': 0.0}, 'weight_path': {'raw': 0.00048500424600206316, 'lambda': 0.0, 'weighted': 0.0}, 'diversify': {'raw': 0.0, 'lambda': 0.0, 'weighted': 0.0}}","{'mean': {'raw': 0.0019750716164708138, 'lambda': 0.0, 'weighted': 0.0}, 'log_growth': {'raw': 0.00247002299875021, 'lambda': 1.0, 'weighted': 0.00247002299875021}, 'cvar': {'raw': 0.011865985579788685, 'lambda': 0.0, 'weighted': 0.0}, 'turnover': {'raw': 0.0015012347139418125, 'lambda': 0.0, 'weighted': 0.0}, 'volatility': {'raw': 0.0009779524989426136, 'lambda': 0.0, 'weighted': 0.0}, 'vol_excess': {'raw': 0.24643129110336304, 'lambda': 0.0, 'weighted': 0.0}, 'weight_path': {'raw': 2.140743845302495e-06, 'lambda': 0.0, 'weighted': 0.0}, 'diversify': {'raw': 0.0, 'lambda': 0.0, 'weighted': 0.0}}",0.0003,237,489,cadence,1,cadence_accept,3.525521606206894e-06,0.001425289043561437,252
1,0.0006348142633214593,0.003921262454241514,-0.0004325492773205042,-0.0006348142633214593,-0.0006348142633214593,-0.004403740633279085,0.024201368913054466,0.0004048256960231811,0.06939956545829773,0.00048634575796313584,0.0,-0.0034400830045342445,-0.003921262454241514,-0.003921262454241514,-0.012868337333202362,0.001398277934640646,0.0009414745145477355,0.2370847761631012,1.9633380361483432e-06,0.0,0.0024814323987811804,0.0024814323987811804,0.0024814323987811804,0.0024814323987811804,0,0,0,"{'mean': {'raw': 0.0004325492773205042, 'lambda': 0.0, 'weighted': 0.0}, 'log_growth': {'raw': 0.0006348142633214593, 'lambda': 1.0, 'weighted': 0.0006348142633214593}, 'cvar': {'raw': 0.004403740633279085, 'lambda': 0.0, 'weighted': 0.0}, 'turnover': {'raw': 0.024201368913054466, 'lambda': 0.0, 'weighted': 0.0}, 'volatility': {'raw': 0.0004048256960231811, 'lambda': 0.0, 'weighted': 0.0}, 'vol_excess': {'raw': 0.06939956545829773, 'lambda': 0.0, 'weighted': 0.0}, 'weight_path': {'raw': 0.00048634575796313584, 'lambda': 0.0, 'weighted': 0.0}, 'diversify': {'raw': 0.0, 'lambda': 0.0, 'weighted': 0.0}}","{'mean': {'raw': 0.0034400830045342445, 'lambda': 0.0, 'weighted': 0.0}, 'log_growth': {'raw': 0.003921262454241514, 'lambda': 1.0, 'weighted': 0.003921262454241514}, 'cvar': {'raw': 0.012868337333202362, 'lambda': 0.0, 'weighted': 0.0}, 'turnover': {'raw': 0.001398277934640646, 'lambda': 0.0, 'weighted': 0.0}, 'volatility': {'raw': 0.0009414745145477355, 'lambda': 0.0, 'weighted': 0.0}, 'vol_excess': {'raw': 0.2370847761631012, 'lambda': 0.0, 'weighted': 0.0}, 'weight_path': {'raw': 1.9633380361483432e-06, 'lambda': 0.0, 'weighted': 0.0}, 'diversify': {'raw': 0.0, 'lambda': 0.0, 'weighted': 0.0}}",0.0003,242,494,cadence,1,cadence_accept,9.974464774131775e-06,0.0025436871130110157,252
2,0.0006658525671809912,0.003911287989467382,-0.00046599851339124143,-0.0006658525671809912,-0.0006658525671809912,-0.004391862079501152,0.024364495649933815,0.00039991174708120525,0.06745514273643494,0.00044304440962150693,0.0,-0.0034338810946792364,-0.003911287989467382,-0.003911287989467382,-0.012788704596459866,0.00137769163120538,0.0009340518154203892,0.23516085743904114,1.9039547396459966e-06,0.0,0.002829217119142413,0.002829217119142413,0.002829217119142413,0.002829217119142413,0,0,0,"{'mean': {'raw': 0.00046599851339124143, 'lambda': 0.0, 'weighted': 0.0}, 'log_growth': {'raw': 0.0006658525671809912, 'lambda': 1.0, 'weighted': 0.0006658525671809912}, 'cvar': {'raw': 0.004391862079501152, 'lambda': 0.0, 'weighted': 0.0}, 'turnover': {'raw': 0.024364495649933815, 'lambda': 0.0, 'weighted': 0.0}, 'volatility': {'raw': 0.00039991174708120525, 'lambda': 0.0, 'weighted': 0.0}, 'vol_excess': {'raw': 0.06745514273643494, 'lambda': 0.0, 'weighted': 0.0}, 'weight_path': {'raw': 0.00044304440962150693, 'lambda': 0.0, 'weighted': 0.0}, 'diversify': {'raw': 0.0, 'lambda': 0.0, 'weighted': 0.0}}","{'mean': {'raw': 0.0034338810946792364, 'lambda': 0.0, 'weighted': 0.0}, 'log_growth': {'raw': 0.003911287989467382, 'lambda': 1.0, 'weighted': 0.003911287989467382}, 'cvar': {'raw': 0.012788704596459866, 'lambda': 0.0, 'weighted': 0.0}, 'turnover': {'raw': 0.00137769163120538, 'lambda': 0.0, 'weighted': 0.0}, 'volatility': {'raw': 0.0009340518154203892, 'lambda': 0.0, 'weighted': 0.0}, 'vol_excess': {'raw': 0.23516085743904114, 'lambda': 0.0, 'weighted': 0.0}, 'weight_path': {'raw': 1.9039547396459966e-06, 'lambda': 0.0, 'weighted': 0.0}, 'diversify': {'raw': 0.0, 'lambda': 0.0, 'weighted': 0.0}}",0.0003,242,494,cadence,1,cadence_accept,9.974464774131775e-06,0.0025436871130110157,252
1,0.0009048208012245595,0.0006628568517044187,-0.0006957791629247367,-0.0009048208012245595,-0.0009048208012245595,-0.004810580052435398,0.026203811168670654,0.0004176074580755085,0.07440266013145447,0.0005469637108035386,0.0,-0.00020837425836361945,-0.0006628568517044187,-0.0006628568517044187,-0.009515076875686646,0.0010885227238759398,0.0009027612977661192,0.22696524858474731,1.0465781770108151e-06,0.0,0.002578434068709612,0.002578434068709612,0.002578434068709612,0.002578434068709612,0,0,0,"{'mean': {'raw': 0.0006957791629247367, 'lambda': 0.0, 'weighted': 0.0}, 'log_growth': {'raw': 0.0009048208012245595, 'lambda': 1.0, 'weighted': 0.0009048208012245595}, 'cvar': {'raw': 0.004810580052435398, 'lambda': 0.0, 'weighted': 0.0}, 'turnover': {'raw': 0.026203811168670654, 'lambda': 0.0, 'weighted': 0.0}, 'volatility': {'raw': 0.0004176074580755085, 'lambda': 0.0, 'weighted': 0.0}, 'vol_excess': {'raw': 0.07440266013145447, 'lambda': 0.0, 'weighted': 0.0}, 'weight_path': {'raw': 0.0005469637108035386, 'lambda': 0.0, 'weighted': 0.0}, 'diversify': {'raw': 0.0, 'lambda': 0.0, 'weighted': 0.0}}","{'mean': {'raw': 0.00020837425836361945, 'lambda': 0.0, 'weighted': 0.0}, 'log_growth': {'raw': 0.0006628568517044187, 'lambda': 1.0, 'weighted': 0.0006628568517044187}, 'cvar': {'raw': 0.009515076875686646, 'lambda': 0.0, 'weighted': 0.0}, 'turnover': {'raw': 0.0010885227238759398, 'lambda': 0.0, 'weighted': 0.0}, 'volatility': {'raw': 0.0009027612977661192, 'lambda': 0.0, 'weighted': 0.0}, 'vol_excess': {'raw': 0.22696524858474731, 'lambda': 0.0, 'weighted': 0.0}, 'weight_path': {'raw': 1.0465781770108151e-06, 'lambda': 0.0, 'weighted': 0.0}, 'diversify': {'raw': 0.0, 'lambda': 0.0, 'weighted': 0.0}}",0.0003,246,498,cadence,1,cadence_accept,-4.161905962973833e-06,-0.006278740192537033,252
2,0.000893372402060777,0.0006670187576673925,-0.0006875996477901936,-0.000893372402060777,-0.000893372402060777,-0.004741918761283159,0.025793690234422684,0.000411020329920575,0.07183399796485901,0.0005233123083598912,0.0,-0.00021666288375854492,-0.0006670187576673925,-0.0006670187576673925,-0.009438911452889442,0.0010674595832824707,0.0008945568697527051,0.22479292750358582,1.0050709988718154e-06,0.0,0.002415943657979369,0.002415943657979369,0.002415943657979369,0.002415943657979369,0,0,0,"{'mean': {'raw': 0.0006875996477901936, 'lambda': 0.0, 'weighted': 0.0}, 'log_growth': {'raw': 0.000893372402060777, 'lambda': 1.0, 'weighted': 0.000893372402060777}, 'cvar': {'raw': 0.004741918761283159, 'lambda': 0.0, 'weighted': 0.0}, 'turnover': {'raw': 0.025793690234422684, 'lambda': 0.0, 'weighted': 0.0}, 'volatility': {'raw': 0.000411020329920575, 'lambda': 0.0, 'weighted': 0.0}, 'vol_excess': {'raw': 0.07183399796485901, 'lambda': 0.0, 'weighted': 0.0}, 'weight_path': {'raw': 0.0005233123083598912, 'lambda': 0.0, 'weighted': 0.0}, 'diversify': {'raw': 0.0, 'lambda': 0.0, 'weighted': 0.0}}","{'mean': {'raw': 0.00021666288375854492, 'lambda': 0.0, 'weighted': 0.0}, 'log_growth': {'raw': 0.0006670187576673925, 'lambda': 1.0, 'weighted': 0.0006670187576673925}, 'cvar': {'raw': 0.009438911452889442, 'lambda': 0.0, 'weighted': 0.0}, 'turnover': {'raw': 0.0010674595832824707, 'lambda': 0.0, 'weighted': 0.0}, 'volatility': {'raw': 0.0008945568697527051, 'lambda': 0.0, 'weighted': 0.0}, 'vol_excess': {'raw': 0.22479292750358582, 'lambda': 0.0, 'weighted': 0.0}, 'weight_path': {'raw': 1.0050709988718154e-06, 'lambda': 0.0, 'weighted': 0.0}, 'diversify': {'raw': 0.0, 'lambda': 0.0, 'weighted': 0.0}}",0.0003,246,498,cadence,1,cadence_accept,-4.161905962973833e-06,-0.006278740192537033,252
1,0.0007668157340958714,0.0009975064313039184,-0.0005580121069215238,-0.0007668157340958714,-0.0007668157340958714,-0.004679161123931408,0.023841820657253265,0.00041726205381564796,0.07426849007606506,0.00045306235551834106,0.0,-0.0005504603614099324,-0.0009975064313039184,-0.0009975064313039184,-0.009672153741121292,0.0010390751995146275,0.0008875776547938585,0.22293716669082642,9.792179298528936e-07,0.0,0.0022265168372541666,0.0022265168372541666,0.0022265168372541666,0.0022265168372541666,0,0,0,"{'mean': {'raw': 0.0005580121069215238, 'lambda': 0.0, 'weighted': 0.0}, 'log_growth': {'raw': 0.0007668157340958714, 'lambda': 1.0, 'weighted': 0.0007668157340958714}, 'cvar': {'raw': 0.004679161123931408, 'lambda': 0.0, 'weighted': 0.0}, 'turnover': {'raw': 0.023841820657253265, 'lambda': 0.0, 'weighted': 0.0}, 'volatility': {'raw': 0.00041726205381564796, 'lambda': 0.0, 'weighted': 0.0}, 'vol_excess': {'raw': 0.07426849007606506, 'lambda': 0.0, 'weighted': 0.0}, 'weight_path': {'raw': 0.00045306235551834106, 'lambda': 0.0, 'weighted': 0.0}, 'diversify': {'raw': 0.0, 'lambda': 0.0, 'weighted': 0.0}}","{'mean': {'raw': 0.0005504603614099324, 'lambda': 0.0, 'weighted': 0.0}, 'log_growth': {'raw': 0.0009975064313039184, 'lambda': 1.0, 'weighted': 0.0009975064313039184}, 'cvar': {'raw': 0.009672153741121292, 'lambda': 0.0, 'weighted': 0.0}, 'turnover': {'raw': 0.0010390751995146275, 'lambda': 0.0, 'weighted': 0.0}, 'volatility': {'raw': 0.0008875776547938585, 'lambda': 0.0, 'weighted': 0.0}, 'vol_excess': {'raw': 0.22293716669082642, 'lambda': 0.0, 'weighted': 0.0}, 'weight_path': {'raw': 9.792179298528936e-07, 'lambda': 0.0, 'weighted': 0.0}, 'diversify': {'raw': 0.0, 'lambda': 0.0, 'weighted': 0.0}}",0.0003,251,503,cadence,1,cadence_accept,-2.580811269581318e-06,-0.0025872627844819762,252
2,0.0007483240915462375,0.0010000872425734997,-0.0005419001681730151,-0.0007483240915462375,-0.0007483240915462375,-0.0046225013211369514,0.024664418771862984,0.0004124461265746504,0.07239174842834473,0.0004790109524037689,0.0,-0.0005574476672336459,-0.0010000872425734997,-0.0010000872425734997,-0.009589001536369324,0.0010150742018595338,0.0008788231643848121,0.22059902548789978,9.337766755379562e-07,0.0,0.0019467133097350597,0.0019467133097350597,0.0019467133097350597,0.0019467133097350597,0,0,0,"{'mean': {'raw': 0.0005419001681730151, 'lambda': 0.0, 'weighted': 0.0}, 'log_growth': {'raw': 0.0007483240915462375, 'lambda': 1.0, 'weighted': 0.0007483240915462375}, 'cvar': {'raw': 0.0046225013211369514, 'lambda': 0.0, 'weighted': 0.0}, 'turnover': {'raw': 0.024664418771862984, 'lambda': 0.0, 'weighted': 0.0}, 'volatility': {'raw': 0.0004124461265746504, 'lambda': 0.0, 'weighted': 0.0}, 'vol_excess': {'raw': 0.07239174842834473, 'lambda': 0.0, 'weighted': 0.0}, 'weight_path': {'raw': 0.0004790109524037689, 'lambda': 0.0, 'weighted': 0.0}, 'diversify': {'raw': 0.0, 'lambda': 0.0, 'weighted': 0.0}}","{'mean': {'raw': 0.0005574476672336459, 'lambda': 0.0, 'weighted': 0.0}, 'log_growth': {'raw': 0.0010000872425734997, 'lambda': 1.0, 'weighted': 0.0010000872425734997}, 'cvar': {'raw': 0.009589001536369324, 'lambda': 0.0, 'weighted': 0.0}, 'turnover': {'raw': 0.0010150742018595338, 'lambda': 0.0, 'weighted': 0.0}, 'volatility': {'raw': 0.0008788231643848121, 'lambda': 0.0, 'weighted': 0.0}, 'vol_excess': {'raw': 0.22059902548789978, 'lambda': 0.0, 'weighted': 0.0}, 'weight_path': {'raw': 9.337766755379562e-07, 'lambda': 0.0, 'weighted': 0.0}, 'diversify': {'raw': 0.0, 'lambda': 0.0, 'weighted': 0.0}}",0.0003,251,503,cadence,1,cadence_accept,-2.580811269581318e-06,-0.0025872627844819762,252
1,0.001481624087318778,-0.0026420122012495995,-0.0012498794822022319,-0.001481624087318778,-0.001481624087318778,-0.005904024466872215,0.02523874118924141,0.00045988059719093144,0.09042608737945557,0.00047579637612216175,0.0,0.0030062806326895952,0.0026420122012495995,0.0026420122012495995,-0.004254339728504419,0.0009502113098278642,0.0007218156242743134,0.17649447917938232,7.837429620849434e-07,0.0,0.0036726382095366716,0.0036726382095366716,0.0036726382095366716,0.0036726382095366716,0,0,0,"{'mean': {'raw': 0.0012498794822022319, 'lambda': 0.0, 'weighted': 0.0}, 'log_growth': {'raw': 0.001481624087318778, 'lambda': 1.0, 'weighted': 0.001481624087318778}, 'cvar': {'raw': 0.005904024466872215, 'lambda': 0.0, 'weighted': 0.0}, 'turnover': {'raw': 0.02523874118924141, 'lambda': 0.0, 'weighted': 0.0}, 'volatility': {'raw': 0.00045988059719093144, 'lambda': 0.0, 'weighted': 0.0}, 'vol_excess': {'raw': 0.09042608737945557, 'lambda': 0.0, 'weighted': 0.0}, 'weight_path': {'raw': 0.00047579637612216175, 'lambda': 0.0, 'weighted': 0.0}, 'diversify': {'raw': 0.0, 'lambda': 0.0, 'weighted': 0.0}}","{'mean': {'raw': -0.0030062806326895952, 'lambda': 0.0, 'weighted': 0.0}, 'log_growth': {'raw': -0.0026420122012495995, 'lambda': 1.0, 'weighted': -0.0026420122012495995}, 'cvar': {'raw': 0.004254339728504419, 'lambda': 0.0, 'weighted': 0.0}, 'turnover': {'raw': 0.0009502113098278642, 'lambda': 0.0, 'weighted': 0.0}, 'volatility': {'raw': 0.0007218156242743134, 'lambda': 0.0, 'weighted': 0.0}, 'vol_excess': {'raw': 0.17649447917938232, 'lambda': 0.0, 'weighted': 0.0}, 'weight_path': {'raw': 7.837429620849434e-07, 'lambda': 0.0, 'weighted': 0.0}, 'diversify': {'raw': 0.0, 'lambda': 0.0, 'weighted': 0.0}}",0.0003,256,508,cadence,1,cadence_accept,-3.077741712331772e-05,-0.011649233526291668,252
2,0.0014842733507975936,-0.0026112347841262817,-0.0012555591529235244,-0.0014842733507975936,-0.0014842733507975936,-0.0058527071960270405,0.022354373708367348,0.0004537533095572144,0.08815059065818787,0.00040222922689281404,0.0,0.0029712587129324675,0.0026112347841262817,0.0026112347841262817,-0.004208031110465527,0.0009208130650222301,0.0007134390762075782,0.17401254177093506,7.359433880083088e-07,0.0,0.0038447524420917034,0.0038447524420917034,0.0038447524420917034,0.0038447524420917034,0,0,0,"{'mean': {'raw': 0.0012555591529235244, 'lambda': 0.0, 'weighted': 0.0}, 'log_growth': {'raw': 0.0014842733507975936, 'lambda': 1.0, 'weighted': 0.0014842733507975936}, 'cvar': {'raw': 0.0058527071960270405, 'lambda': 0.0, 'weighted': 0.0}, 'turnover': {'raw': 0.022354373708367348, 'lambda': 0.0, 'weighted': 0.0}, 'volatility': {'raw': 0.0004537533095572144, 'lambda': 0.0, 'weighted': 0.0}, 'vol_excess': {'raw': 0.08815059065818787, 'lambda': 0.0, 'weighted': 0.0}, 'weight_path': {'raw': 0.00040222922689281404, 'lambda': 0.0, 'weighted': 0.0}, 'diversify': {'raw': 0.0, 'lambda': 0.0, 'weighted': 0.0}}","{'mean': {'raw': -0.0029712587129324675, 'lambda': 0.0, 'weighted': 0.0}, 'log_growth': {'raw': -0.0026112347841262817, 'lambda': 1.0, 'weighted': -0.0026112347841262817}, 'cvar': {'raw': 0.004208031110465527, 'lambda': 0.0, 'weighted': 0.0}, 'turnover': {'raw': 0.0009208130650222301, 'lambda': 0.0, 'weighted': 0.0}, 'volatility': {'raw': 0.0007134390762075782, 'lambda': 0.0, 'weighted': 0.0}, 'vol_excess': {'raw': 0.17401254177093506, 'lambda': 0.0, 'weighted': 0.0}, 'weight_path': {'raw': 7.359433880083088e-07, 'lambda': 0.0, 'weighted': 0.0}, 'diversify': {'raw': 0.0, 'lambda': 0.0, 'weighted': 0.0}}",0.0003,256,508,cadence,1,cadence_accept,-3.077741712331772e-05,-0.011649233526291668,252
1,0.0011975173838436604,-0.004873930476605892,-0.0009498736471869051,-0.0011975173838436604,-0.0011975173838436604,-0.005896204616874456,0.02219466120004654,0.0004929971764795482,0.1024702787399292,0.00040035147685557604,0.0,0.005292888730764389,0.004873930476605892,0.004873930476605892,-0.002468402497470379,0.0009195113088935614,0.0008245650096796453,0.20584028959274292,7.229401148833858e-07,0.0,0.0030590845271945,0.0030590845271945,0.0030590845271945,0.0030590845271945,0,0,0,"{'mean': {'raw': 0.0009498736471869051, 'lambda': 0.0, 'weighted': 0.0}, 'log_growth': {'raw': 0.0011975173838436604, 'lambda': 1.0, 'weighted': 0.0011975173838436604}, 'cvar': {'raw': 0.005896204616874456, 'lambda': 0.0, 'weighted': 0.0}, 'turnover': {'raw': 0.02219466120004654, 'lambda': 0.0, 'weighted': 0.0}, 'volatility': {'raw': 0.0004929971764795482, 'lambda': 0.0, 'weighted': 0.0}, 'vol_excess': {'raw': 0.1024702787399292, 'lambda': 0.0, 'weighted': 0.0}, 'weight_path': {'raw': 0.00040035147685557604, 'lambda': 0.0, 'weighted': 0.0}, 'diversify': {'raw': 0.0, 'lambda': 0.0, 'weighted': 0.0}}","{'mean': {'raw': -0.005292888730764389, 'lambda': 0.0, 'weighted': 0.0}, 'log_growth': {'raw': -0.004873930476605892, 'lambda': 1.0, 'weighted': -0.004873930476605892}, 'cvar': {'raw': 0.002468402497470379, 'lambda': 0.0, 'weighted': 0.0}, 'turnover': {'raw': 0.0009195113088935614, 'lambda': 0.0, 'weighted': 0.0}, 'volatility': {'raw': 0.0008245650096796453, 'lambda': 0.0, 'weighted': 0.0}, 'vol_excess': {'raw': 0.20584028959274292, 'lambda': 0.0, 'weighted': 0.0}, 'weight_path': {'raw': 7.229401148833858e-07, 'lambda': 0.0, 'weighted': 0.0}, 'diversify': {'raw': 0.0, 'lambda': 0.0, 'weighted': 0.0}}",0.0003,261,513,cadence,1,cadence_accept,-5.495734512805939e-05,-0.011275775348165163,252
2,0.0011872368631884456,-0.004818973131477833,-0.0009425939060747623,-0.0011872368631884456,-0.0011872368631884456,-0.0058250222355127335,0.024496866390109062,0.0004870923003181815,0.10035306215286255,0.0004682666331063956,0.0,0.005232288036495447,0.004818973131477833,0.004818973131477833,-0.0024370960891246796,0.0008866125135682523,0.0008134326199069619,0.2027527093887329,6.7189523633715e-07,0.0,0.0027360867243260145,0.0027360867243260145,0.0027360867243260145,0.0027360867243260145,0,0,0,"{'mean': {'raw': 0.0009425939060747623, 'lambda': 0.0, 'weighted': 0.0}, 'log_growth': {'raw': 0.0011872368631884456, 'lambda': 1.0, 'weighted': 0.0011872368631884456}, 'cvar': {'raw': 0.0058250222355127335, 'lambda': 0.0, 'weighted': 0.0}, 'turnover': {'raw': 0.024496866390109062, 'lambda': 0.0, 'weighted': 0.0}, 'volatility': {'raw': 0.0004870923003181815, 'lambda': 0.0, 'weighted': 0.0}, 'vol_excess': {'raw': 0.10035306215286255, 'lambda': 0.0, 'weighted': 0.0}, 'weight_path': {'raw': 0.0004682666331063956, 'lambda': 0.0, 'weighted': 0.0}, 'diversify': {'raw': 0.0, 'lambda': 0.0, 'weighted': 0.0}}","{'mean': {'raw': -0.005232288036495447, 'lambda': 0.0, 'weighted': 0.0}, 'log_growth': {'raw': -0.004818973131477833, 'lambda': 1.0, 'weighted': -0.004818973131477833}, 'cvar': {'raw': 0.0024370960891246796, 'lambda': 0.0, 'weighted': 0.0}, 'turnover': {'raw': 0.0008866125135682523, 'lambda': 0.0, 'weighted': 0.0}, 'volatility': {'raw': 0.0008134326199069619, 'lambda': 0.0, 'weighted': 0.0}, 'vol_excess': {'raw': 0.2027527093887329, 'lambda': 0.0, 'weighted': 0.0}, 'weight_path': {'raw': 6.7189523633715e-07, 'lambda': 0.0, 'weighted': 0.0}, 'diversify': {'raw': 0.0, 'lambda': 0.0, 'weighted': 0.0}}",0.0003,261,513,cadence,1,cadence_accept,-5.495734512805939e-05,-0.011275775348165163,252
1,0.001567256054840982,-0.010949228890240192,-0.001318015973083675,-0.001567256054840982,-0.001567256054840982,-0.006274085026234388,0.02390448935329914,0.0004951087175868452,0.10322430729866028,0.00045775098260492086,0.0,0.012141525745391846,0.010949228890240192,0.010949228890240192,-0.0020536775700747967,0.0009759259410202503,0.0025248711463063955,0.5476637482643127,7.462774647137849e-07,0.0,0.0037002547178417444,0.0037002547178417444,0.0037002547178417444,0.0037002547178417444,0,0,0,"{'mean': {'raw': 0.001318015973083675, 'lambda': 0.0, 'weighted': 0.0}, 'log_growth': {'raw': 0.001567256054840982, 'lambda': 1.0, 'weighted': 0.001567256054840982}, 'cvar': {'raw': 0.006274085026234388, 'lambda': 0.0, 'weighted': 0.0}, 'turnover': {'raw': 0.02390448935329914, 'lambda': 0.0, 'weighted': 0.0}, 'volatility': {'raw': 0.0004951087175868452, 'lambda': 0.0, 'weighted': 0.0}, 'vol_excess': {'raw': 0.10322430729866028, 'lambda': 0.0, 'weighted': 0.0}, 'weight_path': {'raw': 0.00045775098260492086, 'lambda': 0.0, 'weighted': 0.0}, 'diversify': {'raw': 0.0, 'lambda': 0.0, 'weighted': 0.0}}","{'mean': {'raw': -0.012141525745391846, 'lambda': 0.0, 'weighted': 0.0}, 'log_growth': {'raw': -0.010949228890240192, 'lambda': 1.0, 'weighted': -0.010949228890240192}, 'cvar': {'raw': 0.0020536775700747967, 'lambda': 0.0, 'weighted': 0.0}, 'turnover': {'raw': 0.0009759259410202503, 'lambda': 0.0, 'weighted': 0.0}, 'volatility': {'raw': 0.0025248711463063955, 'lambda': 0.0, 'weighted': 0.0}, 'vol_excess': {'raw': 0.5476637482643127, 'lambda': 0.0, 'weighted': 0.0}, 'weight_path': {'raw': 7.462774647137849e-07, 'lambda': 0.0, 'weighted': 0.0}, 'diversify': {'raw': 0.0, 'lambda': 0.0, 'weighted': 0.0}}",0.0003,266,518,cadence,1,cadence_accept,-0.00012267939746379852,-0.011204386964816015,252
2,0.0015412044012919068,-0.010826549492776394,-0.00129457819275558,-0.0015412044012919068,-0.0015412044012919068,-0.006200339179486036,0.02468821033835411,0.0004899863852187991,0.10139232873916626,0.0005297582829371095,0.0,0.011992435902357101,0.010826549492776394,0.010826549492776394,-0.0019788206554949284,0.0009349286556243896,0.0024646217934787273,0.5380892753601074,6.848742373222194e-07,0.0,0.0034980354830622673,0.0034980354830622673,0.0034980354830622673,0.0034980354830622673,0,0,0,"{'mean': {'raw': 0.00129457819275558, 'lambda': 0.0, 'weighted': 0.0}, 'log_growth': {'raw': 0.0015412044012919068, 'lambda': 1.0, 'weighted': 0.0015412044012919068}, 'cvar': {'raw': 0.006200339179486036, 'lambda': 0.0, 'weighted': 0.0}, 'turnover': {'raw': 0.02468821033835411, 'lambda': 0.0, 'weighted': 0.0}, 'volatility': {'raw': 0.0004899863852187991, 'lambda': 0.0, 'weighted': 0.0}, 'vol_excess': {'raw': 0.10139232873916626, 'lambda': 0.0, 'weighted': 0.0}, 'weight_path': {'raw': 0.0005297582829371095, 'lambda': 0.0, 'weighted': 0.0}, 'diversify': {'raw': 0.0, 'lambda': 0.0, 'weighted': 0.0}}","{'mean': {'raw': -0.011992435902357101, 'lambda': 0.0, 'weighted': 0.0}, 'log_growth': {'raw': -0.010826549492776394, 'lambda': 1.0, 'weighted': -0.010826549492776394}, 'cvar': {'raw': 0.0019788206554949284, 'lambda': 0.0, 'weighted': 0.0}, 'turnover': {'raw': 0.0009349286556243896, 'lambda': 0.0, 'weighted': 0.0}, 'volatility': {'raw': 0.0024646217934787273, 'lambda': 0.0, 'weighted': 0.0}, 'vol_excess': {'raw': 0.5380892753601074, 'lambda': 0.0, 'weighted': 0.0}, 'weight_path': {'raw': 6.848742373222194e-07, 'lambda': 0.0, 'weighted': 0.0}, 'diversify': {'raw': 0.0, 'lambda': 0.0, 'weighted': 0.0}}",0.0003,266,518,cadence,1,cadence_accept,-0.00012267939746379852,-0.011204386964816015,252
1,0.0012267789570614696,-0.00904550775885582,-0.0009723989642225206,-0.0012267789570614696,-0.0012267789570614696,-0.006033775862306356,0.02517615258693695,0.0005065602599643171,0.10728585720062256,0.0005137331900186837,0.0,0.010227428749203682,0.00904550775885582,0.00904550775885582,-0.00430375337600708,0.0009694754844531417,0.0025325545575469732,0.5488765239715576,7.642892114745337e-07,0.0,0.0031053205020725727,0.0031053205020725727,0.0031053205020725727,0.0031053205020725727,0,0,0,"{'mean': {'raw': 0.0009723989642225206, 'lambda': 0.0, 'weighted': 0.0}, 'log_growth': {'raw': 0.0012267789570614696, 'lambda': 1.0, 'weighted': 0.0012267789570614696}, 'cvar': {'raw': 0.006033775862306356, 'lambda': 0.0, 'weighted': 0.0}, 'turnover': {'raw': 0.02517615258693695, 'lambda': 0.0, 'weighted': 0.0}, 'volatility': {'raw': 0.0005065602599643171, 'lambda': 0.0, 'weighted': 0.0}, 'vol_excess': {'raw': 0.10728585720062256, 'lambda': 0.0, 'weighted': 0.0}, 'weight_path': {'raw': 0.0005137331900186837, 'lambda': 0.0, 'weighted': 0.0}, 'diversify': {'raw': 0.0, 'lambda': 0.0, 'weighted': 0.0}}","{'mean': {'raw': -0.010227428749203682, 'lambda': 0.0, 'weighted': 0.0}, 'log_growth': {'raw': -0.00904550775885582, 'lambda': 1.0, 'weighted': -0.00904550775885582}, 'cvar': {'raw': 0.00430375337600708, 'lambda': 0.0, 'weighted': 0.0}, 'turnover': {'raw': 0.0009694754844531417, 'lambda': 0.0, 'weighted': 0.0}, 'volatility': {'raw': 0.0025325545575469732, 'lambda': 0.0, 'weighted': 0.0}, 'vol_excess': {'raw': 0.5488765239715576, 'lambda': 0.0, 'weighted': 0.0}, 'weight_path': {'raw': 7.642892114745337e-07, 'lambda': 0.0, 'weighted': 0.0}, 'diversify': {'raw': 0.0, 'lambda': 0.0, 'weighted': 0.0}}",0.0003,271,523,cadence,1,cadence_accept,-0.00010186806321144104,-0.011261729680177152,252
2,0.0012119075981900096,-0.008943639695644379,-0.0009614786831662059,-0.0012119075981900096,-0.0012119075981900096,-0.005950836464762688,0.02382083423435688,0.0004986249841749668,0.10447639226913452,0.00047236078535206616,0.0,0.010098239406943321,0.008943639695644379,0.008943639695644379,-0.0041855801828205585,0.0009240752551704645,0.0024696672335267067,0.5388955473899841,6.947444717297913e-07,0.0,0.0032605077140033245,0.0032605077140033245,0.0032605077140033245,0.0032605077140033245,0,0,0,"{'mean': {'raw': 0.0009614786831662059, 'lambda': 0.0, 'weighted': 0.0}, 'log_growth': {'raw': 0.0012119075981900096, 'lambda': 1.0, 'weighted': 0.0012119075981900096}, 'cvar': {'raw': 0.005950836464762688, 'lambda': 0.0, 'weighted': 0.0}, 'turnover': {'raw': 0.02382083423435688, 'lambda': 0.0, 'weighted': 0.0}, 'volatility': {'raw': 0.0004986249841749668, 'lambda': 0.0, 'weighted': 0.0}, 'vol_excess': {'raw': 0.10447639226913452, 'lambda': 0.0, 'weighted': 0.0}, 'weight_path': {'raw': 0.00047236078535206616, 'lambda': 0.0, 'weighted': 0.0}, 'diversify': {'raw': 0.0, 'lambda': 0.0, 'weighted': 0.0}}","{'mean': {'raw': -0.010098239406943321, 'lambda': 0.0, 'weighted': 0.0}, 'log_growth': {'raw': -0.008943639695644379, 'lambda': 1.0, 'weighted': -0.008943639695644379}, 'cvar': {'raw': 0.0041855801828205585, 'lambda': 0.0, 'weighted': 0.0}, 'turnover': {'raw': 0.0009240752551704645, 'lambda': 0.0, 'weighted': 0.0}, 'volatility': {'raw': 0.0024696672335267067, 'lambda': 0.0, 'weighted': 0.0}, 'vol_excess': {'raw': 0.5388955473899841, 'lambda': 0.0, 'weighted': 0.0}, 'weight_path': {'raw': 6.947444717297913e-07, 'lambda': 0.0, 'weighted': 0.0}, 'diversify': {'raw': 0.0, 'lambda': 0.0, 'weighted': 0.0}}",0.0003,271,523,cadence,1,cadence_accept,-0.00010186806321144104,-0.011261729680177152,252
1,0.0010129510192200541,-0.009577356278896332,-0.0007578775403089821,-0.0010129510192200541,-0.0010129510192200541,-0.005829288624227047,0.022638268768787384,0.0005086511373519897,0.10802245140075684,0.00040281968540512025,0.0,0.010732394643127918,0.009577356278896332,0.009577356278896332,-0.003580802818760276,0.0009124010684899986,0.002457170747220516,0.5368970632553101,6.932706355655682e-07,0.0,0.002726718783378601,0.002726718783378601,0.002726718783378601,0.002726718783378601,0,0,0,"{'mean': {'raw': 0.0007578775403089821, 'lambda': 0.0, 'weighted': 0.0}, 'log_growth': {'raw': 0.0010129510192200541, 'lambda': 1.0, 'weighted': 0.0010129510192200541}, 'cvar': {'raw': 0.005829288624227047, 'lambda': 0.0, 'weighted': 0.0}, 'turnover': {'raw': 0.022638268768787384, 'lambda': 0.0, 'weighted': 0.0}, 'volatility': {'raw': 0.0005086511373519897, 'lambda': 0.0, 'weighted': 0.0}, 'vol_excess': {'raw': 0.10802245140075684, 'lambda': 0.0, 'weighted': 0.0}, 'weight_path': {'raw': 0.00040281968540512025, 'lambda': 0.0, 'weighted': 0.0}, 'diversify': {'raw': 0.0, 'lambda': 0.0, 'weighted': 0.0}}","{'mean': {'raw': -0.010732394643127918, 'lambda': 0.0, 'weighted': 0.0}, 'log_growth': {'raw': -0.009577356278896332, 'lambda': 1.0, 'weighted': -0.009577356278896332}, 'cvar': {'raw': 0.003580802818760276, 'lambda': 0.0, 'weighted': 0.0}, 'turnover': {'raw': 0.0009124010684899986, 'lambda': 0.0, 'weighted': 0.0}, 'volatility': {'raw': 0.002457170747220516, 'lambda': 0.0, 'weighted': 0.0}, 'vol_excess': {'raw': 0.5368970632553101, 'lambda': 0.0, 'weighted': 0.0}, 'weight_path': {'raw': 6.932706355655682e-07, 'lambda': 0.0, 'weighted': 0.0}, 'diversify': {'raw': 0.0, 'lambda': 0.0, 'weighted': 0.0}}",0.0003,276,528,cadence,1,cadence_accept,-0.00011417921632528305,-0.011921788538341705,252
2,0.0010330581571906805,-0.009463177062571049,-0.0007813721313141286,-0.0010330581571906805,-0.0010330581571906805,-0.005790427792817354,0.02360924705862999,0.0005017422372475266,0.10558268427848816,0.0004534774925559759,0.0,0.010591026395559311,0.009463177062571049,0.009463177062571049,-0.0034710420295596123,0.0008653259137645364,0.0023952354677021503,0.5269165635108948,6.236455192265566e-07,0.0,0.0028492549899965525,0.0028492549899965525,0.0028492549899965525,0.0028492549899965525,0,0,0,"{'mean': {'raw': 0.0007813721313141286, 'lambda': 0.0, 'weighted': 0.0}, 'log_growth': {'raw': 0.0010330581571906805, 'lambda': 1.0, 'weighted': 0.0010330581571906805}, 'cvar': {'raw': 0.005790427792817354, 'lambda': 0.0, 'weighted': 0.0}, 'turnover': {'raw': 0.02360924705862999, 'lambda': 0.0, 'weighted': 0.0}, 'volatility': {'raw': 0.0005017422372475266, 'lambda': 0.0, 'weighted': 0.0}, 'vol_excess': {'raw': 0.10558268427848816, 'lambda': 0.0, 'weighted': 0.0}, 'weight_path': {'raw': 0.0004534774925559759, 'lambda': 0.0, 'weighted': 0.0}, 'diversify': {'raw': 0.0, 'lambda': 0.0, 'weighted': 0.0}}","{'mean': {'raw': -0.010591026395559311, 'lambda': 0.0, 'weighted': 0.0}, 'log_growth': {'raw': -0.009463177062571049, 'lambda': 1.0, 'weighted': -0.009463177062571049}, 'cvar': {'raw': 0.0034710420295596123, 'lambda': 0.0, 'weighted': 0.0}, 'turnover': {'raw': 0.0008653259137645364, 'lambda': 0.0, 'weighted': 0.0}, 'volatility': {'raw': 0.0023952354677021503, 'lambda': 0.0, 'weighted': 0.0}, 'vol_excess': {'raw': 0.5269165635108948, 'lambda': 0.0, 'weighted': 0.0}, 'weight_path': {'raw': 6.236455192265566e-07, 'lambda': 0.0, 'weighted': 0.0}, 'diversify': {'raw': 0.0, 'lambda': 0.0, 'weighted': 0.0}}",0.0003,276,528,cadence,1,cadence_accept,-0.00011417921632528305,-0.011921788538341705,252
1,0.0016775521216914058,-0.010598558001220226,-0.0014140933053568006,-0.0016775521216914058,-0.0016775521216914058,-0.006626472342759371,0.023210303857922554,0.0005232893745414913,0.11313760280609131,0.000409531407058239,0.0,0.011698795482516289,0.010598558001220226,0.010598558001220226,-0.001681366004049778,0.0008900809334591031,0.0023166623432189226,0.5140673518180847,7.268028525686532e-07,0.0,0.0036547647323459387,0.0036547647323459387,0.0036547647323459387,0.0036547647323459387,0,0,0,"{'mean': {'raw': 0.0014140933053568006, 'lambda': 0.0, 'weighted': 0.0}, 'log_growth': {'raw': 0.0016775521216914058, 'lambda': 1.0, 'weighted': 0.0016775521216914058}, 'cvar': {'raw': 0.006626472342759371, 'lambda': 0.0, 'weighted': 0.0}, 'turnover': {'raw': 0.023210303857922554, 'lambda': 0.0, 'weighted': 0.0}, 'volatility': {'raw': 0.0005232893745414913, 'lambda': 0.0, 'weighted': 0.0}, 'vol_excess': {'raw': 0.11313760280609131, 'lambda': 0.0, 'weighted': 0.0}, 'weight_path': {'raw': 0.000409531407058239, 'lambda': 0.0, 'weighted': 0.0}, 'diversify': {'raw': 0.0, 'lambda': 0.0, 'weighted': 0.0}}","{'mean': {'raw': -0.011698795482516289, 'lambda': 0.0, 'weighted': 0.0}, 'log_growth': {'raw': -0.010598558001220226, 'lambda': 1.0, 'weighted': -0.010598558001220226}, 'cvar': {'raw': 0.001681366004049778, 'lambda': 0.0, 'weighted': 0.0}, 'turnover': {'raw': 0.0008900809334591031, 'lambda': 0.0, 'weighted': 0.0}, 'volatility': {'raw': 0.0023166623432189226, 'lambda': 0.0, 'weighted': 0.0}, 'vol_excess': {'raw': 0.5140673518180847, 'lambda': 0.0, 'weighted': 0.0}, 'weight_path': {'raw': 7.268028525686532e-07, 'lambda': 0.0, 'weighted': 0.0}, 'diversify': {'raw': 0.0, 'lambda': 0.0, 'weighted': 0.0}}",0.0003,281,533,cadence,1,cadence_accept,-0.00012207217514514923,-0.01151780979257528,252
2,0.0016297473339363933,-0.010476485826075077,-0.001371153979562223,-0.0016297473339363933,-0.0016297473339363933,-0.006480147130787373,0.02250397950410843,0.0005138870910741389,0.10986045002937317,0.0004229499027132988,0.0,0.0115495715290308,0.010476485826075077,0.010476485826075077,-0.001580715412274003,0.0008406931301578879,0.002255325438454747,0.5038846731185913,6.493139039775997e-07,0.0,0.0031885355710983276,0.0031885355710983276,0.0031885355710983276,0.0031885355710983276,0,0,0,"{'mean': {'raw': 0.001371153979562223, 'lambda': 0.0, 'weighted': 0.0}, 'log_growth': {'raw': 0.0016297473339363933, 'lambda': 1.0, 'weighted': 0.0016297473339363933}, 'cvar': {'raw': 0.006480147130787373, 'lambda': 0.0, 'weighted': 0.0}, 'turnover': {'raw': 0.02250397950410843, 'lambda': 0.0, 'weighted': 0.0}, 'volatility': {'raw': 0.0005138870910741389, 'lambda': 0.0, 'weighted': 0.0}, 'vol_excess': {'raw': 0.10986045002937317, 'lambda': 0.0, 'weighted': 0.0}, 'weight_path': {'raw': 0.0004229499027132988, 'lambda': 0.0, 'weighted': 0.0}, 'diversify': {'raw': 0.0, 'lambda': 0.0, 'weighted': 0.0}}","{'mean': {'raw': -0.0115495715290308, 'lambda': 0.0, 'weighted': 0.0}, 'log_growth': {'raw': -0.010476485826075077, 'lambda': 1.0, 'weighted': -0.010476485826075077}, 'cvar': {'raw': 0.001580715412274003, 'lambda': 0.0, 'weighted': 0.0}, 'turnover': {'raw': 0.0008406931301578879, 'lambda': 0.0, 'weighted': 0.0}, 'volatility': {'raw': 0.002255325438454747, 'lambda': 0.0, 'weighted': 0.0}, 'vol_excess': {'raw': 0.5038846731185913, 'lambda': 0.0, 'weighted': 0.0}, 'weight_path': {'raw': 6.493139039775997e-07, 'lambda': 0.0, 'weighted': 0.0}, 'diversify': {'raw': 0.0, 'lambda': 0.0, 'weighted': 0.0}}",0.0003,281,533,cadence,1,cadence_accept,-0.00012207217514514923,-0.01151780979257528,252
1,0.0018671544967219234,-0.00938966404646635,-0.0015991826076060534,-0.0018671544967219234,-0.0018671544967219234,-0.006884793750941753,0.023340748623013496,0.0005316390306688845,0.11602327227592468,0.0004208142636343837,0.0,0.010435212403535843,0.00938966404646635,0.00938966404646635,-0.00210001552477479,0.0009282398386858404,0.002225027419626713,0.49880361557006836,7.807398674231081e-07,0.0,0.00365002010948956,0.00365002010948956,0.00365002010948956,0.00365002010948956,0,0,0,"{'mean': {'raw': 0.0015991826076060534, 'lambda': 0.0, 'weighted': 0.0}, 'log_growth': {'raw': 0.0018671544967219234, 'lambda': 1.0, 'weighted': 0.0018671544967219234}, 'cvar': {'raw': 0.006884793750941753, 'lambda': 0.0, 'weighted': 0.0}, 'turnover': {'raw': 0.023340748623013496, 'lambda': 0.0, 'weighted': 0.0}, 'volatility': {'raw': 0.0005316390306688845, 'lambda': 0.0, 'weighted': 0.0}, 'vol_excess': {'raw': 0.11602327227592468, 'lambda': 0.0, 'weighted': 0.0}, 'weight_path': {'raw': 0.0004208142636343837, 'lambda': 0.0, 'weighted': 0.0}, 'diversify': {'raw': 0.0, 'lambda': 0.0, 'weighted': 0.0}}","{'mean': {'raw': -0.010435212403535843, 'lambda': 0.0, 'weighted': 0.0}, 'log_growth': {'raw': -0.00938966404646635, 'lambda': 1.0, 'weighted': -0.00938966404646635}, 'cvar': {'raw': 0.00210001552477479, 'lambda': 0.0, 'weighted': 0.0}, 'turnover': {'raw': 0.0009282398386858404, 'lambda': 0.0, 'weighted': 0.0}, 'volatility': {'raw': 0.002225027419626713, 'lambda': 0.0, 'weighted': 0.0}, 'vol_excess': {'raw': 0.49880361557006836, 'lambda': 0.0, 'weighted': 0.0}, 'weight_path': {'raw': 7.807398674231081e-07, 'lambda': 0.0, 'weighted': 0.0}, 'diversify': {'raw': 0.0, 'lambda': 0.0, 'weighted': 0.0}}",0.0003,286,538,cadence,1,cadence_accept,-0.00012113433331251144,-0.012900816546806868,252
2,0.0018470007926225662,-0.009268529713153839,-0.001582774450071156,-0.0018470007926225662,-0.0018470007926225662,-0.006801181938499212,0.022717591375112534,0.0005241520120762289,0.11343678832054138,0.00041088619036599994,0.0,0.010286306031048298,0.009268529713153839,0.009268529713153839,-0.0019955106545239687,0.000870718969963491,0.0021619040053337812,0.48810553550720215,6.872084554743196e-07,0.0,0.0038230647332966328,0.0038230647332966328,0.0038230647332966328,0.0038230647332966328,0,0,0,"{'mean': {'raw': 0.001582774450071156, 'lambda': 0.0, 'weighted': 0.0}, 'log_growth': {'raw': 0.0018470007926225662, 'lambda': 1.0, 'weighted': 0.0018470007926225662}, 'cvar': {'raw': 0.006801181938499212, 'lambda': 0.0, 'weighted': 0.0}, 'turnover': {'raw': 0.022717591375112534, 'lambda': 0.0, 'weighted': 0.0}, 'volatility': {'raw': 0.0005241520120762289, 'lambda': 0.0, 'weighted': 0.0}, 'vol_excess': {'raw': 0.11343678832054138, 'lambda': 0.0, 'weighted': 0.0}, 'weight_path': {'raw': 0.00041088619036599994, 'lambda': 0.0, 'weighted': 0.0}, 'diversify': {'raw': 0.0, 'lambda': 0.0, 'weighted': 0.0}}","{'mean': {'raw': -0.010286306031048298, 'lambda': 0.0, 'weighted': 0.0}, 'log_growth': {'raw': -0.009268529713153839, 'lambda': 1.0, 'weighted': -0.009268529713153839}, 'cvar': {'raw': 0.0019955106545239687, 'lambda': 0.0, 'weighted': 0.0}, 'turnover': {'raw': 0.000870718969963491, 'lambda': 0.0, 'weighted': 0.0}, 'volatility': {'raw': 0.0021619040053337812, 'lambda': 0.0, 'weighted': 0.0}, 'vol_excess': {'raw': 0.48810553550720215, 'lambda': 0.0, 'weighted': 0.0}, 'weight_path': {'raw': 6.872084554743196e-07, 'lambda': 0.0, 'weighted': 0.0}, 'diversify': {'raw': 0.0, 'lambda': 0.0, 'weighted': 0.0}}",0.0003,286,538,cadence,1,cadence_accept,-0.00012113433331251144,-0.012900816546806868,252
1,0.0018778364174067974,-0.01075153797864914,-0.0016099130734801292,-0.0018778364174067974,-0.0018778364174067974,-0.0068887039087712765,0.02443448081612587,0.0005315518938004971,0.11599326133728027,0.000482709874631837,0.0,0.011769259348511696,0.01075153797864914,0.01075153797864914,-0.00043130991980433464,0.0008970260387286544,0.002129551488906145,0.48256194591522217,7.073270467117254e-07,0.0,0.00400521932169795,0.00400521932169795,0.00400521932169795,0.00400521932169795,0,0,0,"{'mean': {'raw': 0.0016099130734801292, 'lambda': 0.0, 'weighted': 0.0}, 'log_growth': {'raw': 0.0018778364174067974, 'lambda': 1.0, 'weighted': 0.0018778364174067974}, 'cvar': {'raw': 0.0068887039087712765, 'lambda': 0.0, 'weighted': 0.0}, 'turnover': {'raw': 0.02443448081612587, 'lambda': 0.0, 'weighted': 0.0}, 'volatility': {'raw': 0.0005315518938004971, 'lambda': 0.0, 'weighted': 0.0}, 'vol_excess': {'raw': 0.11599326133728027, 'lambda': 0.0, 'weighted': 0.0}, 'weight_path': {'raw': 0.000482709874631837, 'lambda': 0.0, 'weighted': 0.0}, 'diversify': {'raw': 0.0, 'lambda': 0.0, 'weighted': 0.0}}","{'mean': {'raw': -0.011769259348511696, 'lambda': 0.0, 'weighted': 0.0}, 'log_growth': {'raw': -0.01075153797864914, 'lambda': 1.0, 'weighted': -0.01075153797864914}, 'cvar': {'raw': 0.00043130991980433464, 'lambda': 0.0, 'weighted': 0.0}, 'turnover': {'raw': 0.0008970260387286544, 'lambda': 0.0, 'weighted': 0.0}, 'volatility': {'raw': 0.002129551488906145, 'lambda': 0.0, 'weighted': 0.0}, 'vol_excess': {'raw': 0.48256194591522217, 'lambda': 0.0, 'weighted': 0.0}, 'weight_path': {'raw': 7.073270467117254e-07, 'lambda': 0.0, 'weighted': 0.0}, 'diversify': {'raw': 0.0, 'lambda': 0.0, 'weighted': 0.0}}",0.0003,290,542,cadence,1,cadence_accept,-0.00014181248843669891,-0.01318997232815679,252
2,0.001861820463091135,-0.01060972549021244,-0.0015995362773537636,-0.001861820463091135,-0.001861820463091135,-0.006769982632249594,0.024780668318271637,0.0005202980246394873,0.11209818720817566,0.0005058752140030265,0.0,0.011598698794841766,0.01060972549021244,0.01060972549021244,-0.0003355342778377235,0.0008332955767400563,0.0020652504172176123,0.4714174270629883,6.104409635554475e-07,0.0,0.003877554554492235,0.003877554554492235,0.003877554554492235,0.003877554554492235,0,0,0,"{'mean': {'raw': 0.0015995362773537636, 'lambda': 0.0, 'weighted': 0.0}, 'log_growth': {'raw': 0.001861820463091135, 'lambda': 1.0, 'weighted': 0.001861820463091135}, 'cvar': {'raw': 0.006769982632249594, 'lambda': 0.0, 'weighted': 0.0}, 'turnover': {'raw': 0.024780668318271637, 'lambda': 0.0, 'weighted': 0.0}, 'volatility': {'raw': 0.0005202980246394873, 'lambda': 0.0, 'weighted': 0.0}, 'vol_excess': {'raw': 0.11209818720817566, 'lambda': 0.0, 'weighted': 0.0}, 'weight_path': {'raw': 0.0005058752140030265, 'lambda': 0.0, 'weighted': 0.0}, 'diversify': {'raw': 0.0, 'lambda': 0.0, 'weighted': 0.0}}","{'mean': {'raw': -0.011598698794841766, 'lambda': 0.0, 'weighted': 0.0}, 'log_growth': {'raw': -0.01060972549021244, 'lambda': 1.0, 'weighted': -0.01060972549021244}, 'cvar': {'raw': 0.0003355342778377235, 'lambda': 0.0, 'weighted': 0.0}, 'turnover': {'raw': 0.0008332955767400563, 'lambda': 0.0, 'weighted': 0.0}, 'volatility': {'raw': 0.0020652504172176123, 'lambda': 0.0, 'weighted': 0.0}, 'vol_excess': {'raw': 0.4714174270629883, 'lambda': 0.0, 'weighted': 0.0}, 'weight_path': {'raw': 6.104409635554475e-07, 'lambda': 0.0, 'weighted': 0.0}, 'diversify': {'raw': 0.0, 'lambda': 0.0, 'weighted': 0.0}}",0.0003,290,542,cadence,1,cadence_accept,-0.00014181248843669891,-0.01318997232815679,252
1,0.0015888367779552937,-0.010972726158797741,-0.0013211226323619485,-0.0015888367779552937,-0.0015888367779552937,-0.006617667153477669,0.025060100480914116,0.0005320766940712929,0.1161738932132721,0.0004895827150903642,0.0,0.012201283127069473,0.010972726158797741,0.010972726158797741,-0.0024524987675249577,0.0008803260279819369,0.0025815393310040236,0.556565523147583,6.678795898551471e-07,0.0,0.0032971634063869715,0.0032971634063869715,0.0032971634063869715,0.0032971634063869715,0,0,0,"{'mean': {'raw': 0.0013211226323619485, 'lambda': 0.0, 'weighted': 0.0}, 'log_growth': {'raw': 0.0015888367779552937, 'lambda': 1.0, 'weighted': 0.0015888367779552937}, 'cvar': {'raw': 0.006617667153477669, 'lambda': 0.0, 'weighted': 0.0}, 'turnover': {'raw': 0.025060100480914116, 'lambda': 0.0, 'weighted': 0.0}, 'volatility': {'raw': 0.0005320766940712929, 'lambda': 0.0, 'weighted': 0.0}, 'vol_excess': {'raw': 0.1161738932132721, 'lambda': 0.0, 'weighted': 0.0}, 'weight_path': {'raw': 0.0004895827150903642, 'lambda': 0.0, 'weighted': 0.0}, 'diversify': {'raw': 0.0, 'lambda': 0.0, 'weighted': 0.0}}","{'mean': {'raw': -0.012201283127069473, 'lambda': 0.0, 'weighted': 0.0}, 'log_growth': {'raw': -0.010972726158797741, 'lambda': 1.0, 'weighted': -0.010972726158797741}, 'cvar': {'raw': 0.0024524987675249577, 'lambda': 0.0, 'weighted': 0.0}, 'turnover': {'raw': 0.0008803260279819369, 'lambda': 0.0, 'weighted': 0.0}, 'volatility': {'raw': 0.0025815393310040236, 'lambda': 0.0, 'weighted': 0.0}, 'vol_excess': {'raw': 0.556565523147583, 'lambda': 0.0, 'weighted': 0.0}, 'weight_path': {'raw': 6.678795898551471e-07, 'lambda': 0.0, 'weighted': 0.0}, 'diversify': {'raw': 0.0, 'lambda': 0.0, 'weighted': 0.0}}",0.0003,295,547,cadence,1,cadence_accept,-0.00016523804515600204,-0.015058978302165873,252
2,0.0015410318737849593,-0.010807488113641739,-0.0012771134497597814,-0.0015410318737849593,-0.0015410318737849593,-0.006497911177575588,0.025521373376250267,0.0005247113294899464,0.11363068222999573,0.0005281405756250024,0.0,0.012001045048236847,0.010807488113641739,0.010807488113641739,-0.0023392988368868828,0.0008124697487801313,0.002503660973161459,0.5443063378334045,5.68223924801714e-07,0.0,0.003293452551588416,0.003293452551588416,0.003293452551588416,0.003293452551588416,0,0,0,"{'mean': {'raw': 0.0012771134497597814, 'lambda': 0.0, 'weighted': 0.0}, 'log_growth': {'raw': 0.0015410318737849593, 'lambda': 1.0, 'weighted': 0.0015410318737849593}, 'cvar': {'raw': 0.006497911177575588, 'lambda': 0.0, 'weighted': 0.0}, 'turnover': {'raw': 0.025521373376250267, 'lambda': 0.0, 'weighted': 0.0}, 'volatility': {'raw': 0.0005247113294899464, 'lambda': 0.0, 'weighted': 0.0}, 'vol_excess': {'raw': 0.11363068222999573, 'lambda': 0.0, 'weighted': 0.0}, 'weight_path': {'raw': 0.0005281405756250024, 'lambda': 0.0, 'weighted': 0.0}, 'diversify': {'raw': 0.0, 'lambda': 0.0, 'weighted': 0.0}}","{'mean': {'raw': -0.012001045048236847, 'lambda': 0.0, 'weighted': 0.0}, 'log_growth': {'raw': -0.010807488113641739, 'lambda': 1.0, 'weighted': -0.010807488113641739}, 'cvar': {'raw': 0.0023392988368868828, 'lambda': 0.0, 'weighted': 0.0}, 'turnover': {'raw': 0.0008124697487801313, 'lambda': 0.0, 'weighted': 0.0}, 'volatility': {'raw': 0.002503660973161459, 'lambda': 0.0, 'weighted': 0.0}, 'vol_excess': {'raw': 0.5443063378334045, 'lambda': 0.0, 'weighted': 0.0}, 'weight_path': {'raw': 5.68223924801714e-07, 'lambda': 0.0, 'weighted': 0.0}, 'diversify': {'raw': 0.0, 'lambda': 0.0, 'weighted': 0.0}}",0.0003,295,547,cadence,1,cadence_accept,-0.00016523804515600204,-0.015058978302165873,252
1,0.001610150677151978,-0.010125393979251385,-0.0013487136457115412,-0.001610150677151978,-0.001610150677151978,-0.006513628643006086,0.022622957825660706,0.000519564317073673,0.11184278130531311,0.00039289501728489995,0.0,0.011321174912154675,0.010125393979251385,0.010125393979251385,-0.0030599446035921574,0.0008035462815314531,0.002524040872231126,0.5475326180458069,5.605742785519396e-07,0.0,0.0032272960525006056,0.0032272960525006056,0.0032272960525006056,0.0032272960525006056,0,0,0,"{'mean': {'raw': 0.0013487136457115412, 'lambda': 0.0, 'weighted': 0.0}, 'log_growth': {'raw': 0.001610150677151978, 'lambda': 1.0, 'weighted': 0.001610150677151978}, 'cvar': {'raw': 0.006513628643006086, 'lambda': 0.0, 'weighted': 0.0}, 'turnover': {'raw': 0.022622957825660706, 'lambda': 0.0, 'weighted': 0.0}, 'volatility': {'raw': 0.000519564317073673, 'lambda': 0.0, 'weighted': 0.0}, 'vol_excess': {'raw': 0.11184278130531311, 'lambda': 0.0, 'weighted': 0.0}, 'weight_path': {'raw': 0.00039289501728489995, 'lambda': 0.0, 'weighted': 0.0}, 'diversify': {'raw': 0.0, 'lambda': 0.0, 'weighted': 0.0}}","{'mean': {'raw': -0.011321174912154675, 'lambda': 0.0, 'weighted': 0.0}, 'log_growth': {'raw': -0.010125393979251385, 'lambda': 1.0, 'weighted': -0.010125393979251385}, 'cvar': {'raw': 0.0030599446035921574, 'lambda': 0.0, 'weighted': 0.0}, 'turnover': {'raw': 0.0008035462815314531, 'lambda': 0.0, 'weighted': 0.0}, 'volatility': {'raw': 0.002524040872231126, 'lambda': 0.0, 'weighted': 0.0}, 'vol_excess': {'raw': 0.5475326180458069, 'lambda': 0.0, 'weighted': 0.0}, 'weight_path': {'raw': 5.605742785519396e-07, 'lambda': 0.0, 'weighted': 0.0}, 'diversify': {'raw': 0.0, 'lambda': 0.0, 'weighted': 0.0}}",0.0003,300,552,cadence,1,cadence_accept,-0.0001587904989719391,-0.015682402016321026,252
2,0.0016134800389409065,-0.009966603480279446,-0.0013558726059272885,-0.0016134800389409065,-0.0016134800389409065,-0.0064465501345694065,0.02036050707101822,0.0005118783446960151,0.10915639996528625,0.0003504125343170017,0.0,0.011128311976790428,0.009966603480279446,0.009966603480279446,-0.0029484820552170277,0.0007355606649070978,0.002447983715683222,0.5354247093200684,4.6883616278137197e-07,0.0,0.003114511491730809,0.003114511491730809,0.003114511491730809,0.003114511491730809,0,0,0,"{'mean': {'raw': 0.0013558726059272885, 'lambda': 0.0, 'weighted': 0.0}, 'log_growth': {'raw': 0.0016134800389409065, 'lambda': 1.0, 'weighted': 0.0016134800389409065}, 'cvar': {'raw': 0.0064465501345694065, 'lambda': 0.0, 'weighted': 0.0}, 'turnover': {'raw': 0.02036050707101822, 'lambda': 0.0, 'weighted': 0.0}, 'volatility': {'raw': 0.0005118783446960151, 'lambda': 0.0, 'weighted': 0.0}, 'vol_excess': {'raw': 0.10915639996528625, 'lambda': 0.0, 'weighted': 0.0}, 'weight_path': {'raw': 0.0003504125343170017, 'lambda': 0.0, 'weighted': 0.0}, 'diversify': {'raw': 0.0, 'lambda': 0.0, 'weighted': 0.0}}","{'mean': {'raw': -0.011128311976790428, 'lambda': 0.0, 'weighted': 0.0}, 'log_growth': {'raw': -0.009966603480279446, 'lambda': 1.0, 'weighted': -0.009966603480279446}, 'cvar': {'raw': 0.0029484820552170277, 'lambda': 0.0, 'weighted': 0.0}, 'turnover': {'raw': 0.0007355606649070978, 'lambda': 0.0, 'weighted': 0.0}, 'volatility': {'raw': 0.002447983715683222, 'lambda': 0.0, 'weighted': 0.0}, 'vol_excess': {'raw': 0.5354247093200684, 'lambda': 0.0, 'weighted': 0.0}, 'weight_path': {'raw': 4.6883616278137197e-07, 'lambda': 0.0, 'weighted': 0.0}, 'diversify': {'raw': 0.0, 'lambda': 0.0, 'weighted': 0.0}}",0.0003,300,552,cadence,1,cadence_accept,-0.0001587904989719391,-0.015682402016321026,252
1,0.0009072991088032722,-0.00790384504944086,-0.0006459493306465447,-0.0009072991088032722,-0.0009072991088032722,-0.005860368255525827,0.02127656526863575,0.0005210347007960081,0.11235442757606506,0.0003592597786337137,0.0,0.009062276221811771,0.00790384504944086,0.00790384504944086,-0.004958365112543106,0.0007340365555137396,0.0024824573192745447,0.5409356951713562,4.667257940127456e-07,0.0,0.0022012246772646904,0.0022012246772646904,0.0022012246772646904,0.0022012246772646904,0,0,0,"{'mean': {'raw': 0.0006459493306465447, 'lambda': 0.0, 'weighted': 0.0}, 'log_growth': {'raw': 0.0009072991088032722, 'lambda': 1.0, 'weighted': 0.0009072991088032722}, 'cvar': {'raw': 0.005860368255525827, 'lambda': 0.0, 'weighted': 0.0}, 'turnover': {'raw': 0.02127656526863575, 'lambda': 0.0, 'weighted': 0.0}, 'volatility': {'raw': 0.0005210347007960081, 'lambda': 0.0, 'weighted': 0.0}, 'vol_excess': {'raw': 0.11235442757606506, 'lambda': 0.0, 'weighted': 0.0}, 'weight_path': {'raw': 0.0003592597786337137, 'lambda': 0.0, 'weighted': 0.0}, 'diversify': {'raw': 0.0, 'lambda': 0.0, 'weighted': 0.0}}","{'mean': {'raw': -0.009062276221811771, 'lambda': 0.0, 'weighted': 0.0}, 'log_growth': {'raw': -0.00790384504944086, 'lambda': 1.0, 'weighted': -0.00790384504944086}, 'cvar': {'raw': 0.004958365112543106, 'lambda': 0.0, 'weighted': 0.0}, 'turnover': {'raw': 0.0007340365555137396, 'lambda': 0.0, 'weighted': 0.0}, 'volatility': {'raw': 0.0024824573192745447, 'lambda': 0.0, 'weighted': 0.0}, 'vol_excess': {'raw': 0.5409356951713562, 'lambda': 0.0, 'weighted': 0.0}, 'weight_path': {'raw': 4.667257940127456e-07, 'lambda': 0.0, 'weighted': 0.0}, 'diversify': {'raw': 0.0, 'lambda': 0.0, 'weighted': 0.0}}",0.0003,305,557,cadence,1,cadence_accept,-0.0001414320431649685,-0.01789408095203988,252
2,0.0009138596942648292,-0.007762413006275892,-0.0006567470845766366,-0.0009138596942648292,-0.0009138596942648292,-0.005785032175481319,0.021009860560297966,0.0005125675234012306,0.10939812660217285,0.0003450360964052379,0.0,0.008889736607670784,0.007762413006275892,0.007762413006275892,-0.004853487480431795,0.0006691509624943137,0.002412310102954507,0.5296807885169983,3.8763752741033386e-07,0.0,0.0022215726785361767,0.0022215726785361767,0.0022215726785361767,0.0022215726785361767,0,0,0,"{'mean': {'raw': 0.0006567470845766366, 'lambda': 0.0, 'weighted': 0.0}, 'log_growth': {'raw': 0.0009138596942648292, 'lambda': 1.0, 'weighted': 0.0009138596942648292}, 'cvar': {'raw': 0.005785032175481319, 'lambda': 0.0, 'weighted': 0.0}, 'turnover': {'raw': 0.021009860560297966, 'lambda': 0.0, 'weighted': 0.0}, 'volatility': {'raw': 0.0005125675234012306, 'lambda': 0.0, 'weighted': 0.0}, 'vol_excess': {'raw': 0.10939812660217285, 'lambda': 0.0, 'weighted': 0.0}, 'weight_path': {'raw': 0.0003450360964052379, 'lambda': 0.0, 'weighted': 0.0}, 'diversify': {'raw': 0.0, 'lambda': 0.0, 'weighted': 0.0}}","{'mean': {'raw': -0.008889736607670784, 'lambda': 0.0, 'weighted': 0.0}, 'log_growth': {'raw': -0.007762413006275892, 'lambda': 1.0, 'weighted': -0.007762413006275892}, 'cvar': {'raw': 0.004853487480431795, 'lambda': 0.0, 'weighted': 0.0}, 'turnover': {'raw': 0.0006691509624943137, 'lambda': 0.0, 'weighted': 0.0}, 'volatility': {'raw': 0.002412310102954507, 'lambda': 0.0, 'weighted': 0.0}, 'vol_excess': {'raw': 0.5296807885169983, 'lambda': 0.0, 'weighted': 0.0}, 'weight_path': {'raw': 3.8763752741033386e-07, 'lambda': 0.0, 'weighted': 0.0}, 'diversify': {'raw': 0.0, 'lambda': 0.0, 'weighted': 0.0}}",0.0003,305,557,cadence,1,cadence_accept,-0.0001414320431649685,-0.01789408095203988,252
1,0.0006690163863822818,-0.007156271953135729,-0.0004031831631436944,-0.0006690163863822818,-0.0006690163863822818,-0.005674549378454685,0.020524732768535614,0.0005310604465194046,0.11582404375076294,0.00031704161665402353,0.0,0.008257338777184486,0.007156271953135729,0.007156271953135729,-0.005045756697654724,0.0006444066530093551,0.002368963323533535,0.52264404296875,3.7595623325614724e-07,0.0,0.0015655356692150235,0.0015655356692150235,0.0015655356692150235,0.0015655356692150235,0,0,0,"{'mean': {'raw': 0.0004031831631436944, 'lambda': 0.0, 'weighted': 0.0}, 'log_growth': {'raw': 0.0006690163863822818, 'lambda': 1.0, 'weighted': 0.0006690163863822818}, 'cvar': {'raw': 0.005674549378454685, 'lambda': 0.0, 'weighted': 0.0}, 'turnover': {'raw': 0.020524732768535614, 'lambda': 0.0, 'weighted': 0.0}, 'volatility': {'raw': 0.0005310604465194046, 'lambda': 0.0, 'weighted': 0.0}, 'vol_excess': {'raw': 0.11582404375076294, 'lambda': 0.0, 'weighted': 0.0}, 'weight_path': {'raw': 0.00031704161665402353, 'lambda': 0.0, 'weighted': 0.0}, 'diversify': {'raw': 0.0, 'lambda': 0.0, 'weighted': 0.0}}","{'mean': {'raw': -0.008257338777184486, 'lambda': 0.0, 'weighted': 0.0}, 'log_growth': {'raw': -0.007156271953135729, 'lambda': 1.0, 'weighted': -0.007156271953135729}, 'cvar': {'raw': 0.005045756697654724, 'lambda': 0.0, 'weighted': 0.0}, 'turnover': {'raw': 0.0006444066530093551, 'lambda': 0.0, 'weighted': 0.0}, 'volatility': {'raw': 0.002368963323533535, 'lambda': 0.0, 'weighted': 0.0}, 'vol_excess': {'raw': 0.52264404296875, 'lambda': 0.0, 'weighted': 0.0}, 'weight_path': {'raw': 3.7595623325614724e-07, 'lambda': 0.0, 'weighted': 0.0}, 'diversify': {'raw': 0.0, 'lambda': 0.0, 'weighted': 0.0}}",0.0003,310,562,cadence,1,cadence_accept,-0.000120572280138731,-0.016848476540784658,252
2,0.0006508101359941065,-0.007035699672996998,-0.0003857816627714783,-0.0006508101359941065,-0.0006508101359941065,-0.005641313269734383,0.024137992411851883,0.0005295073497109115,0.11528873443603516,0.0004902243963442743,0.0,0.00810976605862379,0.007035699672996998,0.007035699672996998,-0.004957136232405901,0.0005884122801944613,0.0023077037185430527,0.5125885605812073,3.129437686766323e-07,0.0,0.0015410881023854017,0.0015410881023854017,0.0015410881023854017,0.0015410881023854017,0,0,0,"{'mean': {'raw': 0.0003857816627714783, 'lambda': 0.0, 'weighted': 0.0}, 'log_growth': {'raw': 0.0006508101359941065, 'lambda': 1.0, 'weighted': 0.0006508101359941065}, 'cvar': {'raw': 0.005641313269734383, 'lambda': 0.0, 'weighted': 0.0}, 'turnover': {'raw': 0.024137992411851883, 'lambda': 0.0, 'weighted': 0.0}, 'volatility': {'raw': 0.0005295073497109115, 'lambda': 0.0, 'weighted': 0.0}, 'vol_excess': {'raw': 0.11528873443603516, 'lambda': 0.0, 'weighted': 0.0}, 'weight_path': {'raw': 0.0004902243963442743, 'lambda': 0.0, 'weighted': 0.0}, 'diversify': {'raw': 0.0, 'lambda': 0.0, 'weighted': 0.0}}","{'mean': {'raw': -0.00810976605862379, 'lambda': 0.0, 'weighted': 0.0}, 'log_growth': {'raw': -0.007035699672996998, 'lambda': 1.0, 'weighted': -0.007035699672996998}, 'cvar': {'raw': 0.004957136232405901, 'lambda': 0.0, 'weighted': 0.0}, 'turnover': {'raw': 0.0005884122801944613, 'lambda': 0.0, 'weighted': 0.0}, 'volatility': {'raw': 0.0023077037185430527, 'lambda': 0.0, 'weighted': 0.0}, 'vol_excess': {'raw': 0.5125885605812073, 'lambda': 0.0, 'weighted': 0.0}, 'weight_path': {'raw': 3.129437686766323e-07, 'lambda': 0.0, 'weighted': 0.0}, 'diversify': {'raw': 0.0, 'lambda': 0.0, 'weighted': 0.0}}",0.0003,310,562,cadence,1,cadence_accept,-0.000120572280138731,-0.016848476540784658,252
1,-0.0010071073193103075,-0.00019118338241241872,0.001439030864275992,0.0010071073193103075,0.0010071073193103075,-0.005458999425172806,0.022259607911109924,0.0009095870773307979,0.22876501083374023,0.0004376612778287381,0.0,0.0006116130971349776,0.00019118338241241872,0.00019118338241241872,-0.005848748609423637,0.0005518179968930781,0.0008835601038299501,0.22186562418937683,2.9857673666811024e-07,0.0,0.003999280743300915,0.003999280743300915,0.003999280743300915,0.003999280743300915,0,0,0,"{'mean': {'raw': -0.001439030864275992, 'lambda': 0.0, 'weighted': 0.0}, 'log_growth': {'raw': -0.0010071073193103075, 'lambda': 1.0, 'weighted': -0.0010071073193103075}, 'cvar': {'raw': 0.005458999425172806, 'lambda': 0.0, 'weighted': 0.0}, 'turnover': {'raw': 0.022259607911109924, 'lambda': 0.0, 'weighted': 0.0}, 'volatility': {'raw': 0.0009095870773307979, 'lambda': 0.0, 'weighted': 0.0}, 'vol_excess': {'raw': 0.22876501083374023, 'lambda': 0.0, 'weighted': 0.0}, 'weight_path': {'raw': 0.0004376612778287381, 'lambda': 0.0, 'weighted': 0.0}, 'diversify': {'raw': 0.0, 'lambda': 0.0, 'weighted': 0.0}}","{'mean': {'raw': -0.0006116130971349776, 'lambda': 0.0, 'weighted': 0.0}, 'log_growth': {'raw': -0.00019118338241241872, 'lambda': 1.0, 'weighted': -0.00019118338241241872}, 'cvar': {'raw': 0.005848748609423637, 'lambda': 0.0, 'weighted': 0.0}, 'turnover': {'raw': 0.0005518179968930781, 'lambda': 0.0, 'weighted': 0.0}, 'volatility': {'raw': 0.0008835601038299501, 'lambda': 0.0, 'weighted': 0.0}, 'vol_excess': {'raw': 0.22186562418937683, 'lambda': 0.0, 'weighted': 0.0}, 'weight_path': {'raw': 2.9857673666811024e-07, 'lambda': 0.0, 'weighted': 0.0}, 'diversify': {'raw': 0.0, 'lambda': 0.0, 'weighted': 0.0}}",0.0003,315,567,cadence,1,cadence_accept,-2.0977851818315685e-05,-0.10972633418178655,252
2,-0.0009815194644033909,-0.00017020553059410304,0.0014074610080569983,0.0009815194644033909,0.0009815194644033909,-0.005436357110738754,0.01998940110206604,0.0008954262593761086,0.22502359747886658,0.00033599312882870436,0.0,0.0005860343808308244,0.00017020553059410304,0.00017020553059410304,-0.005819786339998245,0.0005257361917756498,0.0008733936701901257,0.2191430628299713,2.711250317588565e-07,0.0,0.003779841586947441,0.003779841586947441,0.003779841586947441,0.003779841586947441,0,0,0,"{'mean': {'raw': -0.0014074610080569983, 'lambda': 0.0, 'weighted': 0.0}, 'log_growth': {'raw': -0.0009815194644033909, 'lambda': 1.0, 'weighted': -0.0009815194644033909}, 'cvar': {'raw': 0.005436357110738754, 'lambda': 0.0, 'weighted': 0.0}, 'turnover': {'raw': 0.01998940110206604, 'lambda': 0.0, 'weighted': 0.0}, 'volatility': {'raw': 0.0008954262593761086, 'lambda': 0.0, 'weighted': 0.0}, 'vol_excess': {'raw': 0.22502359747886658, 'lambda': 0.0, 'weighted': 0.0}, 'weight_path': {'raw': 0.00033599312882870436, 'lambda': 0.0, 'weighted': 0.0}, 'diversify': {'raw': 0.0, 'lambda': 0.0, 'weighted': 0.0}}","{'mean': {'raw': -0.0005860343808308244, 'lambda': 0.0, 'weighted': 0.0}, 'log_growth': {'raw': -0.00017020553059410304, 'lambda': 1.0, 'weighted': -0.00017020553059410304}, 'cvar': {'raw': 0.005819786339998245, 'lambda': 0.0, 'weighted': 0.0}, 'turnover': {'raw': 0.0005257361917756498, 'lambda': 0.0, 'weighted': 0.0}, 'volatility': {'raw': 0.0008733936701901257, 'lambda': 0.0, 'weighted': 0.0}, 'vol_excess': {'raw': 0.2191430628299713, 'lambda': 0.0, 'weighted': 0.0}, 'weight_path': {'raw': 2.711250317588565e-07, 'lambda': 0.0, 'weighted': 0.0}, 'diversify': {'raw': 0.0, 'lambda': 0.0, 'weighted': 0.0}}",0.0003,315,567,cadence,1,cadence_accept,-2.0977851818315685e-05,-0.10972633418178655,252
1,-0.0005465408903546631,-0.002367928856983781,0.0009759523090906441,0.0005465408903546631,0.0005465408903546631,-0.005986091215163469,0.021219538524746895,0.0009007977205328643,0.226446270942688,0.0003809405898209661,0.0,0.002768897684291005,0.002367928856983781,0.002367928856983781,-0.003331373445689678,0.0004820477915927768,0.0008387049310840666,0.20973214507102966,2.438570732010703e-07,0.0,0.002838482614606619,0.002838482614606619,0.002838482614606619,0.002838482614606619,0,0,0,"{'mean': {'raw': -0.0009759523090906441, 'lambda': 0.0, 'weighted': 0.0}, 'log_growth': {'raw': -0.0005465408903546631, 'lambda': 1.0, 'weighted': -0.0005465408903546631}, 'cvar': {'raw': 0.005986091215163469, 'lambda': 0.0, 'weighted': 0.0}, 'turnover': {'raw': 0.021219538524746895, 'lambda': 0.0, 'weighted': 0.0}, 'volatility': {'raw': 0.0009007977205328643, 'lambda': 0.0, 'weighted': 0.0}, 'vol_excess': {'raw': 0.226446270942688, 'lambda': 0.0, 'weighted': 0.0}, 'weight_path': {'raw': 0.0003809405898209661, 'lambda': 0.0, 'weighted': 0.0}, 'diversify': {'raw': 0.0, 'lambda': 0.0, 'weighted': 0.0}}","{'mean': {'raw': -0.002768897684291005, 'lambda': 0.0, 'weighted': 0.0}, 'log_growth': {'raw': -0.002367928856983781, 'lambda': 1.0, 'weighted': -0.002367928856983781}, 'cvar': {'raw': 0.003331373445689678, 'lambda': 0.0, 'weighted': 0.0}, 'turnover': {'raw': 0.0004820477915927768, 'lambda': 0.0, 'weighted': 0.0}, 'volatility': {'raw': 0.0008387049310840666, 'lambda': 0.0, 'weighted': 0.0}, 'vol_excess': {'raw': 0.20973214507102966, 'lambda': 0.0, 'weighted': 0.0}, 'weight_path': {'raw': 2.438570732010703e-07, 'lambda': 0.0, 'weighted': 0.0}, 'diversify': {'raw': 0.0, 'lambda': 0.0, 'weighted': 0.0}}",0.0003,320,572,cadence,1,cadence_accept,-2.016802318394184e-05,-0.008517157564063937,252
2,-0.0005573735688813031,-0.002347760833799839,0.0009950221283361316,0.0005573735688813031,0.0005573735688813031,-0.005982913076877594,0.02280459925532341,0.0009229828719981015,0.23227760195732117,0.0004684345331043005,0.0,0.002746241632848978,0.002347760833799839,0.002347760833799839,-0.0033273552544414997,0.00047019243356771767,0.0008332407451234758,0.2082321047782898,2.323579764151873e-07,0.0,0.0023457359056919813,0.0023457359056919813,0.0023457359056919813,0.0023457359056919813,0,0,0,"{'mean': {'raw': -0.0009950221283361316, 'lambda': 0.0, 'weighted': 0.0}, 'log_growth': {'raw': -0.0005573735688813031, 'lambda': 1.0, 'weighted': -0.0005573735688813031}, 'cvar': {'raw': 0.005982913076877594, 'lambda': 0.0, 'weighted': 0.0}, 'turnover': {'raw': 0.02280459925532341, 'lambda': 0.0, 'weighted': 0.0}, 'volatility': {'raw': 0.0009229828719981015, 'lambda': 0.0, 'weighted': 0.0}, 'vol_excess': {'raw': 0.23227760195732117, 'lambda': 0.0, 'weighted': 0.0}, 'weight_path': {'raw': 0.0004684345331043005, 'lambda': 0.0, 'weighted': 0.0}, 'diversify': {'raw': 0.0, 'lambda': 0.0, 'weighted': 0.0}}","{'mean': {'raw': -0.002746241632848978, 'lambda': 0.0, 'weighted': 0.0}, 'log_growth': {'raw': -0.002347760833799839, 'lambda': 1.0, 'weighted': -0.002347760833799839}, 'cvar': {'raw': 0.0033273552544414997, 'lambda': 0.0, 'weighted': 0.0}, 'turnover': {'raw': 0.00047019243356771767, 'lambda': 0.0, 'weighted': 0.0}, 'volatility': {'raw': 0.0008332407451234758, 'lambda': 0.0, 'weighted': 0.0}, 'vol_excess': {'raw': 0.2082321047782898, 'lambda': 0.0, 'weighted': 0.0}, 'weight_path': {'raw': 2.323579764151873e-07, 'lambda': 0.0, 'weighted': 0.0}, 'diversify': {'raw': 0.0, 'lambda': 0.0, 'weighted': 0.0}}",0.0003,320,572,cadence,1,cadence_accept,-2.016802318394184e-05,-0.008517157564063937,252
1,-0.0008833780302666128,-0.0020578268449753523,0.0013274461962282658,0.0008833780302666128,0.0008833780302666128,-0.005800838116556406,0.024436404928565025,0.0009344549616798759,0.2352655529975891,0.0004937752964906394,0.0,0.002437734976410866,0.0020578268449753523,0.0020578268449753523,-0.0032821125350892544,0.0004740554140880704,0.0007973960600793362,0.19826754927635193,2.352742853872769e-07,0.0,0.003335587214678526,0.003335587214678526,0.003335587214678526,0.003335587214678526,0,0,0,"{'mean': {'raw': -0.0013274461962282658, 'lambda': 0.0, 'weighted': 0.0}, 'log_growth': {'raw': -0.0008833780302666128, 'lambda': 1.0, 'weighted': -0.0008833780302666128}, 'cvar': {'raw': 0.005800838116556406, 'lambda': 0.0, 'weighted': 0.0}, 'turnover': {'raw': 0.024436404928565025, 'lambda': 0.0, 'weighted': 0.0}, 'volatility': {'raw': 0.0009344549616798759, 'lambda': 0.0, 'weighted': 0.0}, 'vol_excess': {'raw': 0.2352655529975891, 'lambda': 0.0, 'weighted': 0.0}, 'weight_path': {'raw': 0.0004937752964906394, 'lambda': 0.0, 'weighted': 0.0}, 'diversify': {'raw': 0.0, 'lambda': 0.0, 'weighted': 0.0}}","{'mean': {'raw': -0.002437734976410866, 'lambda': 0.0, 'weighted': 0.0}, 'log_growth': {'raw': -0.0020578268449753523, 'lambda': 1.0, 'weighted': -0.0020578268449753523}, 'cvar': {'raw': 0.0032821125350892544, 'lambda': 0.0, 'weighted': 0.0}, 'turnover': {'raw': 0.0004740554140880704, 'lambda': 0.0, 'weighted': 0.0}, 'volatility': {'raw': 0.0007973960600793362, 'lambda': 0.0, 'weighted': 0.0}, 'vol_excess': {'raw': 0.19826754927635193, 'lambda': 0.0, 'weighted': 0.0}, 'weight_path': {'raw': 2.352742853872769e-07, 'lambda': 0.0, 'weighted': 0.0}, 'diversify': {'raw': 0.0, 'lambda': 0.0, 'weighted': 0.0}}",0.0003,325,577,cadence,1,cadence_accept,-2.57883220911026e-06,-0.0012531823142233165,252
2,-0.0008252011029981077,-0.002055248012766242,0.0012565930373966694,0.0008252011029981077,0.0008252011029981077,-0.005773488432168961,0.0255825687199831,0.0009039088035933673,0.2272682785987854,0.000503731716889888,0.0,0.0024348010774701834,0.002055248012766242,0.002055248012766242,-0.0032814564183354378,0.00047713815001770854,0.000796605774667114,0.19804537296295166,2.3847351826589147e-07,0.0,0.0033699439372867346,0.0033699439372867346,0.0033699439372867346,0.0033699439372867346,0,0,0,"{'mean': {'raw': -0.0012565930373966694, 'lambda': 0.0, 'weighted': 0.0}, 'log_growth': {'raw': -0.0008252011029981077, 'lambda': 1.0, 'weighted': -0.0008252011029981077}, 'cvar': {'raw': 0.005773488432168961, 'lambda': 0.0, 'weighted': 0.0}, 'turnover': {'raw': 0.0255825687199831, 'lambda': 0.0, 'weighted': 0.0}, 'volatility': {'raw': 0.0009039088035933673, 'lambda': 0.0, 'weighted': 0.0}, 'vol_excess': {'raw': 0.2272682785987854, 'lambda': 0.0, 'weighted': 0.0}, 'weight_path': {'raw': 0.000503731716889888, 'lambda': 0.0, 'weighted': 0.0}, 'diversify': {'raw': 0.0, 'lambda': 0.0, 'weighted': 0.0}}","{'mean': {'raw': -0.0024348010774701834, 'lambda': 0.0, 'weighted': 0.0}, 'log_growth': {'raw': -0.002055248012766242, 'lambda': 1.0, 'weighted': -0.002055248012766242}, 'cvar': {'raw': 0.0032814564183354378, 'lambda': 0.0, 'weighted': 0.0}, 'turnover': {'raw': 0.00047713815001770854, 'lambda': 0.0, 'weighted': 0.0}, 'volatility': {'raw': 0.000796605774667114, 'lambda': 0.0, 'weighted': 0.0}, 'vol_excess': {'raw': 0.19804537296295166, 'lambda': 0.0, 'weighted': 0.0}, 'weight_path': {'raw': 2.3847351826589147e-07, 'lambda': 0.0, 'weighted': 0.0}, 'diversify': {'raw': 0.0, 'lambda': 0.0, 'weighted': 0.0}}",0.0003,325,577,cadence,1,cadence_accept,-2.57883220911026e-06,-0.0012531823142233165,252
1,-0.0007051782449707389,-0.0016038009198382497,0.001137627405114472,0.0007051782449707389,0.0007051782449707389,-0.005908497609198093,0.023890094831585884,0.000906025234144181,0.22782668471336365,0.0005099730333313346,0.0,0.0019840095192193985,0.0016038009198382497,0.0016038009198382497,-0.003725381102412939,0.0004211986088193953,0.0007999956724233925,0.19899767637252808,1.6428292326509109e-07,0.0,0.003382877679541707,0.003382877679541707,0.003382877679541707,0.003382877679541707,0,0,0,"{'mean': {'raw': -0.001137627405114472, 'lambda': 0.0, 'weighted': 0.0}, 'log_growth': {'raw': -0.0007051782449707389, 'lambda': 1.0, 'weighted': -0.0007051782449707389}, 'cvar': {'raw': 0.005908497609198093, 'lambda': 0.0, 'weighted': 0.0}, 'turnover': {'raw': 0.023890094831585884, 'lambda': 0.0, 'weighted': 0.0}, 'volatility': {'raw': 0.000906025234144181, 'lambda': 0.0, 'weighted': 0.0}, 'vol_excess': {'raw': 0.22782668471336365, 'lambda': 0.0, 'weighted': 0.0}, 'weight_path': {'raw': 0.0005099730333313346, 'lambda': 0.0, 'weighted': 0.0}, 'diversify': {'raw': 0.0, 'lambda': 0.0, 'weighted': 0.0}}","{'mean': {'raw': -0.0019840095192193985, 'lambda': 0.0, 'weighted': 0.0}, 'log_growth': {'raw': -0.0016038009198382497, 'lambda': 1.0, 'weighted': -0.0016038009198382497}, 'cvar': {'raw': 0.003725381102412939, 'lambda': 0.0, 'weighted': 0.0}, 'turnover': {'raw': 0.0004211986088193953, 'lambda': 0.0, 'weighted': 0.0}, 'volatility': {'raw': 0.0007999956724233925, 'lambda': 0.0, 'weighted': 0.0}, 'vol_excess': {'raw': 0.19899767637252808, 'lambda': 0.0, 'weighted': 0.0}, 'weight_path': {'raw': 1.6428292326509109e-07, 'lambda': 0.0, 'weighted': 0.0}, 'diversify': {'raw': 0.0, 'lambda': 0.0, 'weighted': 0.0}}",0.0003,330,582,cadence,1,cadence_accept,7.4553536251187325e-06,0.004648553026906909,252
2,-0.0007499003550037742,-0.0016112562734633684,0.0011935143265873194,0.0007499003550037742,0.0007499003550037742,-0.0059273019433021545,0.02380223572254181,0.0009331403416581452,0.2349241077899933,0.00046513136476278305,0.0,0.001992538571357727,0.0016112562734633684,0.0016112562734633684,-0.0037275778595358133,0.00043321907287463546,0.0008023946429602802,0.19967037439346313,1.735550370085548e-07,0.0,0.0030076440889388323,0.0030076440889388323,0.0030076440889388323,0.0030076440889388323,0,0,0,"{'mean': {'raw': -0.0011935143265873194, 'lambda': 0.0, 'weighted': 0.0}, 'log_growth': {'raw': -0.0007499003550037742, 'lambda': 1.0, 'weighted': -0.0007499003550037742}, 'cvar': {'raw': 0.0059273019433021545, 'lambda': 0.0, 'weighted': 0.0}, 'turnover': {'raw': 0.02380223572254181, 'lambda': 0.0, 'weighted': 0.0}, 'volatility': {'raw': 0.0009331403416581452, 'lambda': 0.0, 'weighted': 0.0}, 'vol_excess': {'raw': 0.2349241077899933, 'lambda': 0.0, 'weighted': 0.0}, 'weight_path': {'raw': 0.00046513136476278305, 'lambda': 0.0, 'weighted': 0.0}, 'diversify': {'raw': 0.0, 'lambda': 0.0, 'weighted': 0.0}}","{'mean': {'raw': -0.001992538571357727, 'lambda': 0.0, 'weighted': 0.0}, 'log_growth': {'raw': -0.0016112562734633684, 'lambda': 1.0, 'weighted': -0.0016112562734633684}, 'cvar': {'raw': 0.0037275778595358133, 'lambda': 0.0, 'weighted': 0.0}, 'turnover': {'raw': 0.00043321907287463546, 'lambda': 0.0, 'weighted': 0.0}, 'volatility': {'raw': 0.0008023946429602802, 'lambda': 0.0, 'weighted': 0.0}, 'vol_excess': {'raw': 0.19967037439346313, 'lambda': 0.0, 'weighted': 0.0}, 'weight_path': {'raw': 1.735550370085548e-07, 'lambda': 0.0, 'weighted': 0.0}, 'diversify': {'raw': 0.0, 'lambda': 0.0, 'weighted': 0.0}}",0.0003,330,582,cadence,1,cadence_accept,7.4553536251187325e-06,0.004648553026906909,252
1,-0.00032915128394961357,-0.003836673451587558,0.0007716322434134781,0.00032915128394961357,0.00032915128394961357,-0.006395755801349878,0.024033213034272194,0.0009289177833124995,0.23382568359375,0.0004987745778635144,0.0,0.004218768328428268,0.003836673451587558,0.003836673451587558,-0.0014192919479683042,0.00042147637577727437,0.0007928675622679293,0.1969928741455078,1.4499623546271323e-07,0.0,0.003314926056191325,0.003314926056191325,0.003314926056191325,0.003314926056191325,0,0,0,"{'mean': {'raw': -0.0007716322434134781, 'lambda': 0.0, 'weighted': 0.0}, 'log_growth': {'raw': -0.00032915128394961357, 'lambda': 1.0, 'weighted': -0.00032915128394961357}, 'cvar': {'raw': 0.006395755801349878, 'lambda': 0.0, 'weighted': 0.0}, 'turnover': {'raw': 0.024033213034272194, 'lambda': 0.0, 'weighted': 0.0}, 'volatility': {'raw': 0.0009289177833124995, 'lambda': 0.0, 'weighted': 0.0}, 'vol_excess': {'raw': 0.23382568359375, 'lambda': 0.0, 'weighted': 0.0}, 'weight_path': {'raw': 0.0004987745778635144, 'lambda': 0.0, 'weighted': 0.0}, 'diversify': {'raw': 0.0, 'lambda': 0.0, 'weighted': 0.0}}","{'mean': {'raw': -0.004218768328428268, 'lambda': 0.0, 'weighted': 0.0}, 'log_growth': {'raw': -0.003836673451587558, 'lambda': 1.0, 'weighted': -0.003836673451587558}, 'cvar': {'raw': 0.0014192919479683042, 'lambda': 0.0, 'weighted': 0.0}, 'turnover': {'raw': 0.00042147637577727437, 'lambda': 0.0, 'weighted': 0.0}, 'volatility': {'raw': 0.0007928675622679293, 'lambda': 0.0, 'weighted': 0.0}, 'vol_excess': {'raw': 0.1969928741455078, 'lambda': 0.0, 'weighted': 0.0}, 'weight_path': {'raw': 1.4499623546271323e-07, 'lambda': 0.0, 'weighted': 0.0}, 'diversify': {'raw': 0.0, 'lambda': 0.0, 'weighted': 0.0}}",0.0003,335,587,cadence,1,cadence_accept,1.411139965057373e-05,0.0036780298935935284,252
2,-0.00036365012056194246,-0.0038507848512381315,0.0008111618808470666,0.00036365012056194246,0.00036365012056194246,-0.00639304518699646,0.02353564277291298,0.0009406725876033306,0.23687729239463806,0.00046444119652733207,0.0,0.004234822001308203,0.0038507848512381315,0.0038507848512381315,-0.0014214350376278162,0.0004394960415083915,0.0007971649756655097,0.19820258021354675,1.5751390947116306e-07,0.0,0.0026550169568508863,0.0026550169568508863,0.0026550169568508863,0.0026550169568508863,0,0,0,"{'mean': {'raw': -0.0008111618808470666, 'lambda': 0.0, 'weighted': 0.0}, 'log_growth': {'raw': -0.00036365012056194246, 'lambda': 1.0, 'weighted': -0.00036365012056194246}, 'cvar': {'raw': 0.00639304518699646, 'lambda': 0.0, 'weighted': 0.0}, 'turnover': {'raw': 0.02353564277291298, 'lambda': 0.0, 'weighted': 0.0}, 'volatility': {'raw': 0.0009406725876033306, 'lambda': 0.0, 'weighted': 0.0}, 'vol_excess': {'raw': 0.23687729239463806, 'lambda': 0.0, 'weighted': 0.0}, 'weight_path': {'raw': 0.00046444119652733207, 'lambda': 0.0, 'weighted': 0.0}, 'diversify': {'raw': 0.0, 'lambda': 0.0, 'weighted': 0.0}}","{'mean': {'raw': -0.004234822001308203, 'lambda': 0.0, 'weighted': 0.0}, 'log_growth': {'raw': -0.0038507848512381315, 'lambda': 1.0, 'weighted': -0.0038507848512381315}, 'cvar': {'raw': 0.0014214350376278162, 'lambda': 0.0, 'weighted': 0.0}, 'turnover': {'raw': 0.0004394960415083915, 'lambda': 0.0, 'weighted': 0.0}, 'volatility': {'raw': 0.0007971649756655097, 'lambda': 0.0, 'weighted': 0.0}, 'vol_excess': {'raw': 0.19820258021354675, 'lambda': 0.0, 'weighted': 0.0}, 'weight_path': {'raw': 1.5751390947116306e-07, 'lambda': 0.0, 'weighted': 0.0}, 'diversify': {'raw': 0.0, 'lambda': 0.0, 'weighted': 0.0}}",0.0003,335,587,cadence,1,cadence_accept,1.411139965057373e-05,0.0036780298935935284,252
1,-0.0004892353899776936,-0.0031030464451760054,0.0009406609460711479,0.0004892353899776936,0.0004892353899776936,-0.006322380620986223,0.022136054933071136,0.0009490150259807706,0.23903146386146545,0.0003903234610334039,0.0,0.0034747691825032234,0.0031030464451760054,0.0031030464451760054,-0.001929884310811758,0.00043457330320961773,0.0007786033675074577,0.19295379519462585,1.6404118241553078e-07,0.0,0.0034770614001899958,0.0034770614001899958,0.0034770614001899958,0.0034770614001899958,0,0,0,"{'mean': {'raw': -0.0009406609460711479, 'lambda': 0.0, 'weighted': 0.0}, 'log_growth': {'raw': -0.0004892353899776936, 'lambda': 1.0, 'weighted': -0.0004892353899776936}, 'cvar': {'raw': 0.006322380620986223, 'lambda': 0.0, 'weighted': 0.0}, 'turnover': {'raw': 0.022136054933071136, 'lambda': 0.0, 'weighted': 0.0}, 'volatility': {'raw': 0.0009490150259807706, 'lambda': 0.0, 'weighted': 0.0}, 'vol_excess': {'raw': 0.23903146386146545, 'lambda': 0.0, 'weighted': 0.0}, 'weight_path': {'raw': 0.0003903234610334039, 'lambda': 0.0, 'weighted': 0.0}, 'diversify': {'raw': 0.0, 'lambda': 0.0, 'weighted': 0.0}}","{'mean': {'raw': -0.0034747691825032234, 'lambda': 0.0, 'weighted': 0.0}, 'log_growth': {'raw': -0.0031030464451760054, 'lambda': 1.0, 'weighted': -0.0031030464451760054}, 'cvar': {'raw': 0.001929884310811758, 'lambda': 0.0, 'weighted': 0.0}, 'turnover': {'raw': 0.00043457330320961773, 'lambda': 0.0, 'weighted': 0.0}, 'volatility': {'raw': 0.0007786033675074577, 'lambda': 0.0, 'weighted': 0.0}, 'vol_excess': {'raw': 0.19295379519462585, 'lambda': 0.0, 'weighted': 0.0}, 'weight_path': {'raw': 1.6404118241553078e-07, 'lambda': 0.0, 'weighted': 0.0}, 'diversify': {'raw': 0.0, 'lambda': 0.0, 'weighted': 0.0}}",0.0003,340,592,cadence,1,cadence_accept,1.8438324332237244e-05,0.005942007202296133,252
2,-0.0004139588272664696,-0.0031214847695082426,0.000857770734000951,0.0004139588272664696,0.0004139588272664696,-0.006397750228643417,0.025698676705360413,0.0009289242443628609,0.2338273525238037,0.0004992515314370394,0.0,0.0034958338364958763,0.0031214847695082426,0.0031214847695082426,-0.0019326136680319905,0.00045661331387236714,0.000784479605499655,0.19462215900421143,1.8115015620878694e-07,0.0,0.00286111980676651,0.00286111980676651,0.00286111980676651,0.00286111980676651,0,0,0,"{'mean': {'raw': -0.000857770734000951, 'lambda': 0.0, 'weighted': 0.0}, 'log_growth': {'raw': -0.0004139588272664696, 'lambda': 1.0, 'weighted': -0.0004139588272664696}, 'cvar': {'raw': 0.006397750228643417, 'lambda': 0.0, 'weighted': 0.0}, 'turnover': {'raw': 0.025698676705360413, 'lambda': 0.0, 'weighted': 0.0}, 'volatility': {'raw': 0.0009289242443628609, 'lambda': 0.0, 'weighted': 0.0}, 'vol_excess': {'raw': 0.2338273525238037, 'lambda': 0.0, 'weighted': 0.0}, 'weight_path': {'raw': 0.0004992515314370394, 'lambda': 0.0, 'weighted': 0.0}, 'diversify': {'raw': 0.0, 'lambda': 0.0, 'weighted': 0.0}}","{'mean': {'raw': -0.0034958338364958763, 'lambda': 0.0, 'weighted': 0.0}, 'log_growth': {'raw': -0.0031214847695082426, 'lambda': 1.0, 'weighted': -0.0031214847695082426}, 'cvar': {'raw': 0.0019326136680319905, 'lambda': 0.0, 'weighted': 0.0}, 'turnover': {'raw': 0.00045661331387236714, 'lambda': 0.0, 'weighted': 0.0}, 'volatility': {'raw': 0.000784479605499655, 'lambda': 0.0, 'weighted': 0.0}, 'vol_excess': {'raw': 0.19462215900421143, 'lambda': 0.0, 'weighted': 0.0}, 'weight_path': {'raw': 1.8115015620878694e-07, 'lambda': 0.0, 'weighted': 0.0}, 'diversify': {'raw': 0.0, 'lambda': 0.0, 'weighted': 0.0}}",0.0003,340,592,cadence,1,cadence_accept,1.8438324332237244e-05,0.005942007202296133,252
1,-0.0010986786801367998,-0.0013667023740708828,0.0016127440612763166,0.0010986786801367998,0.0010986786801367998,-0.0063954973593354225,0.02312948741018772,0.0010857766028493643,0.2730828523635864,0.0004032852011732757,0.0,0.0015113204717636108,0.0013667023740708828,0.0013667023740708828,-0.0012640270870178938,0.0005270135588943958,0.00028919093892909586,0.019955754280090332,2.334703879114386e-07,0.0,0.005601509939879179,0.005601509939879179,0.005601509939879179,0.005601509939879179,0,0,0,"{'mean': {'raw': -0.0016127440612763166, 'lambda': 0.0, 'weighted': 0.0}, 'log_growth': {'raw': -0.0010986786801367998, 'lambda': 1.0, 'weighted': -0.0010986786801367998}, 'cvar': {'raw': 0.0063954973593354225, 'lambda': 0.0, 'weighted': 0.0}, 'turnover': {'raw': 0.02312948741018772, 'lambda': 0.0, 'weighted': 0.0}, 'volatility': {'raw': 0.0010857766028493643, 'lambda': 0.0, 'weighted': 0.0}, 'vol_excess': {'raw': 0.2730828523635864, 'lambda': 0.0, 'weighted': 0.0}, 'weight_path': {'raw': 0.0004032852011732757, 'lambda': 0.0, 'weighted': 0.0}, 'diversify': {'raw': 0.0, 'lambda': 0.0, 'weighted': 0.0}}","{'mean': {'raw': -0.0015113204717636108, 'lambda': 0.0, 'weighted': 0.0}, 'log_growth': {'raw': -0.0013667023740708828, 'lambda': 1.0, 'weighted': -0.0013667023740708828}, 'cvar': {'raw': 0.0012640270870178938, 'lambda': 0.0, 'weighted': 0.0}, 'turnover': {'raw': 0.0005270135588943958, 'lambda': 0.0, 'weighted': 0.0}, 'volatility': {'raw': 0.00028919093892909586, 'lambda': 0.0, 'weighted': 0.0}, 'vol_excess': {'raw': 0.019955754280090332, 'lambda': 0.0, 'weighted': 0.0}, 'weight_path': {'raw': 2.334703879114386e-07, 'lambda': 0.0, 'weighted': 0.0}, 'diversify': {'raw': 0.0, 'lambda': 0.0, 'weighted': 0.0}}",0.0003,344,596,cadence,1,cadence_accept,4.103756509721279e-06,0.003002670211580222,252
2,-0.0011268783127889037,-0.001370806130580604,0.0016459682956337929,0.0011268783127889037,0.0011268783127889037,-0.006444966420531273,0.02342057414352894,0.0010956936748698354,0.27546626329421997,0.000453965796623379,0.0,0.0015157967573031783,0.001370806130580604,0.001370806130580604,-0.0012672776356339455,0.0005620175506919622,0.00028991952422074974,0.02029559016227722,2.6443208867021895e-07,0.0,0.006121037062257528,0.006121037062257528,0.006121037062257528,0.006121037062257528,0,0,0,"{'mean': {'raw': -0.0016459682956337929, 'lambda': 0.0, 'weighted': 0.0}, 'log_growth': {'raw': -0.0011268783127889037, 'lambda': 1.0, 'weighted': -0.0011268783127889037}, 'cvar': {'raw': 0.006444966420531273, 'lambda': 0.0, 'weighted': 0.0}, 'turnover': {'raw': 0.02342057414352894, 'lambda': 0.0, 'weighted': 0.0}, 'volatility': {'raw': 0.0010956936748698354, 'lambda': 0.0, 'weighted': 0.0}, 'vol_excess': {'raw': 0.27546626329421997, 'lambda': 0.0, 'weighted': 0.0}, 'weight_path': {'raw': 0.000453965796623379, 'lambda': 0.0, 'weighted': 0.0}, 'diversify': {'raw': 0.0, 'lambda': 0.0, 'weighted': 0.0}}","{'mean': {'raw': -0.0015157967573031783, 'lambda': 0.0, 'weighted': 0.0}, 'log_growth': {'raw': -0.001370806130580604, 'lambda': 1.0, 'weighted': -0.001370806130580604}, 'cvar': {'raw': 0.0012672776356339455, 'lambda': 0.0, 'weighted': 0.0}, 'turnover': {'raw': 0.0005620175506919622, 'lambda': 0.0, 'weighted': 0.0}, 'volatility': {'raw': 0.00028991952422074974, 'lambda': 0.0, 'weighted': 0.0}, 'vol_excess': {'raw': 0.02029559016227722, 'lambda': 0.0, 'weighted': 0.0}, 'weight_path': {'raw': 2.6443208867021895e-07, 'lambda': 0.0, 'weighted': 0.0}, 'diversify': {'raw': 0.0, 'lambda': 0.0, 'weighted': 0.0}}",0.0003,344,596,cadence,1,cadence_accept,4.103756509721279e-06,0.003002670211580222,252
1,-0.0010148989968001842,-0.002719435142353177,0.001530911191366613,0.0010148989968001842,0.0010148989968001842,-0.006524428725242615,0.022562894970178604,0.0010886256350204349,0.27376866340637207,0.00038570258766412735,0.0,0.002872730605304241,0.002719435142353177,0.002719435142353177,-7.49614555388689e-05,0.000669340486638248,0.0003006532206200063,0.025253713130950928,3.6594749985852104e-07,0.0,0.005132767837494612,0.005132767837494612,0.005132767837494612,0.005132767837494612,0,0,0,"{'mean': {'raw': -0.001530911191366613, 'lambda': 0.0, 'weighted': 0.0}, 'log_growth': {'raw': -0.0010148989968001842, 'lambda': 1.0, 'weighted': -0.0010148989968001842}, 'cvar': {'raw': 0.006524428725242615, 'lambda': 0.0, 'weighted': 0.0}, 'turnover': {'raw': 0.022562894970178604, 'lambda': 0.0, 'weighted': 0.0}, 'volatility': {'raw': 0.0010886256350204349, 'lambda': 0.0, 'weighted': 0.0}, 'vol_excess': {'raw': 0.27376866340637207, 'lambda': 0.0, 'weighted': 0.0}, 'weight_path': {'raw': 0.00038570258766412735, 'lambda': 0.0, 'weighted': 0.0}, 'diversify': {'raw': 0.0, 'lambda': 0.0, 'weighted': 0.0}}","{'mean': {'raw': -0.002872730605304241, 'lambda': 0.0, 'weighted': 0.0}, 'log_growth': {'raw': -0.002719435142353177, 'lambda': 1.0, 'weighted': -0.002719435142353177}, 'cvar': {'raw': 7.49614555388689e-05, 'lambda': 0.0, 'weighted': 0.0}, 'turnover': {'raw': 0.000669340486638248, 'lambda': 0.0, 'weighted': 0.0}, 'volatility': {'raw': 0.0003006532206200063, 'lambda': 0.0, 'weighted': 0.0}, 'vol_excess': {'raw': 0.025253713130950928, 'lambda': 0.0, 'weighted': 0.0}, 'weight_path': {'raw': 3.6594749985852104e-07, 'lambda': 0.0, 'weighted': 0.0}, 'diversify': {'raw': 0.0, 'lambda': 0.0, 'weighted': 0.0}}",0.0003,349,601,cadence,1,cadence_accept,1.042359508574009e-05,0.0038330000666562548,252
2,-0.0010117889614775777,-0.002729858737438917,0.001536387950181961,0.0010117889614775777,0.0010117889614775777,-0.006629083305597305,0.026064807549118996,0.0011077687377110124,0.278353750705719,0.000525454233866185,0.0,0.0028836866840720177,0.002729858737438917,0.002729858737438917,-7.544027175754309e-05,0.0007153797196224332,0.0003016458067577332,0.025707721710205078,4.1705411035763973e-07,0.0,0.0049667563289403915,0.0049667563289403915,0.0049667563289403915,0.0049667563289403915,0,0,0,"{'mean': {'raw': -0.001536387950181961, 'lambda': 0.0, 'weighted': 0.0}, 'log_growth': {'raw': -0.0010117889614775777, 'lambda': 1.0, 'weighted': -0.0010117889614775777}, 'cvar': {'raw': 0.006629083305597305, 'lambda': 0.0, 'weighted': 0.0}, 'turnover': {'raw': 0.026064807549118996, 'lambda': 0.0, 'weighted': 0.0}, 'volatility': {'raw': 0.0011077687377110124, 'lambda': 0.0, 'weighted': 0.0}, 'vol_excess': {'raw': 0.278353750705719, 'lambda': 0.0, 'weighted': 0.0}, 'weight_path': {'raw': 0.000525454233866185, 'lambda': 0.0, 'weighted': 0.0}, 'diversify': {'raw': 0.0, 'lambda': 0.0, 'weighted': 0.0}}","{'mean': {'raw': -0.0028836866840720177, 'lambda': 0.0, 'weighted': 0.0}, 'log_growth': {'raw': -0.002729858737438917, 'lambda': 1.0, 'weighted': -0.002729858737438917}, 'cvar': {'raw': 7.544027175754309e-05, 'lambda': 0.0, 'weighted': 0.0}, 'turnover': {'raw': 0.0007153797196224332, 'lambda': 0.0, 'weighted': 0.0}, 'volatility': {'raw': 0.0003016458067577332, 'lambda': 0.0, 'weighted': 0.0}, 'vol_excess': {'raw': 0.025707721710205078, 'lambda': 0.0, 'weighted': 0.0}, 'weight_path': {'raw': 4.1705411035763973e-07, 'lambda': 0.0, 'weighted': 0.0}, 'diversify': {'raw': 0.0, 'lambda': 0.0, 'weighted': 0.0}}",0.0003,349,601,cadence,1,cadence_accept,1.042359508574009e-05,0.0038330000666562548,252
1,-0.000904181448277086,-0.0021418745163828135,0.001443813438527286,0.000904181448277086,0.000904181448277086,-0.0068474095314741135,0.02265036478638649,0.001143227331340313,0.2867432236671448,0.00040611086296848953,0.0,0.002284835558384657,0.0021418745163828135,0.0021418745163828135,-0.00045810334268026054,0.0008265745709650218,0.0002829802397172898,0.01704123616218567,5.685869268745591e-07,0.0,0.005921797826886177,0.005921797826886177,0.005921797826886177,0.005921797826886177,0,0,0,"{'mean': {'raw': -0.001443813438527286, 'lambda': 0.0, 'weighted': 0.0}, 'log_growth': {'raw': -0.000904181448277086, 'lambda': 1.0, 'weighted': -0.000904181448277086}, 'cvar': {'raw': 0.0068474095314741135, 'lambda': 0.0, 'weighted': 0.0}, 'turnover': {'raw': 0.02265036478638649, 'lambda': 0.0, 'weighted': 0.0}, 'volatility': {'raw': 0.001143227331340313, 'lambda': 0.0, 'weighted': 0.0}, 'vol_excess': {'raw': 0.2867432236671448, 'lambda': 0.0, 'weighted': 0.0}, 'weight_path': {'raw': 0.00040611086296848953, 'lambda': 0.0, 'weighted': 0.0}, 'diversify': {'raw': 0.0, 'lambda': 0.0, 'weighted': 0.0}}","{'mean': {'raw': -0.002284835558384657, 'lambda': 0.0, 'weighted': 0.0}, 'log_growth': {'raw': -0.0021418745163828135, 'lambda': 1.0, 'weighted': -0.0021418745163828135}, 'cvar': {'raw': 0.00045810334268026054, 'lambda': 0.0, 'weighted': 0.0}, 'turnover': {'raw': 0.0008265745709650218, 'lambda': 0.0, 'weighted': 0.0}, 'volatility': {'raw': 0.0002829802397172898, 'lambda': 0.0, 'weighted': 0.0}, 'vol_excess': {'raw': 0.01704123616218567, 'lambda': 0.0, 'weighted': 0.0}, 'weight_path': {'raw': 5.685869268745591e-07, 'lambda': 0.0, 'weighted': 0.0}, 'diversify': {'raw': 0.0, 'lambda': 0.0, 'weighted': 0.0}}",0.0003,354,606,cadence,1,cadence_accept,4.694098606705666e-06,0.0021915843195340176,252
2,-0.0009486874332651496,-0.002146568614989519,0.00150088791269809,0.0009486874332651496,0.0009486874332651496,-0.006932319141924381,0.023195892572402954,0.0011718784226104617,0.29342740774154663,0.0004105746338609606,0.0,0.002290068892762065,0.002146568614989519,0.002146568614989519,-0.00046459317672997713,0.0008811539155431092,0.0002840230299625546,0.017532795667648315,6.454358185692399e-07,0.0,0.005975205916911364,0.005975205916911364,0.005975205916911364,0.005975205916911364,0,0,0,"{'mean': {'raw': -0.00150088791269809, 'lambda': 0.0, 'weighted': 0.0}, 'log_growth': {'raw': -0.0009486874332651496, 'lambda': 1.0, 'weighted': -0.0009486874332651496}, 'cvar': {'raw': 0.006932319141924381, 'lambda': 0.0, 'weighted': 0.0}, 'turnover': {'raw': 0.023195892572402954, 'lambda': 0.0, 'weighted': 0.0}, 'volatility': {'raw': 0.0011718784226104617, 'lambda': 0.0, 'weighted': 0.0}, 'vol_excess': {'raw': 0.29342740774154663, 'lambda': 0.0, 'weighted': 0.0}, 'weight_path': {'raw': 0.0004105746338609606, 'lambda': 0.0, 'weighted': 0.0}, 'diversify': {'raw': 0.0, 'lambda': 0.0, 'weighted': 0.0}}","{'mean': {'raw': -0.002290068892762065, 'lambda': 0.0, 'weighted': 0.0}, 'log_growth': {'raw': -0.002146568614989519, 'lambda': 1.0, 'weighted': -0.002146568614989519}, 'cvar': {'raw': 0.00046459317672997713, 'lambda': 0.0, 'weighted': 0.0}, 'turnover': {'raw': 0.0008811539155431092, 'lambda': 0.0, 'weighted': 0.0}, 'volatility': {'raw': 0.0002840230299625546, 'lambda': 0.0, 'weighted': 0.0}, 'vol_excess': {'raw': 0.017532795667648315, 'lambda': 0.0, 'weighted': 0.0}, 'weight_path': {'raw': 6.454358185692399e-07, 'lambda': 0.0, 'weighted': 0.0}, 'diversify': {'raw': 0.0, 'lambda': 0.0, 'weighted': 0.0}}",0.0003,354,606,cadence,1,cadence_accept,4.694098606705666e-06,0.0021915843195340176,252
1,-0.001298540155403316,-0.0010370536474511027,0.0018623820506036282,0.001298540155403316,0.001298540155403316,-0.0067556616850197315,0.02215331234037876,0.0011965312296524644,0.29911375045776367,0.00039963715244084597,0.0,0.001176692545413971,0.0010370536474511027,0.0010370536474511027,-0.0015476170228794217,0.0010614960920065641,0.00027930334908887744,0.015300661325454712,8.94441029686277e-07,0.0,0.006768764462321997,0.006768764462321997,0.006768764462321997,0.006768764462321997,0,0,0,"{'mean': {'raw': -0.0018623820506036282, 'lambda': 0.0, 'weighted': 0.0}, 'log_growth': {'raw': -0.001298540155403316, 'lambda': 1.0, 'weighted': -0.001298540155403316}, 'cvar': {'raw': 0.0067556616850197315, 'lambda': 0.0, 'weighted': 0.0}, 'turnover': {'raw': 0.02215331234037876, 'lambda': 0.0, 'weighted': 0.0}, 'volatility': {'raw': 0.0011965312296524644, 'lambda': 0.0, 'weighted': 0.0}, 'vol_excess': {'raw': 0.29911375045776367, 'lambda': 0.0, 'weighted': 0.0}, 'weight_path': {'raw': 0.00039963715244084597, 'lambda': 0.0, 'weighted': 0.0}, 'diversify': {'raw': 0.0, 'lambda': 0.0, 'weighted': 0.0}}","{'mean': {'raw': -0.001176692545413971, 'lambda': 0.0, 'weighted': 0.0}, 'log_growth': {'raw': -0.0010370536474511027, 'lambda': 1.0, 'weighted': -0.0010370536474511027}, 'cvar': {'raw': 0.0015476170228794217, 'lambda': 0.0, 'weighted': 0.0}, 'turnover': {'raw': 0.0010614960920065641, 'lambda': 0.0, 'weighted': 0.0}, 'volatility': {'raw': 0.00027930334908887744, 'lambda': 0.0, 'weighted': 0.0}, 'vol_excess': {'raw': 0.015300661325454712, 'lambda': 0.0, 'weighted': 0.0}, 'weight_path': {'raw': 8.94441029686277e-07, 'lambda': 0.0, 'weighted': 0.0}, 'diversify': {'raw': 0.0, 'lambda': 0.0, 'weighted': 0.0}}",0.0003,359,611,cadence,1,cadence_accept,2.801883965730667e-06,0.0027017734038305894,252
2,-0.0012905779294669628,-0.0010398555314168334,0.0018648641416803002,0.0012905779294669628,0.0012905779294669628,-0.006868027150630951,0.022519728168845177,0.001220373553223908,0.3045576214790344,0.00043304639984853566,0.0,0.0011802276130765676,0.0010398555314168334,0.0010398555314168334,-0.0015598868485540152,0.0011264252243563533,0.00028074433794245124,0.015984177589416504,1.0070721145893913e-06,0.0,0.006336928345263004,0.006336928345263004,0.006336928345263004,0.006336928345263004,0,0,0,"{'mean': {'raw': -0.0018648641416803002, 'lambda': 0.0, 'weighted': 0.0}, 'log_growth': {'raw': -0.0012905779294669628, 'lambda': 1.0, 'weighted': -0.0012905779294669628}, 'cvar': {'raw': 0.006868027150630951, 'lambda': 0.0, 'weighted': 0.0}, 'turnover': {'raw': 0.022519728168845177, 'lambda': 0.0, 'weighted': 0.0}, 'volatility': {'raw': 0.001220373553223908, 'lambda': 0.0, 'weighted': 0.0}, 'vol_excess': {'raw': 0.3045576214790344, 'lambda': 0.0, 'weighted': 0.0}, 'weight_path': {'raw': 0.00043304639984853566, 'lambda': 0.0, 'weighted': 0.0}, 'diversify': {'raw': 0.0, 'lambda': 0.0, 'weighted': 0.0}}","{'mean': {'raw': -0.0011802276130765676, 'lambda': 0.0, 'weighted': 0.0}, 'log_growth': {'raw': -0.0010398555314168334, 'lambda': 1.0, 'weighted': -0.0010398555314168334}, 'cvar': {'raw': 0.0015598868485540152, 'lambda': 0.0, 'weighted': 0.0}, 'turnover': {'raw': 0.0011264252243563533, 'lambda': 0.0, 'weighted': 0.0}, 'volatility': {'raw': 0.00028074433794245124, 'lambda': 0.0, 'weighted': 0.0}, 'vol_excess': {'raw': 0.015984177589416504, 'lambda': 0.0, 'weighted': 0.0}, 'weight_path': {'raw': 1.0070721145893913e-06, 'lambda': 0.0, 'weighted': 0.0}, 'diversify': {'raw': 0.0, 'lambda': 0.0, 'weighted': 0.0}}",0.0003,359,611,cadence,1,cadence_accept,2.801883965730667e-06,0.0027017734038305894,252
1,-0.0011423720279708505,-0.0020586750470101833,0.00173096579965204,0.0011423720279708505,0.0011423720279708505,-0.007153124548494816,0.02357124537229538,0.0012528065126389265,0.3118783235549927,0.0004427097737789154,0.0,0.0022035217843949795,0.0020586750470101833,0.0020586750470101833,-0.0006219733622856438,0.0012650495627894998,0.00028642924735322595,0.018663674592971802,1.265324499399867e-06,0.0,0.006336453836411238,0.006336453836411238,0.006336453836411238,0.006336453836411238,0,0,0,"{'mean': {'raw': -0.00173096579965204, 'lambda': 0.0, 'weighted': 0.0}, 'log_growth': {'raw': -0.0011423720279708505, 'lambda': 1.0, 'weighted': -0.0011423720279708505}, 'cvar': {'raw': 0.007153124548494816, 'lambda': 0.0, 'weighted': 0.0}, 'turnover': {'raw': 0.02357124537229538, 'lambda': 0.0, 'weighted': 0.0}, 'volatility': {'raw': 0.0012528065126389265, 'lambda': 0.0, 'weighted': 0.0}, 'vol_excess': {'raw': 0.3118783235549927, 'lambda': 0.0, 'weighted': 0.0}, 'weight_path': {'raw': 0.0004427097737789154, 'lambda': 0.0, 'weighted': 0.0}, 'diversify': {'raw': 0.0, 'lambda': 0.0, 'weighted': 0.0}}","{'mean': {'raw': -0.0022035217843949795, 'lambda': 0.0, 'weighted': 0.0}, 'log_growth': {'raw': -0.0020586750470101833, 'lambda': 1.0, 'weighted': -0.0020586750470101833}, 'cvar': {'raw': 0.0006219733622856438, 'lambda': 0.0, 'weighted': 0.0}, 'turnover': {'raw': 0.0012650495627894998, 'lambda': 0.0, 'weighted': 0.0}, 'volatility': {'raw': 0.00028642924735322595, 'lambda': 0.0, 'weighted': 0.0}, 'vol_excess': {'raw': 0.018663674592971802, 'lambda': 0.0, 'weighted': 0.0}, 'weight_path': {'raw': 1.265324499399867e-06, 'lambda': 0.0, 'weighted': 0.0}, 'diversify': {'raw': 0.0, 'lambda': 0.0, 'weighted': 0.0}}",0.0003,364,616,cadence,1,cadence_accept,1.4679739251732826e-05,0.007130673325992637,252
2,-0.001145301852375269,-0.002073354786261916,0.0017454767366871238,0.001145301852375269,0.001145301852375269,-0.00726323202252388,0.027303459122776985,0.0012801920529454947,0.31798624992370605,0.0005774439196102321,0.0,0.0022193342447280884,0.002073354786261916,0.002073354786261916,-0.000629804446361959,0.0013330047950148582,0.00028861488681286573,0.019686788320541382,1.4070494671614142e-06,0.0,0.0060360305942595005,0.0060360305942595005,0.0060360305942595005,0.0060360305942595005,0,0,0,"{'mean': {'raw': -0.0017454767366871238, 'lambda': 0.0, 'weighted': 0.0}, 'log_growth': {'raw': -0.001145301852375269, 'lambda': 1.0, 'weighted': -0.001145301852375269}, 'cvar': {'raw': 0.00726323202252388, 'lambda': 0.0, 'weighted': 0.0}, 'turnover': {'raw': 0.027303459122776985, 'lambda': 0.0, 'weighted': 0.0}, 'volatility': {'raw': 0.0012801920529454947, 'lambda': 0.0, 'weighted': 0.0}, 'vol_excess': {'raw': 0.31798624992370605, 'lambda': 0.0, 'weighted': 0.0}, 'weight_path': {'raw': 0.0005774439196102321, 'lambda': 0.0, 'weighted': 0.0}, 'diversify': {'raw': 0.0, 'lambda': 0.0, 'weighted': 0.0}}","{'mean': {'raw': -0.0022193342447280884, 'lambda': 0.0, 'weighted': 0.0}, 'log_growth': {'raw': -0.002073354786261916, 'lambda': 1.0, 'weighted': -0.002073354786261916}, 'cvar': {'raw': 0.000629804446361959, 'lambda': 0.0, 'weighted': 0.0}, 'turnover': {'raw': 0.0013330047950148582, 'lambda': 0.0, 'weighted': 0.0}, 'volatility': {'raw': 0.00028861488681286573, 'lambda': 0.0, 'weighted': 0.0}, 'vol_excess': {'raw': 0.019686788320541382, 'lambda': 0.0, 'weighted': 0.0}, 'weight_path': {'raw': 1.4070494671614142e-06, 'lambda': 0.0, 'weighted': 0.0}, 'diversify': {'raw': 0.0, 'lambda': 0.0, 'weighted': 0.0}}",0.0003,364,616,cadence,1,cadence_accept,1.4679739251732826e-05,0.007130673325992637,252
1,-0.0012216505128890276,-0.001779991085641086,0.0018394533544778824,0.0012216505128890276,0.0012216505128890276,-0.007373962551355362,0.026669539511203766,0.0013195582432672381,0.32665300369262695,0.0006030118674971163,0.0,0.0019245774019509554,0.001779991085641086,0.001779991085641086,-0.0008948572212830186,0.0014622635208070278,0.00028707896126434207,0.018968194723129272,1.5874553582762019e-06,0.0,0.006358220707625151,0.006358220707625151,0.006358220707625151,0.006358220707625151,0,0,0,"{'mean': {'raw': -0.0018394533544778824, 'lambda': 0.0, 'weighted': 0.0}, 'log_growth': {'raw': -0.0012216505128890276, 'lambda': 1.0, 'weighted': -0.0012216505128890276}, 'cvar': {'raw': 0.007373962551355362, 'lambda': 0.0, 'weighted': 0.0}, 'turnover': {'raw': 0.026669539511203766, 'lambda': 0.0, 'weighted': 0.0}, 'volatility': {'raw': 0.0013195582432672381, 'lambda': 0.0, 'weighted': 0.0}, 'vol_excess': {'raw': 0.32665300369262695, 'lambda': 0.0, 'weighted': 0.0}, 'weight_path': {'raw': 0.0006030118674971163, 'lambda': 0.0, 'weighted': 0.0}, 'diversify': {'raw': 0.0, 'lambda': 0.0, 'weighted': 0.0}}","{'mean': {'raw': -0.0019245774019509554, 'lambda': 0.0, 'weighted': 0.0}, 'log_growth': {'raw': -0.001779991085641086, 'lambda': 1.0, 'weighted': -0.001779991085641086}, 'cvar': {'raw': 0.0008948572212830186, 'lambda': 0.0, 'weighted': 0.0}, 'turnover': {'raw': 0.0014622635208070278, 'lambda': 0.0, 'weighted': 0.0}, 'volatility': {'raw': 0.00028707896126434207, 'lambda': 0.0, 'weighted': 0.0}, 'vol_excess': {'raw': 0.018968194723129272, 'lambda': 0.0, 'weighted': 0.0}, 'weight_path': {'raw': 1.5874553582762019e-06, 'lambda': 0.0, 'weighted': 0.0}, 'diversify': {'raw': 0.0, 'lambda': 0.0, 'weighted': 0.0}}",0.0003,368,620,cadence,1,cadence_accept,1.332943793386221e-05,0.007488485776080704,252
2,-0.0012456892291083932,-0.0017933205235749483,0.0018698389176279306,0.0012456892291083932,0.0012456892291083932,-0.007503070402890444,0.02424684539437294,0.0013300853315740824,0.32894861698150635,0.0004641429986804724,0.0,0.0019392515532672405,0.0017933205235749483,0.0017933205235749483,-0.0009080599993467331,0.001524859108030796,0.00028970264247618616,0.02019450068473816,1.7282119415540365e-06,0.0,0.006342131178826094,0.006342131178826094,0.006342131178826094,0.006342131178826094,0,0,0,"{'mean': {'raw': -0.0018698389176279306, 'lambda': 0.0, 'weighted': 0.0}, 'log_growth': {'raw': -0.0012456892291083932, 'lambda': 1.0, 'weighted': -0.0012456892291083932}, 'cvar': {'raw': 0.007503070402890444, 'lambda': 0.0, 'weighted': 0.0}, 'turnover': {'raw': 0.02424684539437294, 'lambda': 0.0, 'weighted': 0.0}, 'volatility': {'raw': 0.0013300853315740824, 'lambda': 0.0, 'weighted': 0.0}, 'vol_excess': {'raw': 0.32894861698150635, 'lambda': 0.0, 'weighted': 0.0}, 'weight_path': {'raw': 0.0004641429986804724, 'lambda': 0.0, 'weighted': 0.0}, 'diversify': {'raw': 0.0, 'lambda': 0.0, 'weighted': 0.0}}","{'mean': {'raw': -0.0019392515532672405, 'lambda': 0.0, 'weighted': 0.0}, 'log_growth': {'raw': -0.0017933205235749483, 'lambda': 1.0, 'weighted': -0.0017933205235749483}, 'cvar': {'raw': 0.0009080599993467331, 'lambda': 0.0, 'weighted': 0.0}, 'turnover': {'raw': 0.001524859108030796, 'lambda': 0.0, 'weighted': 0.0}, 'volatility': {'raw': 0.00028970264247618616, 'lambda': 0.0, 'weighted': 0.0}, 'vol_excess': {'raw': 0.02019450068473816, 'lambda': 0.0, 'weighted': 0.0}, 'weight_path': {'raw': 1.7282119415540365e-06, 'lambda': 0.0, 'weighted': 0.0}, 'diversify': {'raw': 0.0, 'lambda': 0.0, 'weighted': 0.0}}",0.0003,368,620,cadence,1,cadence_accept,1.332943793386221e-05,0.007488485776080704,252
1,-0.0018931308295577765,-0.0009533771662972867,0.0025303030852228403,0.0018931308295577765,0.0018931308295577765,-0.006969417445361614,0.026000643149018288,0.0013599481899291277,0.33541178703308105,0.0005576455732807517,0.0,0.0010921531356871128,0.0009533771662972867,0.0009533771662972867,-0.0016449831891804934,0.0016097986372187734,0.00027727588894777,0.014335989952087402,1.89869581390667e-06,0.0,0.006728595122694969,0.006728595122694969,0.006728595122694969,0.006728595122694969,0,0,0,"{'mean': {'raw': -0.0025303030852228403, 'lambda': 0.0, 'weighted': 0.0}, 'log_growth': {'raw': -0.0018931308295577765, 'lambda': 1.0, 'weighted': -0.0018931308295577765}, 'cvar': {'raw': 0.006969417445361614, 'lambda': 0.0, 'weighted': 0.0}, 'turnover': {'raw': 0.026000643149018288, 'lambda': 0.0, 'weighted': 0.0}, 'volatility': {'raw': 0.0013599481899291277, 'lambda': 0.0, 'weighted': 0.0}, 'vol_excess': {'raw': 0.33541178703308105, 'lambda': 0.0, 'weighted': 0.0}, 'weight_path': {'raw': 0.0005576455732807517, 'lambda': 0.0, 'weighted': 0.0}, 'diversify': {'raw': 0.0, 'lambda': 0.0, 'weighted': 0.0}}","{'mean': {'raw': -0.0010921531356871128, 'lambda': 0.0, 'weighted': 0.0}, 'log_growth': {'raw': -0.0009533771662972867, 'lambda': 1.0, 'weighted': -0.0009533771662972867}, 'cvar': {'raw': 0.0016449831891804934, 'lambda': 0.0, 'weighted': 0.0}, 'turnover': {'raw': 0.0016097986372187734, 'lambda': 0.0, 'weighted': 0.0}, 'volatility': {'raw': 0.00027727588894777, 'lambda': 0.0, 'weighted': 0.0}, 'vol_excess': {'raw': 0.014335989952087402, 'lambda': 0.0, 'weighted': 0.0}, 'weight_path': {'raw': 1.89869581390667e-06, 'lambda': 0.0, 'weighted': 0.0}, 'diversify': {'raw': 0.0, 'lambda': 0.0, 'weighted': 0.0}}",0.0003,372,624,cadence,1,cadence_accept,9.06619243323803e-06,0.009509554816526213,252
2,-0.001965500181540847,-0.0009624433587305248,0.0026254034601151943,0.001965500181540847,0.001965500181540847,-0.007094731088727713,0.02593369036912918,0.001413039630278945,0.3467293977737427,0.0005333195440471172,0.0,0.0011028125882148743,0.0009624433587305248,0.0009624433587305248,-0.0016677856910973787,0.001661171903833747,0.0002804184041451663,0.01582971215248108,2.0231134385539917e-06,0.0,0.006933670956641436,0.006933670956641436,0.006933670956641436,0.006933670956641436,0,0,0,"{'mean': {'raw': -0.0026254034601151943, 'lambda': 0.0, 'weighted': 0.0}, 'log_growth': {'raw': -0.001965500181540847, 'lambda': 1.0, 'weighted': -0.001965500181540847}, 'cvar': {'raw': 0.007094731088727713, 'lambda': 0.0, 'weighted': 0.0}, 'turnover': {'raw': 0.02593369036912918, 'lambda': 0.0, 'weighted': 0.0}, 'volatility': {'raw': 0.001413039630278945, 'lambda': 0.0, 'weighted': 0.0}, 'vol_excess': {'raw': 0.3467293977737427, 'lambda': 0.0, 'weighted': 0.0}, 'weight_path': {'raw': 0.0005333195440471172, 'lambda': 0.0, 'weighted': 0.0}, 'diversify': {'raw': 0.0, 'lambda': 0.0, 'weighted': 0.0}}","{'mean': {'raw': -0.0011028125882148743, 'lambda': 0.0, 'weighted': 0.0}, 'log_growth': {'raw': -0.0009624433587305248, 'lambda': 1.0, 'weighted': -0.0009624433587305248}, 'cvar': {'raw': 0.0016677856910973787, 'lambda': 0.0, 'weighted': 0.0}, 'turnover': {'raw': 0.001661171903833747, 'lambda': 0.0, 'weighted': 0.0}, 'volatility': {'raw': 0.0002804184041451663, 'lambda': 0.0, 'weighted': 0.0}, 'vol_excess': {'raw': 0.01582971215248108, 'lambda': 0.0, 'weighted': 0.0}, 'weight_path': {'raw': 2.0231134385539917e-06, 'lambda': 0.0, 'weighted': 0.0}, 'diversify': {'raw': 0.0, 'lambda': 0.0, 'weighted': 0.0}}",0.0003,372,624,cadence,1,cadence_accept,9.06619243323803e-06,0.009509554816526213,252
1,-0.002157040638849139,-0.0013748288620263338,0.002837256295606494,0.002157040638849139,0.002157040638849139,-0.007119594141840935,0.031179621815681458,0.0014586845645681024,0.3562908172607422,0.0007626317092217505,0.0,0.001517188735306263,0.0013748288620263338,0.0013748288620263338,-0.0013042839709669352,0.0018171054543927312,0.000283239089185372,0.017163336277008057,2.528481218178058e-06,0.0,0.007291118148714304,0.007291118148714304,0.007291118148714304,0.007291118148714304,0,0,0,"{'mean': {'raw': -0.002837256295606494, 'lambda': 0.0, 'weighted': 0.0}, 'log_growth': {'raw': -0.002157040638849139, 'lambda': 1.0, 'weighted': -0.002157040638849139}, 'cvar': {'raw': 0.007119594141840935, 'lambda': 0.0, 'weighted': 0.0}, 'turnover': {'raw': 0.031179621815681458, 'lambda': 0.0, 'weighted': 0.0}, 'volatility': {'raw': 0.0014586845645681024, 'lambda': 0.0, 'weighted': 0.0}, 'vol_excess': {'raw': 0.3562908172607422, 'lambda': 0.0, 'weighted': 0.0}, 'weight_path': {'raw': 0.0007626317092217505, 'lambda': 0.0, 'weighted': 0.0}, 'diversify': {'raw': 0.0, 'lambda': 0.0, 'weighted': 0.0}}","{'mean': {'raw': -0.001517188735306263, 'lambda': 0.0, 'weighted': 0.0}, 'log_growth': {'raw': -0.0013748288620263338, 'lambda': 1.0, 'weighted': -0.0013748288620263338}, 'cvar': {'raw': 0.0013042839709669352, 'lambda': 0.0, 'weighted': 0.0}, 'turnover': {'raw': 0.0018171054543927312, 'lambda': 0.0, 'weighted': 0.0}, 'volatility': {'raw': 0.000283239089185372, 'lambda': 0.0, 'weighted': 0.0}, 'vol_excess': {'raw': 0.017163336277008057, 'lambda': 0.0, 'weighted': 0.0}, 'weight_path': {'raw': 2.528481218178058e-06, 'lambda': 0.0, 'weighted': 0.0}, 'diversify': {'raw': 0.0, 'lambda': 0.0, 'weighted': 0.0}}",0.0003,377,629,cadence,1,cadence_accept,8.843839168548584e-06,0.006432683664409791,252
2,-0.0022237091325223446,-0.0013836727011948824,0.0029280108865350485,0.0022237091325223446,0.0022237091325223446,-0.007274785079061985,0.024876151233911514,0.0015158021124079823,0.3680470585823059,0.0005128374323248863,0.0,0.001527869957499206,0.0013836727011948824,0.0013836727011948824,-0.0013319759164005518,0.0018574291607365012,0.00028686324367299676,0.018867135047912598,2.642998651936068e-06,0.0,0.0073732915334403515,0.0073732915334403515,0.0073732915334403515,0.0073732915334403515,0,0,0,"{'mean': {'raw': -0.0029280108865350485, 'lambda': 0.0, 'weighted': 0.0}, 'log_growth': {'raw': -0.0022237091325223446, 'lambda': 1.0, 'weighted': -0.0022237091325223446}, 'cvar': {'raw': 0.007274785079061985, 'lambda': 0.0, 'weighted': 0.0}, 'turnover': {'raw': 0.024876151233911514, 'lambda': 0.0, 'weighted': 0.0}, 'volatility': {'raw': 0.0015158021124079823, 'lambda': 0.0, 'weighted': 0.0}, 'vol_excess': {'raw': 0.3680470585823059, 'lambda': 0.0, 'weighted': 0.0}, 'weight_path': {'raw': 0.0005128374323248863, 'lambda': 0.0, 'weighted': 0.0}, 'diversify': {'raw': 0.0, 'lambda': 0.0, 'weighted': 0.0}}","{'mean': {'raw': -0.001527869957499206, 'lambda': 0.0, 'weighted': 0.0}, 'log_growth': {'raw': -0.0013836727011948824, 'lambda': 1.0, 'weighted': -0.0013836727011948824}, 'cvar': {'raw': 0.0013319759164005518, 'lambda': 0.0, 'weighted': 0.0}, 'turnover': {'raw': 0.0018574291607365012, 'lambda': 0.0, 'weighted': 0.0}, 'volatility': {'raw': 0.00028686324367299676, 'lambda': 0.0, 'weighted': 0.0}, 'vol_excess': {'raw': 0.018867135047912598, 'lambda': 0.0, 'weighted': 0.0}, 'weight_path': {'raw': 2.642998651936068e-06, 'lambda': 0.0, 'weighted': 0.0}, 'diversify': {'raw': 0.0, 'lambda': 0.0, 'weighted': 0.0}}",0.0003,377,629,cadence,1,cadence_accept,8.843839168548584e-06,0.006432683664409791,252
1,-0.0026841626968234777,-0.0016263818833976984,0.0033964153844863176,0.0026841626968234777,0.0026841626968234777,-0.006893033627420664,0.027783092111349106,0.0015321292448788881,0.3713666796684265,0.0006439933204092085,0.0,0.0017739874310791492,0.0016263818833976984,0.0016263818833976984,-0.0011477512307465076,0.0019832453690469265,0.0002930164337158203,0.021735399961471558,2.963133056255174e-06,0.0,0.007846338674426079,0.007846338674426079,0.007846338674426079,0.007846338674426079,0,0,0,"{'mean': {'raw': -0.0033964153844863176, 'lambda': 0.0, 'weighted': 0.0}, 'log_growth': {'raw': -0.0026841626968234777, 'lambda': 1.0, 'weighted': -0.0026841626968234777}, 'cvar': {'raw': 0.006893033627420664, 'lambda': 0.0, 'weighted': 0.0}, 'turnover': {'raw': 0.027783092111349106, 'lambda': 0.0, 'weighted': 0.0}, 'volatility': {'raw': 0.0015321292448788881, 'lambda': 0.0, 'weighted': 0.0}, 'vol_excess': {'raw': 0.3713666796684265, 'lambda': 0.0, 'weighted': 0.0}, 'weight_path': {'raw': 0.0006439933204092085, 'lambda': 0.0, 'weighted': 0.0}, 'diversify': {'raw': 0.0, 'lambda': 0.0, 'weighted': 0.0}}","{'mean': {'raw': -0.0017739874310791492, 'lambda': 0.0, 'weighted': 0.0}, 'log_growth': {'raw': -0.0016263818833976984, 'lambda': 1.0, 'weighted': -0.0016263818833976984}, 'cvar': {'raw': 0.0011477512307465076, 'lambda': 0.0, 'weighted': 0.0}, 'turnover': {'raw': 0.0019832453690469265, 'lambda': 0.0, 'weighted': 0.0}, 'volatility': {'raw': 0.0002930164337158203, 'lambda': 0.0, 'weighted': 0.0}, 'vol_excess': {'raw': 0.021735399961471558, 'lambda': 0.0, 'weighted': 0.0}, 'weight_path': {'raw': 2.963133056255174e-06, 'lambda': 0.0, 'weighted': 0.0}, 'diversify': {'raw': 0.0, 'lambda': 0.0, 'weighted': 0.0}}",0.0003,381,633,cadence,1,cadence_accept,1.4215358532965183e-05,0.00874048012298759,252
2,-0.0027576100546866655,-0.0016405972419306636,0.003484061686322093,0.0027576100546866655,0.0027576100546866655,-0.006997019052505493,0.030914386734366417,0.0015629306435585022,0.37758147716522217,0.0007509823772124946,0.0,0.0017902898835018277,0.0016405972419306636,0.0016405972419306636,-0.001174921984784305,0.002002439694479108,0.0002971153298858553,0.023629426956176758,3.0219857762858737e-06,0.0,0.007800870109349489,0.007800870109349489,0.007800870109349489,0.007800870109349489,0,0,0,"{'mean': {'raw': -0.003484061686322093, 'lambda': 0.0, 'weighted': 0.0}, 'log_growth': {'raw': -0.0027576100546866655, 'lambda': 1.0, 'weighted': -0.0027576100546866655}, 'cvar': {'raw': 0.006997019052505493, 'lambda': 0.0, 'weighted': 0.0}, 'turnover': {'raw': 0.030914386734366417, 'lambda': 0.0, 'weighted': 0.0}, 'volatility': {'raw': 0.0015629306435585022, 'lambda': 0.0, 'weighted': 0.0}, 'vol_excess': {'raw': 0.37758147716522217, 'lambda': 0.0, 'weighted': 0.0}, 'weight_path': {'raw': 0.0007509823772124946, 'lambda': 0.0, 'weighted': 0.0}, 'diversify': {'raw': 0.0, 'lambda': 0.0, 'weighted': 0.0}}","{'mean': {'raw': -0.0017902898835018277, 'lambda': 0.0, 'weighted': 0.0}, 'log_growth': {'raw': -0.0016405972419306636, 'lambda': 1.0, 'weighted': -0.0016405972419306636}, 'cvar': {'raw': 0.001174921984784305, 'lambda': 0.0, 'weighted': 0.0}, 'turnover': {'raw': 0.002002439694479108, 'lambda': 0.0, 'weighted': 0.0}, 'volatility': {'raw': 0.0002971153298858553, 'lambda': 0.0, 'weighted': 0.0}, 'vol_excess': {'raw': 0.023629426956176758, 'lambda': 0.0, 'weighted': 0.0}, 'weight_path': {'raw': 3.0219857762858737e-06, 'lambda': 0.0, 'weighted': 0.0}, 'diversify': {'raw': 0.0, 'lambda': 0.0, 'weighted': 0.0}}",0.0003,381,633,cadence,1,cadence_accept,1.4215358532965183e-05,0.00874048012298759,252
1,-0.0031914522405713797,-0.0016217973316088319,0.0039384569972753525,0.0031914522405713797,0.0031914522405713797,-0.006797896232455969,0.03000936470925808,0.0016074032755568624,0.3864476680755615,0.0006590022821910679,0.0,0.0017531316261738539,0.0016217973316088319,0.0016217973316088319,-0.00090251793153584,0.001960918540135026,0.00025952537544071674,0.0057350099086761475,2.9020511647104286e-06,0.0,0.007523512002080679,0.007523512002080679,0.007523512002080679,0.007523512002080679,0,0,0,"{'mean': {'raw': -0.0039384569972753525, 'lambda': 0.0, 'weighted': 0.0}, 'log_growth': {'raw': -0.0031914522405713797, 'lambda': 1.0, 'weighted': -0.0031914522405713797}, 'cvar': {'raw': 0.006797896232455969, 'lambda': 0.0, 'weighted': 0.0}, 'turnover': {'raw': 0.03000936470925808, 'lambda': 0.0, 'weighted': 0.0}, 'volatility': {'raw': 0.0016074032755568624, 'lambda': 0.0, 'weighted': 0.0}, 'vol_excess': {'raw': 0.3864476680755615, 'lambda': 0.0, 'weighted': 0.0}, 'weight_path': {'raw': 0.0006590022821910679, 'lambda': 0.0, 'weighted': 0.0}, 'diversify': {'raw': 0.0, 'lambda': 0.0, 'weighted': 0.0}}","{'mean': {'raw': -0.0017531316261738539, 'lambda': 0.0, 'weighted': 0.0}, 'log_growth': {'raw': -0.0016217973316088319, 'lambda': 1.0, 'weighted': -0.0016217973316088319}, 'cvar': {'raw': 0.00090251793153584, 'lambda': 0.0, 'weighted': 0.0}, 'turnover': {'raw': 0.001960918540135026, 'lambda': 0.0, 'weighted': 0.0}, 'volatility': {'raw': 0.00025952537544071674, 'lambda': 0.0, 'weighted': 0.0}, 'vol_excess': {'raw': 0.0057350099086761475, 'lambda': 0.0, 'weighted': 0.0}, 'weight_path': {'raw': 2.9020511647104286e-06, 'lambda': 0.0, 'weighted': 0.0}, 'diversify': {'raw': 0.0, 'lambda': 0.0, 'weighted': 0.0}}",0.0003,386,638,cadence,1,cadence_accept,1.8402119167149067e-05,0.011346744008727231,252
2,-0.0033148194197565317,-0.001640199450775981,0.004099380690604448,0.0033148194197565317,0.0033148194197565317,-0.006949399132281542,0.029649101197719574,0.0016982518136501312,0.40418606996536255,0.0007715009851381183,0.0,0.0017738656606525183,0.001640199450775981,0.001640199450775981,-0.000929640547838062,0.0019547506235539913,0.00026411033468320966,0.00798410177230835,2.884552714021993e-06,0.0,0.007530862465500832,0.007530862465500832,0.007530862465500832,0.007530862465500832,0,0,0,"{'mean': {'raw': -0.004099380690604448, 'lambda': 0.0, 'weighted': 0.0}, 'log_growth': {'raw': -0.0033148194197565317, 'lambda': 1.0, 'weighted': -0.0033148194197565317}, 'cvar': {'raw': 0.006949399132281542, 'lambda': 0.0, 'weighted': 0.0}, 'turnover': {'raw': 0.029649101197719574, 'lambda': 0.0, 'weighted': 0.0}, 'volatility': {'raw': 0.0016982518136501312, 'lambda': 0.0, 'weighted': 0.0}, 'vol_excess': {'raw': 0.40418606996536255, 'lambda': 0.0, 'weighted': 0.0}, 'weight_path': {'raw': 0.0007715009851381183, 'lambda': 0.0, 'weighted': 0.0}, 'diversify': {'raw': 0.0, 'lambda': 0.0, 'weighted': 0.0}}","{'mean': {'raw': -0.0017738656606525183, 'lambda': 0.0, 'weighted': 0.0}, 'log_growth': {'raw': -0.001640199450775981, 'lambda': 1.0, 'weighted': -0.001640199450775981}, 'cvar': {'raw': 0.000929640547838062, 'lambda': 0.0, 'weighted': 0.0}, 'turnover': {'raw': 0.0019547506235539913, 'lambda': 0.0, 'weighted': 0.0}, 'volatility': {'raw': 0.00026411033468320966, 'lambda': 0.0, 'weighted': 0.0}, 'vol_excess': {'raw': 0.00798410177230835, 'lambda': 0.0, 'weighted': 0.0}, 'weight_path': {'raw': 2.884552714021993e-06, 'lambda': 0.0, 'weighted': 0.0}, 'diversify': {'raw': 0.0, 'lambda': 0.0, 'weighted': 0.0}}",0.0003,386,638,cadence,1,cadence_accept,1.8402119167149067e-05,0.011346744008727231,252
1,-0.00293621770106256,-0.002808287972584367,0.00372853665612638,0.00293621770106256,0.00293621770106256,-0.007273233495652676,0.029192185029387474,0.001725366455502808,0.40938788652420044,0.0006561842747032642,0.0,0.002942404244095087,0.002808287972584367,0.002808287972584367,0.00025931684649549425,0.002036763122305274,0.0002598400169517845,0.005890011787414551,3.122205271210987e-06,0.0,0.006897869985550642,0.006897869985550642,0.006897869985550642,0.006897869985550642,0,0,0,"{'mean': {'raw': -0.00372853665612638, 'lambda': 0.0, 'weighted': 0.0}, 'log_growth': {'raw': -0.00293621770106256, 'lambda': 1.0, 'weighted': -0.00293621770106256}, 'cvar': {'raw': 0.007273233495652676, 'lambda': 0.0, 'weighted': 0.0}, 'turnover': {'raw': 0.029192185029387474, 'lambda': 0.0, 'weighted': 0.0}, 'volatility': {'raw': 0.001725366455502808, 'lambda': 0.0, 'weighted': 0.0}, 'vol_excess': {'raw': 0.40938788652420044, 'lambda': 0.0, 'weighted': 0.0}, 'weight_path': {'raw': 0.0006561842747032642, 'lambda': 0.0, 'weighted': 0.0}, 'diversify': {'raw': 0.0, 'lambda': 0.0, 'weighted': 0.0}}","{'mean': {'raw': -0.002942404244095087, 'lambda': 0.0, 'weighted': 0.0}, 'log_growth': {'raw': -0.002808287972584367, 'lambda': 1.0, 'weighted': -0.002808287972584367}, 'cvar': {'raw': -0.00025931684649549425, 'lambda': 0.0, 'weighted': 0.0}, 'turnover': {'raw': 0.002036763122305274, 'lambda': 0.0, 'weighted': 0.0}, 'volatility': {'raw': 0.0002598400169517845, 'lambda': 0.0, 'weighted': 0.0}, 'vol_excess': {'raw': 0.005890011787414551, 'lambda': 0.0, 'weighted': 0.0}, 'weight_path': {'raw': 3.122205271210987e-06, 'lambda': 0.0, 'weighted': 0.0}, 'diversify': {'raw': 0.0, 'lambda': 0.0, 'weighted': 0.0}}",0.0003,391,643,cadence,1,cadence_accept,3.3257994800806046e-05,0.011842800707634375,252
2,-0.002961444202810526,-0.002841545967385173,0.0037684047129005194,0.002961444202810526,0.002961444202810526,-0.007400347851216793,0.03011692315340042,0.001759867649525404,0.41594791412353516,0.0007222539861686528,0.0,0.002977770520374179,0.002841545967385173,0.002841545967385173,0.0002518687106203288,0.0020033856853842735,0.0002638509904500097,0.007857412099838257,3.0219698601285927e-06,0.0,0.0065347012132406235,0.0065347012132406235,0.0065347012132406235,0.0065347012132406235,0,0,0,"{'mean': {'raw': -0.0037684047129005194, 'lambda': 0.0, 'weighted': 0.0}, 'log_growth': {'raw': -0.002961444202810526, 'lambda': 1.0, 'weighted': -0.002961444202810526}, 'cvar': {'raw': 0.007400347851216793, 'lambda': 0.0, 'weighted': 0.0}, 'turnover': {'raw': 0.03011692315340042, 'lambda': 0.0, 'weighted': 0.0}, 'volatility': {'raw': 0.001759867649525404, 'lambda': 0.0, 'weighted': 0.0}, 'vol_excess': {'raw': 0.41594791412353516, 'lambda': 0.0, 'weighted': 0.0}, 'weight_path': {'raw': 0.0007222539861686528, 'lambda': 0.0, 'weighted': 0.0}, 'diversify': {'raw': 0.0, 'lambda': 0.0, 'weighted': 0.0}}","{'mean': {'raw': -0.002977770520374179, 'lambda': 0.0, 'weighted': 0.0}, 'log_growth': {'raw': -0.002841545967385173, 'lambda': 1.0, 'weighted': -0.002841545967385173}, 'cvar': {'raw': -0.0002518687106203288, 'lambda': 0.0, 'weighted': 0.0}, 'turnover': {'raw': 0.0020033856853842735, 'lambda': 0.0, 'weighted': 0.0}, 'volatility': {'raw': 0.0002638509904500097, 'lambda': 0.0, 'weighted': 0.0}, 'vol_excess': {'raw': 0.007857412099838257, 'lambda': 0.0, 'weighted': 0.0}, 'weight_path': {'raw': 3.0219698601285927e-06, 'lambda': 0.0, 'weighted': 0.0}, 'diversify': {'raw': 0.0, 'lambda': 0.0, 'weighted': 0.0}}",0.0003,391,643,cadence,1,cadence_accept,3.3257994800806046e-05,0.011842800707634375,252
1,-0.002621931256726384,-0.0029825358651578426,0.0034385325852781534,0.002621931256726384,0.002621931256726384,-0.0077757141552865505,0.028339426964521408,0.0017853451427072287,0.42075103521347046,0.0006296875653788447,0.0,0.003102939110249281,0.0029825358651578426,0.0029825358651578426,0.0007586195133626461,0.001952595659531653,0.00023218008573167026,0.0,2.8434815249056555e-06,0.0,0.005547251086682081,0.005547251086682081,0.005547251086682081,0.005547251086682081,0,0,0,"{'mean': {'raw': -0.0034385325852781534, 'lambda': 0.0, 'weighted': 0.0}, 'log_growth': {'raw': -0.002621931256726384, 'lambda': 1.0, 'weighted': -0.002621931256726384}, 'cvar': {'raw': 0.0077757141552865505, 'lambda': 0.0, 'weighted': 0.0}, 'turnover': {'raw': 0.028339426964521408, 'lambda': 0.0, 'weighted': 0.0}, 'volatility': {'raw': 0.0017853451427072287, 'lambda': 0.0, 'weighted': 0.0}, 'vol_excess': {'raw': 0.42075103521347046, 'lambda': 0.0, 'weighted': 0.0}, 'weight_path': {'raw': 0.0006296875653788447, 'lambda': 0.0, 'weighted': 0.0}, 'diversify': {'raw': 0.0, 'lambda': 0.0, 'weighted': 0.0}}","{'mean': {'raw': -0.003102939110249281, 'lambda': 0.0, 'weighted': 0.0}, 'log_growth': {'raw': -0.0029825358651578426, 'lambda': 1.0, 'weighted': -0.0029825358651578426}, 'cvar': {'raw': -0.0007586195133626461, 'lambda': 0.0, 'weighted': 0.0}, 'turnover': {'raw': 0.001952595659531653, 'lambda': 0.0, 'weighted': 0.0}, 'volatility': {'raw': 0.00023218008573167026, 'lambda': 0.0, 'weighted': 0.0}, 'vol_excess': {'raw': 0.0, 'lambda': 0.0, 'weighted': 0.0}, 'weight_path': {'raw': 2.8434815249056555e-06, 'lambda': 0.0, 'weighted': 0.0}, 'diversify': {'raw': 0.0, 'lambda': 0.0, 'weighted': 0.0}}",0.0003,396,648,cadence,1,cadence_accept,3.5588862374424934e-05,0.01193241723536125,252
2,-0.0026522513944655657,-0.0030181247275322676,0.003491131355985999,0.0026522513944655657,0.0026522513944655657,-0.007946111261844635,0.026758989319205284,0.0018381434492766857,0.4305969476699829,0.0006110332324169576,0.0,0.003140142187476158,0.0030181247275322676,0.0030181247275322676,0.0007649844046682119,0.001898494316264987,0.0002352005976717919,0.0,2.689198481675703e-06,0.0,0.005438030231744051,0.005438030231744051,0.005438030231744051,0.005438030231744051,0,0,0,"{'mean': {'raw': -0.003491131355985999, 'lambda': 0.0, 'weighted': 0.0}, 'log_growth': {'raw': -0.0026522513944655657, 'lambda': 1.0, 'weighted': -0.0026522513944655657}, 'cvar': {'raw': 0.007946111261844635, 'lambda': 0.0, 'weighted': 0.0}, 'turnover': {'raw': 0.026758989319205284, 'lambda': 0.0, 'weighted': 0.0}, 'volatility': {'raw': 0.0018381434492766857, 'lambda': 0.0, 'weighted': 0.0}, 'vol_excess': {'raw': 0.4305969476699829, 'lambda': 0.0, 'weighted': 0.0}, 'weight_path': {'raw': 0.0006110332324169576, 'lambda': 0.0, 'weighted': 0.0}, 'diversify': {'raw': 0.0, 'lambda': 0.0, 'weighted': 0.0}}","{'mean': {'raw': -0.003140142187476158, 'lambda': 0.0, 'weighted': 0.0}, 'log_growth': {'raw': -0.0030181247275322676, 'lambda': 1.0, 'weighted': -0.0030181247275322676}, 'cvar': {'raw': -0.0007649844046682119, 'lambda': 0.0, 'weighted': 0.0}, 'turnover': {'raw': 0.001898494316264987, 'lambda': 0.0, 'weighted': 0.0}, 'volatility': {'raw': 0.0002352005976717919, 'lambda': 0.0, 'weighted': 0.0}, 'vol_excess': {'raw': 0.0, 'lambda': 0.0, 'weighted': 0.0}, 'weight_path': {'raw': 2.689198481675703e-06, 'lambda': 0.0, 'weighted': 0.0}, 'diversify': {'raw': 0.0, 'lambda': 0.0, 'weighted': 0.0}}",0.0003,396,648,cadence,1,cadence_accept,3.5588862374424934e-05,0.01193241723536125,252
1,-0.0028590678703039885,-0.003032252425327897,0.003714627819135785,0.0028590678703039885,0.0028590678703039885,-0.007820559665560722,0.030716456472873688,0.0018821510020643473,0.43869590759277344,0.0007839853642508388,0.0,0.0031487704254686832,0.003032252425327897,0.003032252425327897,0.0008767277467995882,0.0017754861619323492,0.00022399630688596517,0.0,2.4313226276717614e-06,0.0,0.005103126168251038,0.005103126168251038,0.005103126168251038,0.005103126168251038,0,0,0,"{'mean': {'raw': -0.003714627819135785, 'lambda': 0.0, 'weighted': 0.0}, 'log_growth': {'raw': -0.0028590678703039885, 'lambda': 1.0, 'weighted': -0.0028590678703039885}, 'cvar': {'raw': 0.007820559665560722, 'lambda': 0.0, 'weighted': 0.0}, 'turnover': {'raw': 0.030716456472873688, 'lambda': 0.0, 'weighted': 0.0}, 'volatility': {'raw': 0.0018821510020643473, 'lambda': 0.0, 'weighted': 0.0}, 'vol_excess': {'raw': 0.43869590759277344, 'lambda': 0.0, 'weighted': 0.0}, 'weight_path': {'raw': 0.0007839853642508388, 'lambda': 0.0, 'weighted': 0.0}, 'diversify': {'raw': 0.0, 'lambda': 0.0, 'weighted': 0.0}}","{'mean': {'raw': -0.0031487704254686832, 'lambda': 0.0, 'weighted': 0.0}, 'log_growth': {'raw': -0.003032252425327897, 'lambda': 1.0, 'weighted': -0.003032252425327897}, 'cvar': {'raw': -0.0008767277467995882, 'lambda': 0.0, 'weighted': 0.0}, 'turnover': {'raw': 0.0017754861619323492, 'lambda': 0.0, 'weighted': 0.0}, 'volatility': {'raw': 0.00022399630688596517, 'lambda': 0.0, 'weighted': 0.0}, 'vol_excess': {'raw': 0.0, 'lambda': 0.0, 'weighted': 0.0}, 'weight_path': {'raw': 2.4313226276717614e-06, 'lambda': 0.0, 'weighted': 0.0}, 'diversify': {'raw': 0.0, 'lambda': 0.0, 'weighted': 0.0}}",0.0003,401,653,cadence,1,cadence_accept,3.087427467107773e-05,0.010181960579207758,252
2,-0.002869984367862344,-0.003063126699998975,0.0037342694122344255,0.002869984367862344,0.002869984367862344,-0.007974939420819283,0.028437038883566856,0.001897783251479268,0.44155001640319824,0.0007028572144918144,0.0,0.0031811764929443598,0.003063126699998975,0.003063126699998975,0.0008796860347501934,0.0017082893755286932,0.00022687776072416455,0.0,2.251858859381173e-06,0.0,0.0049368347972631454,0.0049368347972631454,0.0049368347972631454,0.0049368347972631454,0,0,0,"{'mean': {'raw': -0.0037342694122344255, 'lambda': 0.0, 'weighted': 0.0}, 'log_growth': {'raw': -0.002869984367862344, 'lambda': 1.0, 'weighted': -0.002869984367862344}, 'cvar': {'raw': 0.007974939420819283, 'lambda': 0.0, 'weighted': 0.0}, 'turnover': {'raw': 0.028437038883566856, 'lambda': 0.0, 'weighted': 0.0}, 'volatility': {'raw': 0.001897783251479268, 'lambda': 0.0, 'weighted': 0.0}, 'vol_excess': {'raw': 0.44155001640319824, 'lambda': 0.0, 'weighted': 0.0}, 'weight_path': {'raw': 0.0007028572144918144, 'lambda': 0.0, 'weighted': 0.0}, 'diversify': {'raw': 0.0, 'lambda': 0.0, 'weighted': 0.0}}","{'mean': {'raw': -0.0031811764929443598, 'lambda': 0.0, 'weighted': 0.0}, 'log_growth': {'raw': -0.003063126699998975, 'lambda': 1.0, 'weighted': -0.003063126699998975}, 'cvar': {'raw': -0.0008796860347501934, 'lambda': 0.0, 'weighted': 0.0}, 'turnover': {'raw': 0.0017082893755286932, 'lambda': 0.0, 'weighted': 0.0}, 'volatility': {'raw': 0.00022687776072416455, 'lambda': 0.0, 'weighted': 0.0}, 'vol_excess': {'raw': 0.0, 'lambda': 0.0, 'weighted': 0.0}, 'weight_path': {'raw': 2.251858859381173e-06, 'lambda': 0.0, 'weighted': 0.0}, 'diversify': {'raw': 0.0, 'lambda': 0.0, 'weighted': 0.0}}",0.0003,401,653,cadence,1,cadence_accept,3.087427467107773e-05,0.010181960579207758,252
1,-0.003549740416929126,-0.002309153787791729,0.004420298617333174,0.003549740416929126,0.003549740416929126,-0.00725769717246294,0.029604019597172737,0.0019132830202579498,0.44436830282211304,0.0006858822889626026,0.0,0.0024348495062440634,0.002309153787791729,0.002309153787791729,-6.540896720252931e-05,0.001677775289863348,0.00024597541778348386,0.0,2.2618423827225342e-06,0.0,0.005337411072105169,0.005337411072105169,0.005337411072105169,0.005337411072105169,0,0,0,"{'mean': {'raw': -0.004420298617333174, 'lambda': 0.0, 'weighted': 0.0}, 'log_growth': {'raw': -0.003549740416929126, 'lambda': 1.0, 'weighted': -0.003549740416929126}, 'cvar': {'raw': 0.00725769717246294, 'lambda': 0.0, 'weighted': 0.0}, 'turnover': {'raw': 0.029604019597172737, 'lambda': 0.0, 'weighted': 0.0}, 'volatility': {'raw': 0.0019132830202579498, 'lambda': 0.0, 'weighted': 0.0}, 'vol_excess': {'raw': 0.44436830282211304, 'lambda': 0.0, 'weighted': 0.0}, 'weight_path': {'raw': 0.0006858822889626026, 'lambda': 0.0, 'weighted': 0.0}, 'diversify': {'raw': 0.0, 'lambda': 0.0, 'weighted': 0.0}}","{'mean': {'raw': -0.0024348495062440634, 'lambda': 0.0, 'weighted': 0.0}, 'log_growth': {'raw': -0.002309153787791729, 'lambda': 1.0, 'weighted': -0.002309153787791729}, 'cvar': {'raw': 6.540896720252931e-05, 'lambda': 0.0, 'weighted': 0.0}, 'turnover': {'raw': 0.001677775289863348, 'lambda': 0.0, 'weighted': 0.0}, 'volatility': {'raw': 0.00024597541778348386, 'lambda': 0.0, 'weighted': 0.0}, 'vol_excess': {'raw': 0.0, 'lambda': 0.0, 'weighted': 0.0}, 'weight_path': {'raw': 2.2618423827225342e-06, 'lambda': 0.0, 'weighted': 0.0}, 'diversify': {'raw': 0.0, 'lambda': 0.0, 'weighted': 0.0}}",0.0003,405,657,cadence,1,cadence_accept,2.773175947368145e-05,0.01200949006007615,252
2,-0.003601048607379198,-0.0023368855472654104,0.0044852979481220245,0.003601048607379198,0.003601048607379198,-0.007419065572321415,0.027492983266711235,0.0019399432931095362,0.44918936491012573,0.0005831840098835528,0.00032775240833871067,0.0024640175979584455,0.0023368855472654104,0.0023368855472654104,-6.42607337795198e-05,0.0015995322028174996,0.0002487224410288036,0.00035583972930908203,2.056753373835818e-06,0.0,0.0049251350574195385,0.0049251350574195385,0.0049251350574195385,0.0049251350574195385,0,0,0,"{'mean': {'raw': -0.0044852979481220245, 'lambda': 0.0, 'weighted': 0.0}, 'log_growth': {'raw': -0.003601048607379198, 'lambda': 1.0, 'weighted': -0.003601048607379198}, 'cvar': {'raw': 0.007419065572321415, 'lambda': 0.0, 'weighted': 0.0}, 'turnover': {'raw': 0.027492983266711235, 'lambda': 0.0, 'weighted': 0.0}, 'volatility': {'raw': 0.0019399432931095362, 'lambda': 0.0, 'weighted': 0.0}, 'vol_excess': {'raw': 0.44918936491012573, 'lambda': 0.0, 'weighted': 0.0}, 'weight_path': {'raw': 0.0005831840098835528, 'lambda': 0.0, 'weighted': 0.0}, 'diversify': {'raw': 0.00032775240833871067, 'lambda': 0.0, 'weighted': 0.0}}","{'mean': {'raw': -0.0024640175979584455, 'lambda': 0.0, 'weighted': 0.0}, 'log_growth': {'raw': -0.0023368855472654104, 'lambda': 1.0, 'weighted': -0.0023368855472654104}, 'cvar': {'raw': 6.42607337795198e-05, 'lambda': 0.0, 'weighted': 0.0}, 'turnover': {'raw': 0.0015995322028174996, 'lambda': 0.0, 'weighted': 0.0}, 'volatility': {'raw': 0.0002487224410288036, 'lambda': 0.0, 'weighted': 0.0}, 'vol_excess': {'raw': 0.00035583972930908203, 'lambda': 0.0, 'weighted': 0.0}, 'weight_path': {'raw': 2.056753373835818e-06, 'lambda': 0.0, 'weighted': 0.0}, 'diversify': {'raw': 0.0, 'lambda': 0.0, 'weighted': 0.0}}",0.0003,405,657,cadence,1,cadence_accept,2.773175947368145e-05,0.01200949006007615,252
1,-0.003220472251996398,-0.004119686782360077,0.004120062105357647,0.003220472251996398,0.003220472251996398,-0.007789164781570435,0.026901129633188248,0.0019877359736710787,0.45774954557418823,0.0005797076155431569,0.002082469407469034,0.004248878452926874,0.004119686782360077,0.004119686782360077,0.001791496528312564,0.001497542834840715,0.00024178028979804367,0.0,1.8110582686858834e-06,0.0,0.004412663169205189,0.004412663169205189,0.004412663169205189,0.004412663169205189,0,0,0,"{'mean': {'raw': -0.004120062105357647, 'lambda': 0.0, 'weighted': 0.0}, 'log_growth': {'raw': -0.003220472251996398, 'lambda': 1.0, 'weighted': -0.003220472251996398}, 'cvar': {'raw': 0.007789164781570435, 'lambda': 0.0, 'weighted': 0.0}, 'turnover': {'raw': 0.026901129633188248, 'lambda': 0.0, 'weighted': 0.0}, 'volatility': {'raw': 0.0019877359736710787, 'lambda': 0.0, 'weighted': 0.0}, 'vol_excess': {'raw': 0.45774954557418823, 'lambda': 0.0, 'weighted': 0.0}, 'weight_path': {'raw': 0.0005797076155431569, 'lambda': 0.0, 'weighted': 0.0}, 'diversify': {'raw': 0.002082469407469034, 'lambda': 0.0, 'weighted': 0.0}}","{'mean': {'raw': -0.004248878452926874, 'lambda': 0.0, 'weighted': 0.0}, 'log_growth': {'raw': -0.004119686782360077, 'lambda': 1.0, 'weighted': -0.004119686782360077}, 'cvar': {'raw': -0.001791496528312564, 'lambda': 0.0, 'weighted': 0.0}, 'turnover': {'raw': 0.001497542834840715, 'lambda': 0.0, 'weighted': 0.0}, 'volatility': {'raw': 0.00024178028979804367, 'lambda': 0.0, 'weighted': 0.0}, 'vol_excess': {'raw': 0.0, 'lambda': 0.0, 'weighted': 0.0}, 'weight_path': {'raw': 1.8110582686858834e-06, 'lambda': 0.0, 'weighted': 0.0}, 'diversify': {'raw': 0.0, 'lambda': 0.0, 'weighted': 0.0}}",0.0003,410,662,cadence,1,cadence_accept,2.903677523136139e-05,0.0070482968143705735,252
2,-0.0032425159588456154,-0.004148723557591438,0.004159845877438784,0.0032425159588456154,0.0032425159588456154,-0.007919040508568287,0.02316456474363804,0.0020316014997661114,0.46551626920700073,0.00043716118671000004,0.006640773732215166,0.004279284738004208,0.004148723557591438,0.004148723557591438,0.001796267693862319,0.0014172056689858437,0.0002442852419335395,0.0,1.6226636034843978e-06,0.0030233508441597223,0.004311968572437763,0.004311968572437763,0.004311968572437763,0.004311968572437763,0,0,0,"{'mean': {'raw': -0.004159845877438784, 'lambda': 0.0, 'weighted': 0.0}, 'log_growth': {'raw': -0.0032425159588456154, 'lambda': 1.0, 'weighted': -0.0032425159588456154}, 'cvar': {'raw': 0.007919040508568287, 'lambda': 0.0, 'weighted': 0.0}, 'turnover': {'raw': 0.02316456474363804, 'lambda': 0.0, 'weighted': 0.0}, 'volatility': {'raw': 0.0020316014997661114, 'lambda': 0.0, 'weighted': 0.0}, 'vol_excess': {'raw': 0.46551626920700073, 'lambda': 0.0, 'weighted': 0.0}, 'weight_path': {'raw': 0.00043716118671000004, 'lambda': 0.0, 'weighted': 0.0}, 'diversify': {'raw': 0.006640773732215166, 'lambda': 0.0, 'weighted': 0.0}}","{'mean': {'raw': -0.004279284738004208, 'lambda': 0.0, 'weighted': 0.0}, 'log_growth': {'raw': -0.004148723557591438, 'lambda': 1.0, 'weighted': -0.004148723557591438}, 'cvar': {'raw': -0.001796267693862319, 'lambda': 0.0, 'weighted': 0.0}, 'turnover': {'raw': 0.0014172056689858437, 'lambda': 0.0, 'weighted': 0.0}, 'volatility': {'raw': 0.0002442852419335395, 'lambda': 0.0, 'weighted': 0.0}, 'vol_excess': {'raw': 0.0, 'lambda': 0.0, 'weighted': 0.0}, 'weight_path': {'raw': 1.6226636034843978e-06, 'lambda': 0.0, 'weighted': 0.0}, 'diversify': {'raw': 0.0030233508441597223, 'lambda': 0.0, 'weighted': 0.0}}",0.0003,410,662,cadence,1,cadence_accept,2.903677523136139e-05,0.0070482968143705735,252
1,-0.003767024725675583,-0.0017513239290565252,0.004687043838202953,0.003767024725675583,0.003767024725675583,-0.007335304282605648,0.025020865723490715,0.0020377482287585735,0.46659791469573975,0.0004842538037337363,0.011543688364326954,0.0018837921088561416,0.0017513239290565252,0.0017513239290565252,-0.000789265614002943,0.0014212699607014656,0.00026145545416511595,0.006684213876724243,1.7344439129374223e-06,0.010718844830989838,0.004356724675744772,0.004356724675744772,0.004356724675744772,0.004356724675744772,0,0,0,"{'mean': {'raw': -0.004687043838202953, 'lambda': 0.0, 'weighted': 0.0}, 'log_growth': {'raw': -0.003767024725675583, 'lambda': 1.0, 'weighted': -0.003767024725675583}, 'cvar': {'raw': 0.007335304282605648, 'lambda': 0.0, 'weighted': 0.0}, 'turnover': {'raw': 0.025020865723490715, 'lambda': 0.0, 'weighted': 0.0}, 'volatility': {'raw': 0.0020377482287585735, 'lambda': 0.0, 'weighted': 0.0}, 'vol_excess': {'raw': 0.46659791469573975, 'lambda': 0.0, 'weighted': 0.0}, 'weight_path': {'raw': 0.0004842538037337363, 'lambda': 0.0, 'weighted': 0.0}, 'diversify': {'raw': 0.011543688364326954, 'lambda': 0.0, 'weighted': 0.0}}","{'mean': {'raw': -0.0018837921088561416, 'lambda': 0.0, 'weighted': 0.0}, 'log_growth': {'raw': -0.0017513239290565252, 'lambda': 1.0, 'weighted': -0.0017513239290565252}, 'cvar': {'raw': 0.000789265614002943, 'lambda': 0.0, 'weighted': 0.0}, 'turnover': {'raw': 0.0014212699607014656, 'lambda': 0.0, 'weighted': 0.0}, 'volatility': {'raw': 0.00026145545416511595, 'lambda': 0.0, 'weighted': 0.0}, 'vol_excess': {'raw': 0.006684213876724243, 'lambda': 0.0, 'weighted': 0.0}, 'weight_path': {'raw': 1.7344439129374223e-06, 'lambda': 0.0, 'weighted': 0.0}, 'diversify': {'raw': 0.010718844830989838, 'lambda': 0.0, 'weighted': 0.0}}",0.0003,415,667,cadence,1,cadence_accept,1.3539101928472519e-05,0.00773078109429792,252
2,-0.003707587718963623,-0.0017648630309849977,0.004617472179234028,0.003707587718963623,0.003707587718963623,-0.00745830312371254,0.02537493407726288,0.0020050983875989914,0.4608338475227356,0.0005497439997270703,0.01818224973976612,0.0018985121278092265,0.0017648630309849977,0.0017648630309849977,-0.0007984557887539268,0.0013363988837227225,0.00026376446476206183,0.007815152406692505,1.533730710434611e-06,0.01836450956761837,0.004469966981559992,0.004469966981559992,0.004469966981559992,0.004469966981559992,0,0,0,"{'mean': {'raw': -0.004617472179234028, 'lambda': 0.0, 'weighted': 0.0}, 'log_growth': {'raw': -0.003707587718963623, 'lambda': 1.0, 'weighted': -0.003707587718963623}, 'cvar': {'raw': 0.00745830312371254, 'lambda': 0.0, 'weighted': 0.0}, 'turnover': {'raw': 0.02537493407726288, 'lambda': 0.0, 'weighted': 0.0}, 'volatility': {'raw': 0.0020050983875989914, 'lambda': 0.0, 'weighted': 0.0}, 'vol_excess': {'raw': 0.4608338475227356, 'lambda': 0.0, 'weighted': 0.0}, 'weight_path': {'raw': 0.0005497439997270703, 'lambda': 0.0, 'weighted': 0.0}, 'diversify': {'raw': 0.01818224973976612, 'lambda': 0.0, 'weighted': 0.0}}","{'mean': {'raw': -0.0018985121278092265, 'lambda': 0.0, 'weighted': 0.0}, 'log_growth': {'raw': -0.0017648630309849977, 'lambda': 1.0, 'weighted': -0.0017648630309849977}, 'cvar': {'raw': 0.0007984557887539268, 'lambda': 0.0, 'weighted': 0.0}, 'turnover': {'raw': 0.0013363988837227225, 'lambda': 0.0, 'weighted': 0.0}, 'volatility': {'raw': 0.00026376446476206183, 'lambda': 0.0, 'weighted': 0.0}, 'vol_excess': {'raw': 0.007815152406692505, 'lambda': 0.0, 'weighted': 0.0}, 'weight_path': {'raw': 1.533730710434611e-06, 'lambda': 0.0, 'weighted': 0.0}, 'diversify': {'raw': 0.01836450956761837, 'lambda': 0.0, 'weighted': 0.0}}",0.0003,415,667,cadence,1,cadence_accept,1.3539101928472519e-05,0.00773078109429792,252
1,-0.0037433297839015722,-0.0013498578919097781,0.004672062583267689,0.0037433297839015722,0.0037433297839015722,-0.007313438691198826,0.02296356111764908,0.002066486980766058,0.4716333746910095,0.0004805642820429057,0.02503819949924946,0.001483773929066956,0.0013498578919097781,0.0013498578919097781,-0.0012405054876580834,0.001413786318153143,0.0002653066476341337,0.008567720651626587,1.6436945315945195e-06,0.025511369109153748,0.0036629000678658485,0.0036629000678658485,0.0036629000678658485,0.0036629000678658485,0,0,0,"{'mean': {'raw': -0.004672062583267689, 'lambda': 0.0, 'weighted': 0.0}, 'log_growth': {'raw': -0.0037433297839015722, 'lambda': 1.0, 'weighted': -0.0037433297839015722}, 'cvar': {'raw': 0.007313438691198826, 'lambda': 0.0, 'weighted': 0.0}, 'turnover': {'raw': 0.02296356111764908, 'lambda': 0.0, 'weighted': 0.0}, 'volatility': {'raw': 0.002066486980766058, 'lambda': 0.0, 'weighted': 0.0}, 'vol_excess': {'raw': 0.4716333746910095, 'lambda': 0.0, 'weighted': 0.0}, 'weight_path': {'raw': 0.0004805642820429057, 'lambda': 0.0, 'weighted': 0.0}, 'diversify': {'raw': 0.02503819949924946, 'lambda': 0.0, 'weighted': 0.0}}","{'mean': {'raw': -0.001483773929066956, 'lambda': 0.0, 'weighted': 0.0}, 'log_growth': {'raw': -0.0013498578919097781, 'lambda': 1.0, 'weighted': -0.0013498578919097781}, 'cvar': {'raw': 0.0012405054876580834, 'lambda': 0.0, 'weighted': 0.0}, 'turnover': {'raw': 0.001413786318153143, 'lambda': 0.0, 'weighted': 0.0}, 'volatility': {'raw': 0.0002653066476341337, 'lambda': 0.0, 'weighted': 0.0}, 'vol_excess': {'raw': 0.008567720651626587, 'lambda': 0.0, 'weighted': 0.0}, 'weight_path': {'raw': 1.6436945315945195e-06, 'lambda': 0.0, 'weighted': 0.0}, 'diversify': {'raw': 0.025511369109153748, 'lambda': 0.0, 'weighted': 0.0}}",0.0003,420,672,cadence,1,cadence_accept,7.68294557929039e-06,0.0056916699303279205,252
2,-0.003733424236997962,-0.0013575408374890685,0.004663172177970409,0.003733424236997962,0.003733424236997962,-0.007341483607888222,0.02321762591600418,0.002067501423880458,0.471810519695282,0.000450771622126922,0.031492430716753006,0.0014924341812729836,0.0013575408374890685,0.0013575408374890685,-0.0012518654111772776,0.0013230725890025496,0.0002672337577678263,0.009505122900009155,1.4395000107469968e-06,0.03191188722848892,0.003699891036376357,0.003699891036376357,0.003699891036376357,0.003699891036376357,0,0,0,"{'mean': {'raw': -0.004663172177970409, 'lambda': 0.0, 'weighted': 0.0}, 'log_growth': {'raw': -0.003733424236997962, 'lambda': 1.0, 'weighted': -0.003733424236997962}, 'cvar': {'raw': 0.007341483607888222, 'lambda': 0.0, 'weighted': 0.0}, 'turnover': {'raw': 0.02321762591600418, 'lambda': 0.0, 'weighted': 0.0}, 'volatility': {'raw': 0.002067501423880458, 'lambda': 0.0, 'weighted': 0.0}, 'vol_excess': {'raw': 0.471810519695282, 'lambda': 0.0, 'weighted': 0.0}, 'weight_path': {'raw': 0.000450771622126922, 'lambda': 0.0, 'weighted': 0.0}, 'diversify': {'raw': 0.031492430716753006, 'lambda': 0.0, 'weighted': 0.0}}","{'mean': {'raw': -0.0014924341812729836, 'lambda': 0.0, 'weighted': 0.0}, 'log_growth': {'raw': -0.0013575408374890685, 'lambda': 1.0, 'weighted': -0.0013575408374890685}, 'cvar': {'raw': 0.0012518654111772776, 'lambda': 0.0, 'weighted': 0.0}, 'turnover': {'raw': 0.0013230725890025496, 'lambda': 0.0, 'weighted': 0.0}, 'volatility': {'raw': 0.0002672337577678263, 'lambda': 0.0, 'weighted': 0.0}, 'vol_excess': {'raw': 0.009505122900009155, 'lambda': 0.0, 'weighted': 0.0}, 'weight_path': {'raw': 1.4395000107469968e-06, 'lambda': 0.0, 'weighted': 0.0}, 'diversify': {'raw': 0.03191188722848892, 'lambda': 0.0, 'weighted': 0.0}}",0.0003,420,672,cadence,1,cadence_accept,7.68294557929039e-06,0.0056916699303279205,252
1,-0.0038379740435630083,0.00035790257970802486,0.004760672338306904,0.0038379740435630083,0.0038379740435630083,-0.007197181694209576,0.01914607547223568,0.002049416536465287,0.4686465859413147,0.00029105826979503036,0.03584114462137222,-0.00021802402625326067,-0.00035790257970802486,-0.00035790257970802486,-0.0030168150551617146,0.0012611725833266973,0.0002793362073134631,0.015316277742385864,1.3101306421958725e-06,0.03786717355251312,0.003644834738224745,0.003644834738224745,0.003644834738224745,0.003644834738224745,0,0,0,"{'mean': {'raw': -0.004760672338306904, 'lambda': 0.0, 'weighted': 0.0}, 'log_growth': {'raw': -0.0038379740435630083, 'lambda': 1.0, 'weighted': -0.0038379740435630083}, 'cvar': {'raw': 0.007197181694209576, 'lambda': 0.0, 'weighted': 0.0}, 'turnover': {'raw': 0.01914607547223568, 'lambda': 0.0, 'weighted': 0.0}, 'volatility': {'raw': 0.002049416536465287, 'lambda': 0.0, 'weighted': 0.0}, 'vol_excess': {'raw': 0.4686465859413147, 'lambda': 0.0, 'weighted': 0.0}, 'weight_path': {'raw': 0.00029105826979503036, 'lambda': 0.0, 'weighted': 0.0}, 'diversify': {'raw': 0.03584114462137222, 'lambda': 0.0, 'weighted': 0.0}}","{'mean': {'raw': 0.00021802402625326067, 'lambda': 0.0, 'weighted': 0.0}, 'log_growth': {'raw': 0.00035790257970802486, 'lambda': 1.0, 'weighted': 0.00035790257970802486}, 'cvar': {'raw': 0.0030168150551617146, 'lambda': 0.0, 'weighted': 0.0}, 'turnover': {'raw': 0.0012611725833266973, 'lambda': 0.0, 'weighted': 0.0}, 'volatility': {'raw': 0.0002793362073134631, 'lambda': 0.0, 'weighted': 0.0}, 'vol_excess': {'raw': 0.015316277742385864, 'lambda': 0.0, 'weighted': 0.0}, 'weight_path': {'raw': 1.3101306421958725e-06, 'lambda': 0.0, 'weighted': 0.0}, 'diversify': {'raw': 0.03786717355251312, 'lambda': 0.0, 'weighted': 0.0}}",0.0003,425,677,cadence,1,cadence_accept,-1.4121760614216328e-06,-0.003945699577320676,252
2,-0.0038603036664426327,0.0003593147557694465,0.004800676833838224,0.0038603036664426327,0.0038603036664426327,-0.007264281623065472,0.0188833586871624,0.002096482552587986,0.4768518805503845,0.0002922689018305391,0.04226743057370186,-0.00021863900474272668,-0.0003593147557694465,-0.0003593147557694465,-0.0030334284529089928,0.0011763605289161205,0.0002809263241942972,0.01607033610343933,1.1398217338864924e-06,0.04315846413373947,0.0033205021172761917,0.0033205021172761917,0.0033205021172761917,0.0033205021172761917,0,0,0,"{'mean': {'raw': -0.004800676833838224, 'lambda': 0.0, 'weighted': 0.0}, 'log_growth': {'raw': -0.0038603036664426327, 'lambda': 1.0, 'weighted': -0.0038603036664426327}, 'cvar': {'raw': 0.007264281623065472, 'lambda': 0.0, 'weighted': 0.0}, 'turnover': {'raw': 0.0188833586871624, 'lambda': 0.0, 'weighted': 0.0}, 'volatility': {'raw': 0.002096482552587986, 'lambda': 0.0, 'weighted': 0.0}, 'vol_excess': {'raw': 0.4768518805503845, 'lambda': 0.0, 'weighted': 0.0}, 'weight_path': {'raw': 0.0002922689018305391, 'lambda': 0.0, 'weighted': 0.0}, 'diversify': {'raw': 0.04226743057370186, 'lambda': 0.0, 'weighted': 0.0}}","{'mean': {'raw': 0.00021863900474272668, 'lambda': 0.0, 'weighted': 0.0}, 'log_growth': {'raw': 0.0003593147557694465, 'lambda': 1.0, 'weighted': 0.0003593147557694465}, 'cvar': {'raw': 0.0030334284529089928, 'lambda': 0.0, 'weighted': 0.0}, 'turnover': {'raw': 0.0011763605289161205, 'lambda': 0.0, 'weighted': 0.0}, 'volatility': {'raw': 0.0002809263241942972, 'lambda': 0.0, 'weighted': 0.0}, 'vol_excess': {'raw': 0.01607033610343933, 'lambda': 0.0, 'weighted': 0.0}, 'weight_path': {'raw': 1.1398217338864924e-06, 'lambda': 0.0, 'weighted': 0.0}, 'diversify': {'raw': 0.04315846413373947, 'lambda': 0.0, 'weighted': 0.0}}",0.0003,425,677,cadence,1,cadence_accept,-1.4121760614216328e-06,-0.003945699577320676,252
1,-0.0036033291835337877,-0.0013543472159653902,0.004530296195298433,0.0036033291835337877,0.0036033291835337877,-0.007314894814044237,0.020335465669631958,0.0020703072659671307,0.47230011224746704,0.0003581050259526819,0.042064107954502106,0.0015031604561954737,0.0013543472159653902,0.0013543472159653902,-0.0014916849322617054,0.00116645242087543,0.0002955090021714568,0.02288872003555298,1.0867228183997213e-06,0.04312498867511749,0.003148891730234027,0.003148891730234027,0.003148891730234027,0.003148891730234027,0,0,0,"{'mean': {'raw': -0.004530296195298433, 'lambda': 0.0, 'weighted': 0.0}, 'log_growth': {'raw': -0.0036033291835337877, 'lambda': 1.0, 'weighted': -0.0036033291835337877}, 'cvar': {'raw': 0.007314894814044237, 'lambda': 0.0, 'weighted': 0.0}, 'turnover': {'raw': 0.020335465669631958, 'lambda': 0.0, 'weighted': 0.0}, 'volatility': {'raw': 0.0020703072659671307, 'lambda': 0.0, 'weighted': 0.0}, 'vol_excess': {'raw': 0.47230011224746704, 'lambda': 0.0, 'weighted': 0.0}, 'weight_path': {'raw': 0.0003581050259526819, 'lambda': 0.0, 'weighted': 0.0}, 'diversify': {'raw': 0.042064107954502106, 'lambda': 0.0, 'weighted': 0.0}}","{'mean': {'raw': -0.0015031604561954737, 'lambda': 0.0, 'weighted': 0.0}, 'log_growth': {'raw': -0.0013543472159653902, 'lambda': 1.0, 'weighted': -0.0013543472159653902}, 'cvar': {'raw': 0.0014916849322617054, 'lambda': 0.0, 'weighted': 0.0}, 'turnover': {'raw': 0.00116645242087543, 'lambda': 0.0, 'weighted': 0.0}, 'volatility': {'raw': 0.0002955090021714568, 'lambda': 0.0, 'weighted': 0.0}, 'vol_excess': {'raw': 0.02288872003555298, 'lambda': 0.0, 'weighted': 0.0}, 'weight_path': {'raw': 1.0867228183997213e-06, 'lambda': 0.0, 'weighted': 0.0}, 'diversify': {'raw': 0.04312498867511749, 'lambda': 0.0, 'weighted': 0.0}}",0.0003,430,682,cadence,1,cadence_accept,1.941458322107792e-06,0.0014335011714779527,252
2,-0.0036271512508392334,-0.001356288674287498,0.004563587252050638,0.0036271512508392334,0.0036271512508392334,-0.007368234917521477,0.018392521888017654,0.0020931935869157314,0.47628146409988403,0.00027274282183498144,0.046751681715250015,0.0015058597782626748,0.001356288674287498,0.001356288674287498,-0.0015043721068650484,0.001089558470994234,0.00029701594030484557,0.023583650588989258,9.481998972660222e-07,0.0477919727563858,0.0029243584722280502,0.0029243584722280502,0.0029243584722280502,0.0029243584722280502,0,0,0,"{'mean': {'raw': -0.004563587252050638, 'lambda': 0.0, 'weighted': 0.0}, 'log_growth': {'raw': -0.0036271512508392334, 'lambda': 1.0, 'weighted': -0.0036271512508392334}, 'cvar': {'raw': 0.007368234917521477, 'lambda': 0.0, 'weighted': 0.0}, 'turnover': {'raw': 0.018392521888017654, 'lambda': 0.0, 'weighted': 0.0}, 'volatility': {'raw': 0.0020931935869157314, 'lambda': 0.0, 'weighted': 0.0}, 'vol_excess': {'raw': 0.47628146409988403, 'lambda': 0.0, 'weighted': 0.0}, 'weight_path': {'raw': 0.00027274282183498144, 'lambda': 0.0, 'weighted': 0.0}, 'diversify': {'raw': 0.046751681715250015, 'lambda': 0.0, 'weighted': 0.0}}","{'mean': {'raw': -0.0015058597782626748, 'lambda': 0.0, 'weighted': 0.0}, 'log_growth': {'raw': -0.001356288674287498, 'lambda': 1.0, 'weighted': -0.001356288674287498}, 'cvar': {'raw': 0.0015043721068650484, 'lambda': 0.0, 'weighted': 0.0}, 'turnover': {'raw': 0.001089558470994234, 'lambda': 0.0, 'weighted': 0.0}, 'volatility': {'raw': 0.00029701594030484557, 'lambda': 0.0, 'weighted': 0.0}, 'vol_excess': {'raw': 0.023583650588989258, 'lambda': 0.0, 'weighted': 0.0}, 'weight_path': {'raw': 9.481998972660222e-07, 'lambda': 0.0, 'weighted': 0.0}, 'diversify': {'raw': 0.0477919727563858, 'lambda': 0.0, 'weighted': 0.0}}",0.0003,430,682,cadence,1,cadence_accept,1.941458322107792e-06,0.0014335011714779527,252
1,-0.0041563245467841625,0.00028219923842698336,0.005095112603157759,0.0041563245467841625,0.0041563245467841625,-0.0068610371090471745,0.01835107058286667,0.0020956157241016626,0.476701557636261,0.00028412259416654706,0.050832003355026245,-0.00013472669525071979,-0.00028219923842698336,-0.00028219923842698336,-0.0030853133648633957,0.0010150364832952619,0.0002945547748822719,0.022447794675827026,8.311994292853342e-07,0.0519585981965065,0.0029118936508893967,0.0029118936508893967,0.0029118936508893967,0.0029118936508893967,0,0,0,"{'mean': {'raw': -0.005095112603157759, 'lambda': 0.0, 'weighted': 0.0}, 'log_growth': {'raw': -0.0041563245467841625, 'lambda': 1.0, 'weighted': -0.0041563245467841625}, 'cvar': {'raw': 0.0068610371090471745, 'lambda': 0.0, 'weighted': 0.0}, 'turnover': {'raw': 0.01835107058286667, 'lambda': 0.0, 'weighted': 0.0}, 'volatility': {'raw': 0.0020956157241016626, 'lambda': 0.0, 'weighted': 0.0}, 'vol_excess': {'raw': 0.476701557636261, 'lambda': 0.0, 'weighted': 0.0}, 'weight_path': {'raw': 0.00028412259416654706, 'lambda': 0.0, 'weighted': 0.0}, 'diversify': {'raw': 0.050832003355026245, 'lambda': 0.0, 'weighted': 0.0}}","{'mean': {'raw': 0.00013472669525071979, 'lambda': 0.0, 'weighted': 0.0}, 'log_growth': {'raw': 0.00028219923842698336, 'lambda': 1.0, 'weighted': 0.00028219923842698336}, 'cvar': {'raw': 0.0030853133648633957, 'lambda': 0.0, 'weighted': 0.0}, 'turnover': {'raw': 0.0010150364832952619, 'lambda': 0.0, 'weighted': 0.0}, 'volatility': {'raw': 0.0002945547748822719, 'lambda': 0.0, 'weighted': 0.0}, 'vol_excess': {'raw': 0.022447794675827026, 'lambda': 0.0, 'weighted': 0.0}, 'weight_path': {'raw': 8.311994292853342e-07, 'lambda': 0.0, 'weighted': 0.0}, 'diversify': {'raw': 0.0519585981965065, 'lambda': 0.0, 'weighted': 0.0}}",0.0003,434,686,cadence,1,cadence_accept,-2.9032526072114706e-06,-0.010287953337885103,252
2,-0.0041873580776154995,0.0002851024910341948,0.005137343425303698,0.0041873580776154995,0.0041873580776154995,-0.006900893058627844,0.01622341386973858,0.0021238939370959997,0.4815881848335266,0.00021293364989105612,0.05609588325023651,-0.00013698243128601462,-0.0002851024910341948,-0.0002851024910341948,-0.003100478323176503,0.0009475552942603827,0.0002958459663204849,0.023044288158416748,7.243313575600041e-07,0.05580538883805275,0.0025125457905232906,0.0025125457905232906,0.0025125457905232906,0.0025125457905232906,0,0,0,"{'mean': {'raw': -0.005137343425303698, 'lambda': 0.0, 'weighted': 0.0}, 'log_growth': {'raw': -0.0041873580776154995, 'lambda': 1.0, 'weighted': -0.0041873580776154995}, 'cvar': {'raw': 0.006900893058627844, 'lambda': 0.0, 'weighted': 0.0}, 'turnover': {'raw': 0.01622341386973858, 'lambda': 0.0, 'weighted': 0.0}, 'volatility': {'raw': 0.0021238939370959997, 'lambda': 0.0, 'weighted': 0.0}, 'vol_excess': {'raw': 0.4815881848335266, 'lambda': 0.0, 'weighted': 0.0}, 'weight_path': {'raw': 0.00021293364989105612, 'lambda': 0.0, 'weighted': 0.0}, 'diversify': {'raw': 0.05609588325023651, 'lambda': 0.0, 'weighted': 0.0}}","{'mean': {'raw': 0.00013698243128601462, 'lambda': 0.0, 'weighted': 0.0}, 'log_growth': {'raw': 0.0002851024910341948, 'lambda': 1.0, 'weighted': 0.0002851024910341948}, 'cvar': {'raw': 0.003100478323176503, 'lambda': 0.0, 'weighted': 0.0}, 'turnover': {'raw': 0.0009475552942603827, 'lambda': 0.0, 'weighted': 0.0}, 'volatility': {'raw': 0.0002958459663204849, 'lambda': 0.0, 'weighted': 0.0}, 'vol_excess': {'raw': 0.023044288158416748, 'lambda': 0.0, 'weighted': 0.0}, 'weight_path': {'raw': 7.243313575600041e-07, 'lambda': 0.0, 'weighted': 0.0}, 'diversify': {'raw': 0.05580538883805275, 'lambda': 0.0, 'weighted': 0.0}}",0.0003,434,686,cadence,1,cadence_accept,-2.9032526072114706e-06,-0.010287953337885103,252
1,-0.004636544268578291,0.0002802998060360551,0.005576818250119686,0.004636544268578291,0.004636544268578291,-0.006383498664945364,0.019289124757051468,0.002095813862979412,0.4767358899116516,0.0003227568231523037,0.05503333732485771,-0.00013396062422543764,-0.0002802998060360551,-0.0002802998060360551,-0.00307090999558568,0.0009157242602668703,0.00029214771348051727,0.02133229374885559,6.971661719035183e-07,0.055675897747278214,0.003085707314312458,0.003085707314312458,0.003085707314312458,0.003085707314312458,0,0,0,"{'mean': {'raw': -0.005576818250119686, 'lambda': 0.0, 'weighted': 0.0}, 'log_growth': {'raw': -0.004636544268578291, 'lambda': 1.0, 'weighted': -0.004636544268578291}, 'cvar': {'raw': 0.006383498664945364, 'lambda': 0.0, 'weighted': 0.0}, 'turnover': {'raw': 0.019289124757051468, 'lambda': 0.0, 'weighted': 0.0}, 'volatility': {'raw': 0.002095813862979412, 'lambda': 0.0, 'weighted': 0.0}, 'vol_excess': {'raw': 0.4767358899116516, 'lambda': 0.0, 'weighted': 0.0}, 'weight_path': {'raw': 0.0003227568231523037, 'lambda': 0.0, 'weighted': 0.0}, 'diversify': {'raw': 0.05503333732485771, 'lambda': 0.0, 'weighted': 0.0}}","{'mean': {'raw': 0.00013396062422543764, 'lambda': 0.0, 'weighted': 0.0}, 'log_growth': {'raw': 0.0002802998060360551, 'lambda': 1.0, 'weighted': 0.0002802998060360551}, 'cvar': {'raw': 0.00307090999558568, 'lambda': 0.0, 'weighted': 0.0}, 'turnover': {'raw': 0.0009157242602668703, 'lambda': 0.0, 'weighted': 0.0}, 'volatility': {'raw': 0.00029214771348051727, 'lambda': 0.0, 'weighted': 0.0}, 'vol_excess': {'raw': 0.02133229374885559, 'lambda': 0.0, 'weighted': 0.0}, 'weight_path': {'raw': 6.971661719035183e-07, 'lambda': 0.0, 'weighted': 0.0}, 'diversify': {'raw': 0.055675897747278214, 'lambda': 0.0, 'weighted': 0.0}}",0.0003,439,691,cadence,1,cadence_accept,-1.5022233128547668e-06,-0.005359344798484058,252
2,-0.004683869890868664,0.00028180202934890985,0.005631815176457167,0.004683869890868664,0.004683869890868664,-0.006386129185557365,0.015969322994351387,0.002114363946020603,0.47994500398635864,0.0002200938033638522,0.058530453592538834,-0.00013487554679159075,-0.00028180202934890985,-0.00028180202934890985,-0.0030836015939712524,0.0008557491237297654,0.0002933190844487399,0.021875709295272827,6.087755082262447e-07,0.059118062257766724,0.002609459450468421,0.002609459450468421,0.002609459450468421,0.002609459450468421,0,0,0,"{'mean': {'raw': -0.005631815176457167, 'lambda': 0.0, 'weighted': 0.0}, 'log_growth': {'raw': -0.004683869890868664, 'lambda': 1.0, 'weighted': -0.004683869890868664}, 'cvar': {'raw': 0.006386129185557365, 'lambda': 0.0, 'weighted': 0.0}, 'turnover': {'raw': 0.015969322994351387, 'lambda': 0.0, 'weighted': 0.0}, 'volatility': {'raw': 0.002114363946020603, 'lambda': 0.0, 'weighted': 0.0}, 'vol_excess': {'raw': 0.47994500398635864, 'lambda': 0.0, 'weighted': 0.0}, 'weight_path': {'raw': 0.0002200938033638522, 'lambda': 0.0, 'weighted': 0.0}, 'diversify': {'raw': 0.058530453592538834, 'lambda': 0.0, 'weighted': 0.0}}","{'mean': {'raw': 0.00013487554679159075, 'lambda': 0.0, 'weighted': 0.0}, 'log_growth': {'raw': 0.00028180202934890985, 'lambda': 1.0, 'weighted': 0.00028180202934890985}, 'cvar': {'raw': 0.0030836015939712524, 'lambda': 0.0, 'weighted': 0.0}, 'turnover': {'raw': 0.0008557491237297654, 'lambda': 0.0, 'weighted': 0.0}, 'volatility': {'raw': 0.0002933190844487399, 'lambda': 0.0, 'weighted': 0.0}, 'vol_excess': {'raw': 0.021875709295272827, 'lambda': 0.0, 'weighted': 0.0}, 'weight_path': {'raw': 6.087755082262447e-07, 'lambda': 0.0, 'weighted': 0.0}, 'diversify': {'raw': 0.059118062257766724, 'lambda': 0.0, 'weighted': 0.0}}",0.0003,439,691,cadence,1,cadence_accept,-1.5022233128547668e-06,-0.005359344798484058,252
1,-0.004720589611679316,0.0004704593156930059,0.005663333460688591,0.004720589611679316,0.004720589611679316,-0.006249796599149704,0.015952862799167633,0.002106050495058298,0.47850853204727173,0.00022525085660163313,0.058194588869810104,-0.0003292827168479562,-0.0004704593156930059,-0.0004704593156930059,-0.0031679626554250717,0.0009111079853028059,0.0002815519692376256,0.01636648178100586,6.647539976256667e-07,0.05880827084183693,0.002812755759805441,0.002812755759805441,0.002812755759805441,0.002812755759805441,0,0,0,"{'mean': {'raw': -0.005663333460688591, 'lambda': 0.0, 'weighted': 0.0}, 'log_growth': {'raw': -0.004720589611679316, 'lambda': 1.0, 'weighted': -0.004720589611679316}, 'cvar': {'raw': 0.006249796599149704, 'lambda': 0.0, 'weighted': 0.0}, 'turnover': {'raw': 0.015952862799167633, 'lambda': 0.0, 'weighted': 0.0}, 'volatility': {'raw': 0.002106050495058298, 'lambda': 0.0, 'weighted': 0.0}, 'vol_excess': {'raw': 0.47850853204727173, 'lambda': 0.0, 'weighted': 0.0}, 'weight_path': {'raw': 0.00022525085660163313, 'lambda': 0.0, 'weighted': 0.0}, 'diversify': {'raw': 0.058194588869810104, 'lambda': 0.0, 'weighted': 0.0}}","{'mean': {'raw': 0.0003292827168479562, 'lambda': 0.0, 'weighted': 0.0}, 'log_growth': {'raw': 0.0004704593156930059, 'lambda': 1.0, 'weighted': 0.0004704593156930059}, 'cvar': {'raw': 0.0031679626554250717, 'lambda': 0.0, 'weighted': 0.0}, 'turnover': {'raw': 0.0009111079853028059, 'lambda': 0.0, 'weighted': 0.0}, 'volatility': {'raw': 0.0002815519692376256, 'lambda': 0.0, 'weighted': 0.0}, 'vol_excess': {'raw': 0.01636648178100586, 'lambda': 0.0, 'weighted': 0.0}, 'weight_path': {'raw': 6.647539976256667e-07, 'lambda': 0.0, 'weighted': 0.0}, 'diversify': {'raw': 0.05880827084183693, 'lambda': 0.0, 'weighted': 0.0}}",0.0003,444,696,cadence,1,cadence_accept,-1.9510043784976006e-06,-0.004147020388950468,252
2,-0.004693969152867794,0.0004724103200715035,0.005630238447338343,0.004693969152867794,0.004693969152867794,-0.0063235885463654995,0.014126477763056755,0.0020837539341300726,0.47464197874069214,0.0001705885661067441,0.062478624284267426,-0.00033070743666030467,-0.0004724103200715035,-0.0004724103200715035,-0.00317993457429111,0.0008541999268345535,0.000282600725768134,0.016862094402313232,5.834964440509793e-07,0.06193261966109276,0.0030433759093284607,0.0030433759093284607,0.0030433759093284607,0.0030433759093284607,0,0,0,"{'mean': {'raw': -0.005630238447338343, 'lambda': 0.0, 'weighted': 0.0}, 'log_growth': {'raw': -0.004693969152867794, 'lambda': 1.0, 'weighted': -0.004693969152867794}, 'cvar': {'raw': 0.0063235885463654995, 'lambda': 0.0, 'weighted': 0.0}, 'turnover': {'raw': 0.014126477763056755, 'lambda': 0.0, 'weighted': 0.0}, 'volatility': {'raw': 0.0020837539341300726, 'lambda': 0.0, 'weighted': 0.0}, 'vol_excess': {'raw': 0.47464197874069214, 'lambda': 0.0, 'weighted': 0.0}, 'weight_path': {'raw': 0.0001705885661067441, 'lambda': 0.0, 'weighted': 0.0}, 'diversify': {'raw': 0.062478624284267426, 'lambda': 0.0, 'weighted': 0.0}}","{'mean': {'raw': 0.00033070743666030467, 'lambda': 0.0, 'weighted': 0.0}, 'log_growth': {'raw': 0.0004724103200715035, 'lambda': 1.0, 'weighted': 0.0004724103200715035}, 'cvar': {'raw': 0.00317993457429111, 'lambda': 0.0, 'weighted': 0.0}, 'turnover': {'raw': 0.0008541999268345535, 'lambda': 0.0, 'weighted': 0.0}, 'volatility': {'raw': 0.000282600725768134, 'lambda': 0.0, 'weighted': 0.0}, 'vol_excess': {'raw': 0.016862094402313232, 'lambda': 0.0, 'weighted': 0.0}, 'weight_path': {'raw': 5.834964440509793e-07, 'lambda': 0.0, 'weighted': 0.0}, 'diversify': {'raw': 0.06193261966109276, 'lambda': 0.0, 'weighted': 0.0}}",0.0003,444,696,cadence,1,cadence_accept,-1.9510043784976006e-06,-0.004147020388950468,252
1,-0.0051818848587572575,0.0013431209372356534,0.006108238361775875,0.0051818848587572575,0.0051818848587572575,-0.005571816116571426,0.015610877424478531,0.0020629134960472584,0.47100919485092163,0.00019174988847225904,0.06171794608235359,-0.0011932735797017813,-0.0013431209372356534,-0.0013431209372356534,-0.004183594603091478,0.0008841239614412189,0.00029705712222494185,0.023602604866027832,6.410594437511463e-07,0.06158754229545593,0.0031504749786108732,0.0031504749786108732,0.0031504749786108732,0.0031504749786108732,0,0,0,"{'mean': {'raw': -0.006108238361775875, 'lambda': 0.0, 'weighted': 0.0}, 'log_growth': {'raw': -0.0051818848587572575, 'lambda': 1.0, 'weighted': -0.0051818848587572575}, 'cvar': {'raw': 0.005571816116571426, 'lambda': 0.0, 'weighted': 0.0}, 'turnover': {'raw': 0.015610877424478531, 'lambda': 0.0, 'weighted': 0.0}, 'volatility': {'raw': 0.0020629134960472584, 'lambda': 0.0, 'weighted': 0.0}, 'vol_excess': {'raw': 0.47100919485092163, 'lambda': 0.0, 'weighted': 0.0}, 'weight_path': {'raw': 0.00019174988847225904, 'lambda': 0.0, 'weighted': 0.0}, 'diversify': {'raw': 0.06171794608235359, 'lambda': 0.0, 'weighted': 0.0}}","{'mean': {'raw': 0.0011932735797017813, 'lambda': 0.0, 'weighted': 0.0}, 'log_growth': {'raw': 0.0013431209372356534, 'lambda': 1.0, 'weighted': 0.0013431209372356534}, 'cvar': {'raw': 0.004183594603091478, 'lambda': 0.0, 'weighted': 0.0}, 'turnover': {'raw': 0.0008841239614412189, 'lambda': 0.0, 'weighted': 0.0}, 'volatility': {'raw': 0.00029705712222494185, 'lambda': 0.0, 'weighted': 0.0}, 'vol_excess': {'raw': 0.023602604866027832, 'lambda': 0.0, 'weighted': 0.0}, 'weight_path': {'raw': 6.410594437511463e-07, 'lambda': 0.0, 'weighted': 0.0}, 'diversify': {'raw': 0.06158754229545593, 'lambda': 0.0, 'weighted': 0.0}}",0.0003,449,701,cadence,1,cadence_accept,-4.55719418823719e-06,-0.0033929887164320426,252
2,-0.005238288547843695,0.0013476781314238906,0.00617878045886755,0.005238288547843695,0.005238288547843695,-0.005609080195426941,0.013049795292317867,0.0020985237788408995,0.4772055745124817,0.00014321511844173074,0.0657506212592125,-0.00119731982704252,-0.0013476781314238906,-0.0013476781314238906,-0.004197673872113228,0.0008289944380521774,0.00029806361999362707,0.024065732955932617,5.641456368721265e-07,0.06444460153579712,0.002549261786043644,0.002549261786043644,0.002549261786043644,0.002549261786043644,0,0,0,"{'mean': {'raw': -0.00617878045886755, 'lambda': 0.0, 'weighted': 0.0}, 'log_growth': {'raw': -0.005238288547843695, 'lambda': 1.0, 'weighted': -0.005238288547843695}, 'cvar': {'raw': 0.005609080195426941, 'lambda': 0.0, 'weighted': 0.0}, 'turnover': {'raw': 0.013049795292317867, 'lambda': 0.0, 'weighted': 0.0}, 'volatility': {'raw': 0.0020985237788408995, 'lambda': 0.0, 'weighted': 0.0}, 'vol_excess': {'raw': 0.4772055745124817, 'lambda': 0.0, 'weighted': 0.0}, 'weight_path': {'raw': 0.00014321511844173074, 'lambda': 0.0, 'weighted': 0.0}, 'diversify': {'raw': 0.0657506212592125, 'lambda': 0.0, 'weighted': 0.0}}","{'mean': {'raw': 0.00119731982704252, 'lambda': 0.0, 'weighted': 0.0}, 'log_growth': {'raw': 0.0013476781314238906, 'lambda': 1.0, 'weighted': 0.0013476781314238906}, 'cvar': {'raw': 0.004197673872113228, 'lambda': 0.0, 'weighted': 0.0}, 'turnover': {'raw': 0.0008289944380521774, 'lambda': 0.0, 'weighted': 0.0}, 'volatility': {'raw': 0.00029806361999362707, 'lambda': 0.0, 'weighted': 0.0}, 'vol_excess': {'raw': 0.024065732955932617, 'lambda': 0.0, 'weighted': 0.0}, 'weight_path': {'raw': 5.641456368721265e-07, 'lambda': 0.0, 'weighted': 0.0}, 'diversify': {'raw': 0.06444460153579712, 'lambda': 0.0, 'weighted': 0.0}}",0.0003,449,701,cadence,1,cadence_accept,-4.55719418823719e-06,-0.0033929887164320426,252
1,-0.004821114242076874,0.0008022881811484694,0.005754974205046892,0.004821114242076874,0.004821114242076874,-0.0059217531234025955,0.013615859672427177,0.0020885062403976917,0.4754678010940552,0.00015840568812564015,0.06409331411123276,-0.000661719124764204,-0.0008022881811484694,-0.0008022881811484694,-0.0034863476175814867,0.000929043279029429,0.00027978006983175874,0.01552698016166687,7.116439633136906e-07,0.06400623172521591,0.0024875246454030275,0.0024875246454030275,0.0024875246454030275,0.0024875246454030275,0,0,0,"{'mean': {'raw': -0.005754974205046892, 'lambda': 0.0, 'weighted': 0.0}, 'log_growth': {'raw': -0.004821114242076874, 'lambda': 1.0, 'weighted': -0.004821114242076874}, 'cvar': {'raw': 0.0059217531234025955, 'lambda': 0.0, 'weighted': 0.0}, 'turnover': {'raw': 0.013615859672427177, 'lambda': 0.0, 'weighted': 0.0}, 'volatility': {'raw': 0.0020885062403976917, 'lambda': 0.0, 'weighted': 0.0}, 'vol_excess': {'raw': 0.4754678010940552, 'lambda': 0.0, 'weighted': 0.0}, 'weight_path': {'raw': 0.00015840568812564015, 'lambda': 0.0, 'weighted': 0.0}, 'diversify': {'raw': 0.06409331411123276, 'lambda': 0.0, 'weighted': 0.0}}","{'mean': {'raw': 0.000661719124764204, 'lambda': 0.0, 'weighted': 0.0}, 'log_growth': {'raw': 0.0008022881811484694, 'lambda': 1.0, 'weighted': 0.0008022881811484694}, 'cvar': {'raw': 0.0034863476175814867, 'lambda': 0.0, 'weighted': 0.0}, 'turnover': {'raw': 0.000929043279029429, 'lambda': 0.0, 'weighted': 0.0}, 'volatility': {'raw': 0.00027978006983175874, 'lambda': 0.0, 'weighted': 0.0}, 'vol_excess': {'raw': 0.01552698016166687, 'lambda': 0.0, 'weighted': 0.0}, 'weight_path': {'raw': 7.116439633136906e-07, 'lambda': 0.0, 'weighted': 0.0}, 'diversify': {'raw': 0.06400623172521591, 'lambda': 0.0, 'weighted': 0.0}}",0.0003,454,706,cadence,1,cadence_accept,-3.909168299287558e-06,-0.004872523846504991,252
2,-0.00480373902246356,0.000806197349447757,0.005740925669670105,0.00480373902246356,0.00480373902246356,-0.005981012713164091,0.014840015210211277,0.002096723299473524,0.4768935441970825,0.00017378570919390768,0.06664946675300598,-0.0006651845760643482,-0.000806197349447757,-0.000806197349447757,-0.0034986669197678566,0.0008735291776247323,0.0002806582488119602,0.01594337821006775,6.295322805272008e-07,0.06660276651382446,0.002622228814288974,0.002622228814288974,0.002622228814288974,0.002622228814288974,0,0,0,"{'mean': {'raw': -0.005740925669670105, 'lambda': 0.0, 'weighted': 0.0}, 'log_growth': {'raw': -0.00480373902246356, 'lambda': 1.0, 'weighted': -0.00480373902246356}, 'cvar': {'raw': 0.005981012713164091, 'lambda': 0.0, 'weighted': 0.0}, 'turnover': {'raw': 0.014840015210211277, 'lambda': 0.0, 'weighted': 0.0}, 'volatility': {'raw': 0.002096723299473524, 'lambda': 0.0, 'weighted': 0.0}, 'vol_excess': {'raw': 0.4768935441970825, 'lambda': 0.0, 'weighted': 0.0}, 'weight_path': {'raw': 0.00017378570919390768, 'lambda': 0.0, 'weighted': 0.0}, 'diversify': {'raw': 0.06664946675300598, 'lambda': 0.0, 'weighted': 0.0}}","{'mean': {'raw': 0.0006651845760643482, 'lambda': 0.0, 'weighted': 0.0}, 'log_growth': {'raw': 0.000806197349447757, 'lambda': 1.0, 'weighted': 0.000806197349447757}, 'cvar': {'raw': 0.0034986669197678566, 'lambda': 0.0, 'weighted': 0.0}, 'turnover': {'raw': 0.0008735291776247323, 'lambda': 0.0, 'weighted': 0.0}, 'volatility': {'raw': 0.0002806582488119602, 'lambda': 0.0, 'weighted': 0.0}, 'vol_excess': {'raw': 0.01594337821006775, 'lambda': 0.0, 'weighted': 0.0}, 'weight_path': {'raw': 6.295322805272008e-07, 'lambda': 0.0, 'weighted': 0.0}, 'diversify': {'raw': 0.06660276651382446, 'lambda': 0.0, 'weighted': 0.0}}",0.0003,454,706,cadence,1,cadence_accept,-3.909168299287558e-06,-0.004872523846504991,252
1,-0.006076544988900423,4.733353853225708e-05,0.0069674416445195675,0.006076544988900423,0.006076544988900423,-0.0035907297860831022,0.013753174804151058,0.001989522483199835,0.45806753635406494,0.00014949085016269237,0.06690704822540283,9.399506961926818e-05,-4.733353853225708e-05,-4.733353853225708e-05,-0.002752905245870352,0.0009285906562581658,0.00028217994258739054,0.01666337251663208,6.778909096283314e-07,0.06617256999015808,0.0028764749877154827,0.0028764749877154827,0.0028764749877154827,0.0028764749877154827,0,0,0,"{'mean': {'raw': -0.0069674416445195675, 'lambda': 0.0, 'weighted': 0.0}, 'log_growth': {'raw': -0.006076544988900423, 'lambda': 1.0, 'weighted': -0.006076544988900423}, 'cvar': {'raw': 0.0035907297860831022, 'lambda': 0.0, 'weighted': 0.0}, 'turnover': {'raw': 0.013753174804151058, 'lambda': 0.0, 'weighted': 0.0}, 'volatility': {'raw': 0.001989522483199835, 'lambda': 0.0, 'weighted': 0.0}, 'vol_excess': {'raw': 0.45806753635406494, 'lambda': 0.0, 'weighted': 0.0}, 'weight_path': {'raw': 0.00014949085016269237, 'lambda': 0.0, 'weighted': 0.0}, 'diversify': {'raw': 0.06690704822540283, 'lambda': 0.0, 'weighted': 0.0}}","{'mean': {'raw': -9.399506961926818e-05, 'lambda': 0.0, 'weighted': 0.0}, 'log_growth': {'raw': 4.733353853225708e-05, 'lambda': 1.0, 'weighted': 4.733353853225708e-05}, 'cvar': {'raw': 0.002752905245870352, 'lambda': 0.0, 'weighted': 0.0}, 'turnover': {'raw': 0.0009285906562581658, 'lambda': 0.0, 'weighted': 0.0}, 'volatility': {'raw': 0.00028217994258739054, 'lambda': 0.0, 'weighted': 0.0}, 'vol_excess': {'raw': 0.01666337251663208, 'lambda': 0.0, 'weighted': 0.0}, 'weight_path': {'raw': 6.778909096283314e-07, 'lambda': 0.0, 'weighted': 0.0}, 'diversify': {'raw': 0.06617256999015808, 'lambda': 0.0, 'weighted': 0.0}}",0.0003,459,711,cadence,1,cadence_accept,-1.723019522614777e-06,-0.036401662323194015,252
2,-0.00607524998486042,4.905655805487186e-05,0.006966433487832546,0.00607524998486042,0.00607524998486042,-0.003625537035986781,0.013018094934523106,0.001988308737054467,0.4578515291213989,0.00014566558820661157,0.06960052996873856,9.269915608456358e-05,-4.905655805487186e-05,-4.905655805487186e-05,-0.0027627572417259216,0.0008715074509382248,0.0002830325101967901,0.017065882682800293,5.972850090074644e-07,0.06859651207923889,0.0028649980667978525,0.0028649980667978525,0.0028649980667978525,0.0028649980667978525,0,0,0,"{'mean': {'raw': -0.006966433487832546, 'lambda': 0.0, 'weighted': 0.0}, 'log_growth': {'raw': -0.00607524998486042, 'lambda': 1.0, 'weighted': -0.00607524998486042}, 'cvar': {'raw': 0.003625537035986781, 'lambda': 0.0, 'weighted': 0.0}, 'turnover': {'raw': 0.013018094934523106, 'lambda': 0.0, 'weighted': 0.0}, 'volatility': {'raw': 0.001988308737054467, 'lambda': 0.0, 'weighted': 0.0}, 'vol_excess': {'raw': 0.4578515291213989, 'lambda': 0.0, 'weighted': 0.0}, 'weight_path': {'raw': 0.00014566558820661157, 'lambda': 0.0, 'weighted': 0.0}, 'diversify': {'raw': 0.06960052996873856, 'lambda': 0.0, 'weighted': 0.0}}","{'mean': {'raw': -9.269915608456358e-05, 'lambda': 0.0, 'weighted': 0.0}, 'log_growth': {'raw': 4.905655805487186e-05, 'lambda': 1.0, 'weighted': 4.905655805487186e-05}, 'cvar': {'raw': 0.0027627572417259216, 'lambda': 0.0, 'weighted': 0.0}, 'turnover': {'raw': 0.0008715074509382248, 'lambda': 0.0, 'weighted': 0.0}, 'volatility': {'raw': 0.0002830325101967901, 'lambda': 0.0, 'weighted': 0.0}, 'vol_excess': {'raw': 0.017065882682800293, 'lambda': 0.0, 'weighted': 0.0}, 'weight_path': {'raw': 5.972850090074644e-07, 'lambda': 0.0, 'weighted': 0.0}, 'diversify': {'raw': 0.06859651207923889, 'lambda': 0.0, 'weighted': 0.0}}",0.0003,459,711,cadence,1,cadence_accept,-1.723019522614777e-06,-0.036401662323194015,252
1,-0.005602422170341015,-0.0006693327450193465,0.006483124103397131,0.005602422170341015,0.005602422170341015,-0.0037928814999759197,0.012332369573414326,0.0019821440801024437,0.45675337314605713,0.00013352929090615362,0.06955234706401825,0.0008016075007617474,0.0006693327450193465,0.0006693327450193465,-0.0018851468339562416,0.0008445975254289806,0.0002634768607094884,0.007674545049667358,5.631996486954449e-07,0.06825022399425507,0.0024968734942376614,0.0024968734942376614,0.0024968734942376614,0.0024968734942376614,0,0,0,"{'mean': {'raw': -0.006483124103397131, 'lambda': 0.0, 'weighted': 0.0}, 'log_growth': {'raw': -0.005602422170341015, 'lambda': 1.0, 'weighted': -0.005602422170341015}, 'cvar': {'raw': 0.0037928814999759197, 'lambda': 0.0, 'weighted': 0.0}, 'turnover': {'raw': 0.012332369573414326, 'lambda': 0.0, 'weighted': 0.0}, 'volatility': {'raw': 0.0019821440801024437, 'lambda': 0.0, 'weighted': 0.0}, 'vol_excess': {'raw': 0.45675337314605713, 'lambda': 0.0, 'weighted': 0.0}, 'weight_path': {'raw': 0.00013352929090615362, 'lambda': 0.0, 'weighted': 0.0}, 'diversify': {'raw': 0.06955234706401825, 'lambda': 0.0, 'weighted': 0.0}}","{'mean': {'raw': -0.0008016075007617474, 'lambda': 0.0, 'weighted': 0.0}, 'log_growth': {'raw': -0.0006693327450193465, 'lambda': 1.0, 'weighted': -0.0006693327450193465}, 'cvar': {'raw': 0.0018851468339562416, 'lambda': 0.0, 'weighted': 0.0}, 'turnover': {'raw': 0.0008445975254289806, 'lambda': 0.0, 'weighted': 0.0}, 'volatility': {'raw': 0.0002634768607094884, 'lambda': 0.0, 'weighted': 0.0}, 'vol_excess': {'raw': 0.007674545049667358, 'lambda': 0.0, 'weighted': 0.0}, 'weight_path': {'raw': 5.631996486954449e-07, 'lambda': 0.0, 'weighted': 0.0}, 'diversify': {'raw': 0.06825022399425507, 'lambda': 0.0, 'weighted': 0.0}}",0.0003,464,716,cadence,1,cadence_accept,-1.2941891327500343e-06,-0.0019335511977365992,252
2,-0.0055923303589224815,-0.0006680385558865964,0.006470111198723316,0.0055923303589224815,0.0055923303589224815,-0.0037879436276853085,0.013546179048717022,0.0019750900100916624,0.45549464225769043,0.00016322090232279152,0.07103804498910904,0.0008007044089026749,0.0006680385558865964,0.0006680385558865964,-0.0018939474830403924,0.0007933136657811701,0.0002642588806338608,0.008056670427322388,4.971905127604259e-07,0.07048209011554718,0.0026511673349887133,0.0026511673349887133,0.0026511673349887133,0.0026511673349887133,0,0,0,"{'mean': {'raw': -0.006470111198723316, 'lambda': 0.0, 'weighted': 0.0}, 'log_growth': {'raw': -0.0055923303589224815, 'lambda': 1.0, 'weighted': -0.0055923303589224815}, 'cvar': {'raw': 0.0037879436276853085, 'lambda': 0.0, 'weighted': 0.0}, 'turnover': {'raw': 0.013546179048717022, 'lambda': 0.0, 'weighted': 0.0}, 'volatility': {'raw': 0.0019750900100916624, 'lambda': 0.0, 'weighted': 0.0}, 'vol_excess': {'raw': 0.45549464225769043, 'lambda': 0.0, 'weighted': 0.0}, 'weight_path': {'raw': 0.00016322090232279152, 'lambda': 0.0, 'weighted': 0.0}, 'diversify': {'raw': 0.07103804498910904, 'lambda': 0.0, 'weighted': 0.0}}","{'mean': {'raw': -0.0008007044089026749, 'lambda': 0.0, 'weighted': 0.0}, 'log_growth': {'raw': -0.0006680385558865964, 'lambda': 1.0, 'weighted': -0.0006680385558865964}, 'cvar': {'raw': 0.0018939474830403924, 'lambda': 0.0, 'weighted': 0.0}, 'turnover': {'raw': 0.0007933136657811701, 'lambda': 0.0, 'weighted': 0.0}, 'volatility': {'raw': 0.0002642588806338608, 'lambda': 0.0, 'weighted': 0.0}, 'vol_excess': {'raw': 0.008056670427322388, 'lambda': 0.0, 'weighted': 0.0}, 'weight_path': {'raw': 4.971905127604259e-07, 'lambda': 0.0, 'weighted': 0.0}, 'diversify': {'raw': 0.07048209011554718, 'lambda': 0.0, 'weighted': 0.0}}",0.0003,464,716,cadence,1,cadence_accept,-1.2941891327500343e-06,-0.0019335511977365992,252
1,-0.005172439850866795,-0.0014037743676453829,0.006049705669283867,0.005172439850866795,0.005172439850866795,-0.0041846767999231815,0.011855866760015488,0.0019786448683589697,0.456129252910614,0.00011492308840388432,0.07179637253284454,0.0015133785782381892,0.0014037743676453829,0.0014037743676453829,-0.0006777272210456431,0.0007947854464873672,0.00021724027465097606,0.0,5.111900236443034e-07,0.06999609619379044,0.002118116244673729,0.002118116244673729,0.002118116244673729,0.002118116244673729,0,0,0,"{'mean': {'raw': -0.006049705669283867, 'lambda': 0.0, 'weighted': 0.0}, 'log_growth': {'raw': -0.005172439850866795, 'lambda': 1.0, 'weighted': -0.005172439850866795}, 'cvar': {'raw': 0.0041846767999231815, 'lambda': 0.0, 'weighted': 0.0}, 'turnover': {'raw': 0.011855866760015488, 'lambda': 0.0, 'weighted': 0.0}, 'volatility': {'raw': 0.0019786448683589697, 'lambda': 0.0, 'weighted': 0.0}, 'vol_excess': {'raw': 0.456129252910614, 'lambda': 0.0, 'weighted': 0.0}, 'weight_path': {'raw': 0.00011492308840388432, 'lambda': 0.0, 'weighted': 0.0}, 'diversify': {'raw': 0.07179637253284454, 'lambda': 0.0, 'weighted': 0.0}}","{'mean': {'raw': -0.0015133785782381892, 'lambda': 0.0, 'weighted': 0.0}, 'log_growth': {'raw': -0.0014037743676453829, 'lambda': 1.0, 'weighted': -0.0014037743676453829}, 'cvar': {'raw': 0.0006777272210456431, 'lambda': 0.0, 'weighted': 0.0}, 'turnover': {'raw': 0.0007947854464873672, 'lambda': 0.0, 'weighted': 0.0}, 'volatility': {'raw': 0.00021724027465097606, 'lambda': 0.0, 'weighted': 0.0}, 'vol_excess': {'raw': 0.0, 'lambda': 0.0, 'weighted': 0.0}, 'weight_path': {'raw': 5.111900236443034e-07, 'lambda': 0.0, 'weighted': 0.0}, 'diversify': {'raw': 0.06999609619379044, 'lambda': 0.0, 'weighted': 0.0}}",0.0003,469,721,cadence,1,cadence_accept,4.967441782355309e-07,0.0003538632627370737,252
2,-0.005190995521843433,-0.0014042711118236184,0.0060732923448085785,0.005190995521843433,0.005190995521843433,-0.004193097352981567,0.01148785650730133,0.001992643577978015,0.4586227536201477,0.0001094419858418405,0.0742698535323143,0.001514185918495059,0.0014042711118236184,0.0014042711118236184,-0.0006831139326095581,0.0007486280519515276,0.000217861685086973,0.0,4.535685604878381e-07,0.07200515270233154,0.0019395074341446161,0.0019395074341446161,0.0019395074341446161,0.0019395074341446161,0,0,0,"{'mean': {'raw': -0.0060732923448085785, 'lambda': 0.0, 'weighted': 0.0}, 'log_growth': {'raw': -0.005190995521843433, 'lambda': 1.0, 'weighted': -0.005190995521843433}, 'cvar': {'raw': 0.004193097352981567, 'lambda': 0.0, 'weighted': 0.0}, 'turnover': {'raw': 0.01148785650730133, 'lambda': 0.0, 'weighted': 0.0}, 'volatility': {'raw': 0.001992643577978015, 'lambda': 0.0, 'weighted': 0.0}, 'vol_excess': {'raw': 0.4586227536201477, 'lambda': 0.0, 'weighted': 0.0}, 'weight_path': {'raw': 0.0001094419858418405, 'lambda': 0.0, 'weighted': 0.0}, 'diversify': {'raw': 0.0742698535323143, 'lambda': 0.0, 'weighted': 0.0}}","{'mean': {'raw': -0.001514185918495059, 'lambda': 0.0, 'weighted': 0.0}, 'log_growth': {'raw': -0.0014042711118236184, 'lambda': 1.0, 'weighted': -0.0014042711118236184}, 'cvar': {'raw': 0.0006831139326095581, 'lambda': 0.0, 'weighted': 0.0}, 'turnover': {'raw': 0.0007486280519515276, 'lambda': 0.0, 'weighted': 0.0}, 'volatility': {'raw': 0.000217861685086973, 'lambda': 0.0, 'weighted': 0.0}, 'vol_excess': {'raw': 0.0, 'lambda': 0.0, 'weighted': 0.0}, 'weight_path': {'raw': 4.535685604878381e-07, 'lambda': 0.0, 'weighted': 0.0}, 'diversify': {'raw': 0.07200515270233154, 'lambda': 0.0, 'weighted': 0.0}}",0.0003,469,721,cadence,1,cadence_accept,4.967441782355309e-07,0.0003538632627370737,252
1,-0.004875844810158014,-0.001631576451472938,0.005755890626460314,0.004875844810158014,0.004875844810158014,-0.004454247187823057,0.01344635896384716,0.001991870114579797,0.4584851861000061,0.00018163109780289233,0.07481790333986282,0.001730618765577674,0.001631576451472938,0.001631576451472938,-0.00026455591432750225,0.0007509902352467179,0.00019511152640916407,0.0,4.6406594833570125e-07,0.07351412624120712,0.001918899011798203,0.001918899011798203,0.001918899011798203,0.001918899011798203,0,0,0,"{'mean': {'raw': -0.005755890626460314, 'lambda': 0.0, 'weighted': 0.0}, 'log_growth': {'raw': -0.004875844810158014, 'lambda': 1.0, 'weighted': -0.004875844810158014}, 'cvar': {'raw': 0.004454247187823057, 'lambda': 0.0, 'weighted': 0.0}, 'turnover': {'raw': 0.01344635896384716, 'lambda': 0.0, 'weighted': 0.0}, 'volatility': {'raw': 0.001991870114579797, 'lambda': 0.0, 'weighted': 0.0}, 'vol_excess': {'raw': 0.4584851861000061, 'lambda': 0.0, 'weighted': 0.0}, 'weight_path': {'raw': 0.00018163109780289233, 'lambda': 0.0, 'weighted': 0.0}, 'diversify': {'raw': 0.07481790333986282, 'lambda': 0.0, 'weighted': 0.0}}","{'mean': {'raw': -0.001730618765577674, 'lambda': 0.0, 'weighted': 0.0}, 'log_growth': {'raw': -0.001631576451472938, 'lambda': 1.0, 'weighted': -0.001631576451472938}, 'cvar': {'raw': 0.00026455591432750225, 'lambda': 0.0, 'weighted': 0.0}, 'turnover': {'raw': 0.0007509902352467179, 'lambda': 0.0, 'weighted': 0.0}, 'volatility': {'raw': 0.00019511152640916407, 'lambda': 0.0, 'weighted': 0.0}, 'vol_excess': {'raw': 0.0, 'lambda': 0.0, 'weighted': 0.0}, 'weight_path': {'raw': 4.6406594833570125e-07, 'lambda': 0.0, 'weighted': 0.0}, 'diversify': {'raw': 0.07351412624120712, 'lambda': 0.0, 'weighted': 0.0}}",0.0003,473,725,cadence,1,cadence_accept,-1.21421180665493e-07,-7.441954710823271e-05,252
2,-0.00489229429513216,-0.0016314550302922726,0.0057772137224674225,0.00489229429513216,0.00489229429513216,-0.004461514763534069,0.00937735103070736,0.0020051784813404083,0.46084803342819214,7.820346945663914e-05,0.07717365771532059,0.0017307441448792815,0.0016314550302922726,0.0016314550302922726,-0.00026946055004373193,0.0007086112163960934,0.00019560546206776053,0.0,4.133137565531797e-07,0.07521609216928482,0.001730310614220798,0.001730310614220798,0.001730310614220798,0.001730310614220798,0,0,0,"{'mean': {'raw': -0.0057772137224674225, 'lambda': 0.0, 'weighted': 0.0}, 'log_growth': {'raw': -0.00489229429513216, 'lambda': 1.0, 'weighted': -0.00489229429513216}, 'cvar': {'raw': 0.004461514763534069, 'lambda': 0.0, 'weighted': 0.0}, 'turnover': {'raw': 0.00937735103070736, 'lambda': 0.0, 'weighted': 0.0}, 'volatility': {'raw': 0.0020051784813404083, 'lambda': 0.0, 'weighted': 0.0}, 'vol_excess': {'raw': 0.46084803342819214, 'lambda': 0.0, 'weighted': 0.0}, 'weight_path': {'raw': 7.820346945663914e-05, 'lambda': 0.0, 'weighted': 0.0}, 'diversify': {'raw': 0.07717365771532059, 'lambda': 0.0, 'weighted': 0.0}}","{'mean': {'raw': -0.0017307441448792815, 'lambda': 0.0, 'weighted': 0.0}, 'log_growth': {'raw': -0.0016314550302922726, 'lambda': 1.0, 'weighted': -0.0016314550302922726}, 'cvar': {'raw': 0.00026946055004373193, 'lambda': 0.0, 'weighted': 0.0}, 'turnover': {'raw': 0.0007086112163960934, 'lambda': 0.0, 'weighted': 0.0}, 'volatility': {'raw': 0.00019560546206776053, 'lambda': 0.0, 'weighted': 0.0}, 'vol_excess': {'raw': 0.0, 'lambda': 0.0, 'weighted': 0.0}, 'weight_path': {'raw': 4.133137565531797e-07, 'lambda': 0.0, 'weighted': 0.0}, 'diversify': {'raw': 0.07521609216928482, 'lambda': 0.0, 'weighted': 0.0}}",0.0003,473,725,cadence,1,cadence_accept,-1.21421180665493e-07,-7.441954710823271e-05,252
1,-0.004938438069075346,-0.0008240622119046748,0.005810363683849573,0.004938438069075346,0.004938438069075346,-0.0042795343324542046,0.009401898831129074,0.0019738778937608004,0.45527809858322144,7.339676812989637e-05,0.07673434913158417,0.0009128834935836494,0.0008240622119046748,0.0008240622119046748,-0.0008949885959737003,0.000836121616885066,0.0001765205670380965,0.0,5.774452915829897e-07,0.07442231476306915,0.0016389683587476611,0.0016389683587476611,0.0016389683587476611,0.0016389683587476611,0,0,0,"{'mean': {'raw': -0.005810363683849573, 'lambda': 0.0, 'weighted': 0.0}, 'log_growth': {'raw': -0.004938438069075346, 'lambda': 1.0, 'weighted': -0.004938438069075346}, 'cvar': {'raw': 0.0042795343324542046, 'lambda': 0.0, 'weighted': 0.0}, 'turnover': {'raw': 0.009401898831129074, 'lambda': 0.0, 'weighted': 0.0}, 'volatility': {'raw': 0.0019738778937608004, 'lambda': 0.0, 'weighted': 0.0}, 'vol_excess': {'raw': 0.45527809858322144, 'lambda': 0.0, 'weighted': 0.0}, 'weight_path': {'raw': 7.339676812989637e-05, 'lambda': 0.0, 'weighted': 0.0}, 'diversify': {'raw': 0.07673434913158417, 'lambda': 0.0, 'weighted': 0.0}}","{'mean': {'raw': -0.0009128834935836494, 'lambda': 0.0, 'weighted': 0.0}, 'log_growth': {'raw': -0.0008240622119046748, 'lambda': 1.0, 'weighted': -0.0008240622119046748}, 'cvar': {'raw': 0.0008949885959737003, 'lambda': 0.0, 'weighted': 0.0}, 'turnover': {'raw': 0.000836121616885066, 'lambda': 0.0, 'weighted': 0.0}, 'volatility': {'raw': 0.0001765205670380965, 'lambda': 0.0, 'weighted': 0.0}, 'vol_excess': {'raw': 0.0, 'lambda': 0.0, 'weighted': 0.0}, 'weight_path': {'raw': 5.774452915829897e-07, 'lambda': 0.0, 'weighted': 0.0}, 'diversify': {'raw': 0.07442231476306915, 'lambda': 0.0, 'weighted': 0.0}}",0.0003,478,730,cadence,1,cadence_accept,-8.383067324757576e-07,-0.0010172857332225846,252
2,-0.0049153477884829044,-0.000823223905172199,0.005786753725260496,0.0049153477884829044,0.0049153477884829044,-0.004316097125411034,0.009764782153069973,0.001971967751160264,0.4549367427825928,8.81244704942219e-05,0.07821184396743774,0.0009122441988438368,0.000823223905172199,0.000823223905172199,-0.0008996798424050212,0.0007919849595054984,0.00017691896937321872,0.0,5.184403448765806e-07,0.07597522437572479,0.0018516547279432416,0.0018516547279432416,0.0018516547279432416,0.0018516547279432416,0,0,0,"{'mean': {'raw': -0.005786753725260496, 'lambda': 0.0, 'weighted': 0.0}, 'log_growth': {'raw': -0.0049153477884829044, 'lambda': 1.0, 'weighted': -0.0049153477884829044}, 'cvar': {'raw': 0.004316097125411034, 'lambda': 0.0, 'weighted': 0.0}, 'turnover': {'raw': 0.009764782153069973, 'lambda': 0.0, 'weighted': 0.0}, 'volatility': {'raw': 0.001971967751160264, 'lambda': 0.0, 'weighted': 0.0}, 'vol_excess': {'raw': 0.4549367427825928, 'lambda': 0.0, 'weighted': 0.0}, 'weight_path': {'raw': 8.81244704942219e-05, 'lambda': 0.0, 'weighted': 0.0}, 'diversify': {'raw': 0.07821184396743774, 'lambda': 0.0, 'weighted': 0.0}}","{'mean': {'raw': -0.0009122441988438368, 'lambda': 0.0, 'weighted': 0.0}, 'log_growth': {'raw': -0.000823223905172199, 'lambda': 1.0, 'weighted': -0.000823223905172199}, 'cvar': {'raw': 0.0008996798424050212, 'lambda': 0.0, 'weighted': 0.0}, 'turnover': {'raw': 0.0007919849595054984, 'lambda': 0.0, 'weighted': 0.0}, 'volatility': {'raw': 0.00017691896937321872, 'lambda': 0.0, 'weighted': 0.0}, 'vol_excess': {'raw': 0.0, 'lambda': 0.0, 'weighted': 0.0}, 'weight_path': {'raw': 5.184403448765806e-07, 'lambda': 0.0, 'weighted': 0.0}, 'diversify': {'raw': 0.07597522437572479, 'lambda': 0.0, 'weighted': 0.0}}",0.0003,478,730,cadence,1,cadence_accept,-8.383067324757576e-07,-0.0010172857332225846,252
1,-0.005295470356941223,-0.001846193103119731,0.006162208970636129,0.005295470356941223,0.005295470356941223,-0.003650131169706583,0.012179719284176826,0.001967003336176276,0.45404887199401855,0.0001270127104362473,0.07796260714530945,0.0019276675302535295,0.001846193103119731,0.001846193103119731,0.00027965998742729425,0.0008423483232036233,0.00015907884517218918,0.0,5.62057778097369e-07,0.07525139302015305,0.001490598195232451,0.001490598195232451,0.001490598195232451,0.001490598195232451,0,0,0,"{'mean': {'raw': -0.006162208970636129, 'lambda': 0.0, 'weighted': 0.0}, 'log_growth': {'raw': -0.005295470356941223, 'lambda': 1.0, 'weighted': -0.005295470356941223}, 'cvar': {'raw': 0.003650131169706583, 'lambda': 0.0, 'weighted': 0.0}, 'turnover': {'raw': 0.012179719284176826, 'lambda': 0.0, 'weighted': 0.0}, 'volatility': {'raw': 0.001967003336176276, 'lambda': 0.0, 'weighted': 0.0}, 'vol_excess': {'raw': 0.45404887199401855, 'lambda': 0.0, 'weighted': 0.0}, 'weight_path': {'raw': 0.0001270127104362473, 'lambda': 0.0, 'weighted': 0.0}, 'diversify': {'raw': 0.07796260714530945, 'lambda': 0.0, 'weighted': 0.0}}","{'mean': {'raw': -0.0019276675302535295, 'lambda': 0.0, 'weighted': 0.0}, 'log_growth': {'raw': -0.001846193103119731, 'lambda': 1.0, 'weighted': -0.001846193103119731}, 'cvar': {'raw': -0.00027965998742729425, 'lambda': 0.0, 'weighted': 0.0}, 'turnover': {'raw': 0.0008423483232036233, 'lambda': 0.0, 'weighted': 0.0}, 'volatility': {'raw': 0.00015907884517218918, 'lambda': 0.0, 'weighted': 0.0}, 'vol_excess': {'raw': 0.0, 'lambda': 0.0, 'weighted': 0.0}, 'weight_path': {'raw': 5.62057778097369e-07, 'lambda': 0.0, 'weighted': 0.0}, 'diversify': {'raw': 0.07525139302015305, 'lambda': 0.0, 'weighted': 0.0}}",0.0003,483,735,cadence,1,cadence_accept,5.337642505764961e-07,0.0002891161544182,252
2,-0.005276283249258995,-0.0018467268673703074,0.006135404575616121,0.005276283249258995,0.005276283249258995,-0.003649153048172593,0.011399184353649616,0.0019461004994809628,0.4502980709075928,0.0001000624688458629,0.07888895273208618,0.0019283625297248363,0.0018467268673703074,0.0018467268673703074,0.00027705106185749173,0.0008005230920389295,0.00015939872537273914,0.0,5.078025537841313e-07,0.07666926085948944,0.0017020927043631673,0.0017020927043631673,0.0017020927043631673,0.0017020927043631673,0,0,0,"{'mean': {'raw': -0.006135404575616121, 'lambda': 0.0, 'weighted': 0.0}, 'log_growth': {'raw': -0.005276283249258995, 'lambda': 1.0, 'weighted': -0.005276283249258995}, 'cvar': {'raw': 0.003649153048172593, 'lambda': 0.0, 'weighted': 0.0}, 'turnover': {'raw': 0.011399184353649616, 'lambda': 0.0, 'weighted': 0.0}, 'volatility': {'raw': 0.0019461004994809628, 'lambda': 0.0, 'weighted': 0.0}, 'vol_excess': {'raw': 0.4502980709075928, 'lambda': 0.0, 'weighted': 0.0}, 'weight_path': {'raw': 0.0001000624688458629, 'lambda': 0.0, 'weighted': 0.0}, 'diversify': {'raw': 0.07888895273208618, 'lambda': 0.0, 'weighted': 0.0}}","{'mean': {'raw': -0.0019283625297248363, 'lambda': 0.0, 'weighted': 0.0}, 'log_growth': {'raw': -0.0018467268673703074, 'lambda': 1.0, 'weighted': -0.0018467268673703074}, 'cvar': {'raw': -0.00027705106185749173, 'lambda': 0.0, 'weighted': 0.0}, 'turnover': {'raw': 0.0008005230920389295, 'lambda': 0.0, 'weighted': 0.0}, 'volatility': {'raw': 0.00015939872537273914, 'lambda': 0.0, 'weighted': 0.0}, 'vol_excess': {'raw': 0.0, 'lambda': 0.0, 'weighted': 0.0}, 'weight_path': {'raw': 5.078025537841313e-07, 'lambda': 0.0, 'weighted': 0.0}, 'diversify': {'raw': 0.07666926085948944, 'lambda': 0.0, 'weighted': 0.0}}",0.0003,483,735,cadence,1,cadence_accept,5.337642505764961e-07,0.0002891161544182,252
1,-0.005551672074943781,-0.0011390119325369596,0.006401887629181147,0.005551672074943781,0.005551672074943781,-0.0031059542670845985,0.011066826991736889,0.0019280442502349615,0.44704174995422363,0.00011400074436096475,0.07976692169904709,0.0012161243939772248,0.0011390119325369596,0.0011390119325369596,-0.0003562270721886307,0.0008337798644788563,0.00015248320414684713,0.0,5.165599077372462e-07,0.0774177759885788,0.0014370745047926903,0.0014370745047926903,0.0014370745047926903,0.0014370745047926903,0,0,0,"{'mean': {'raw': -0.006401887629181147, 'lambda': 0.0, 'weighted': 0.0}, 'log_growth': {'raw': -0.005551672074943781, 'lambda': 1.0, 'weighted': -0.005551672074943781}, 'cvar': {'raw': 0.0031059542670845985, 'lambda': 0.0, 'weighted': 0.0}, 'turnover': {'raw': 0.011066826991736889, 'lambda': 0.0, 'weighted': 0.0}, 'volatility': {'raw': 0.0019280442502349615, 'lambda': 0.0, 'weighted': 0.0}, 'vol_excess': {'raw': 0.44704174995422363, 'lambda': 0.0, 'weighted': 0.0}, 'weight_path': {'raw': 0.00011400074436096475, 'lambda': 0.0, 'weighted': 0.0}, 'diversify': {'raw': 0.07976692169904709, 'lambda': 0.0, 'weighted': 0.0}}","{'mean': {'raw': -0.0012161243939772248, 'lambda': 0.0, 'weighted': 0.0}, 'log_growth': {'raw': -0.0011390119325369596, 'lambda': 1.0, 'weighted': -0.0011390119325369596}, 'cvar': {'raw': 0.0003562270721886307, 'lambda': 0.0, 'weighted': 0.0}, 'turnover': {'raw': 0.0008337798644788563, 'lambda': 0.0, 'weighted': 0.0}, 'volatility': {'raw': 0.00015248320414684713, 'lambda': 0.0, 'weighted': 0.0}, 'vol_excess': {'raw': 0.0, 'lambda': 0.0, 'weighted': 0.0}, 'weight_path': {'raw': 5.165599077372462e-07, 'lambda': 0.0, 'weighted': 0.0}, 'diversify': {'raw': 0.0774177759885788, 'lambda': 0.0, 'weighted': 0.0}}",0.0003,487,739,cadence,1,cadence_accept,1.096632331609726e-07,9.627926620613773e-05,252
2,-0.005535430740565062,-0.0011391215957701206,0.006387945264577866,0.005535430740565062,0.005535430740565062,-0.003143641632050276,0.009335383772850037,0.001934726838953793,0.4482486844062805,7.384533091681078e-05,0.08156349509954453,0.0012163625797256827,0.0011391215957701206,0.0011391215957701206,-0.00035862228833138943,0.000794256862718612,0.00015273933240678161,0.0,4.6887942062312504e-07,0.07865063846111298,0.0016147115966305137,0.0016147115966305137,0.0016147115966305137,0.0016147115966305137,0,0,0,"{'mean': {'raw': -0.006387945264577866, 'lambda': 0.0, 'weighted': 0.0}, 'log_growth': {'raw': -0.005535430740565062, 'lambda': 1.0, 'weighted': -0.005535430740565062}, 'cvar': {'raw': 0.003143641632050276, 'lambda': 0.0, 'weighted': 0.0}, 'turnover': {'raw': 0.009335383772850037, 'lambda': 0.0, 'weighted': 0.0}, 'volatility': {'raw': 0.001934726838953793, 'lambda': 0.0, 'weighted': 0.0}, 'vol_excess': {'raw': 0.4482486844062805, 'lambda': 0.0, 'weighted': 0.0}, 'weight_path': {'raw': 7.384533091681078e-05, 'lambda': 0.0, 'weighted': 0.0}, 'diversify': {'raw': 0.08156349509954453, 'lambda': 0.0, 'weighted': 0.0}}","{'mean': {'raw': -0.0012163625797256827, 'lambda': 0.0, 'weighted': 0.0}, 'log_growth': {'raw': -0.0011391215957701206, 'lambda': 1.0, 'weighted': -0.0011391215957701206}, 'cvar': {'raw': 0.00035862228833138943, 'lambda': 0.0, 'weighted': 0.0}, 'turnover': {'raw': 0.000794256862718612, 'lambda': 0.0, 'weighted': 0.0}, 'volatility': {'raw': 0.00015273933240678161, 'lambda': 0.0, 'weighted': 0.0}, 'vol_excess': {'raw': 0.0, 'lambda': 0.0, 'weighted': 0.0}, 'weight_path': {'raw': 4.6887942062312504e-07, 'lambda': 0.0, 'weighted': 0.0}, 'diversify': {'raw': 0.07865063846111298, 'lambda': 0.0, 'weighted': 0.0}}",0.0003,487,739,cadence,1,cadence_accept,1.096632331609726e-07,9.627926620613773e-05,252
1,-0.005775848403573036,-0.0009879485005512834,0.0066239661537110806,0.005775848403573036,0.005775848403573036,-0.0028016907162964344,0.008565484546124935,0.0019234934588894248,0.4462186098098755,6.0543119616340846e-05,0.0822966918349266,0.0010647691087797284,0.0009879485005512834,0.0009879485005512834,-0.0005032293265685439,0.000740350631531328,0.00015222001820802689,0.0,4.272601756838412e-07,0.07921364158391953,0.00151891412679106,0.00151891412679106,0.00151891412679106,0.00151891412679106,0,0,0,"{'mean': {'raw': -0.0066239661537110806, 'lambda': 0.0, 'weighted': 0.0}, 'log_growth': {'raw': -0.005775848403573036, 'lambda': 1.0, 'weighted': -0.005775848403573036}, 'cvar': {'raw': 0.0028016907162964344, 'lambda': 0.0, 'weighted': 0.0}, 'turnover': {'raw': 0.008565484546124935, 'lambda': 0.0, 'weighted': 0.0}, 'volatility': {'raw': 0.0019234934588894248, 'lambda': 0.0, 'weighted': 0.0}, 'vol_excess': {'raw': 0.4462186098098755, 'lambda': 0.0, 'weighted': 0.0}, 'weight_path': {'raw': 6.0543119616340846e-05, 'lambda': 0.0, 'weighted': 0.0}, 'diversify': {'raw': 0.0822966918349266, 'lambda': 0.0, 'weighted': 0.0}}","{'mean': {'raw': -0.0010647691087797284, 'lambda': 0.0, 'weighted': 0.0}, 'log_growth': {'raw': -0.0009879485005512834, 'lambda': 1.0, 'weighted': -0.0009879485005512834}, 'cvar': {'raw': 0.0005032293265685439, 'lambda': 0.0, 'weighted': 0.0}, 'turnover': {'raw': 0.000740350631531328, 'lambda': 0.0, 'weighted': 0.0}, 'volatility': {'raw': 0.00015222001820802689, 'lambda': 0.0, 'weighted': 0.0}, 'vol_excess': {'raw': 0.0, 'lambda': 0.0, 'weighted': 0.0}, 'weight_path': {'raw': 4.272601756838412e-07, 'lambda': 0.0, 'weighted': 0.0}, 'diversify': {'raw': 0.07921364158391953, 'lambda': 0.0, 'weighted': 0.0}}",0.0003,492,744,cadence,1,cadence_accept,-2.314336597919464e-07,-0.00023425680531783563,252
2,-0.005787580739706755,-0.0009877170668914914,0.006638877559453249,0.005787580739706755,0.005787580739706755,-0.0028140870854258537,0.0074326591566205025,0.0019310478819534183,0.44758445024490356,4.7327866923296824e-05,0.08391055464744568,0.001064647687599063,0.0009877170668914914,0.0009877170668914914,-0.0005056036752648652,0.0007067612605169415,0.00015243997040670365,0.0,3.8947393932176055e-07,0.08029532432556152,0.0013505269307643175,0.0013505269307643175,0.0013505269307643175,0.0013505269307643175,0,0,0,"{'mean': {'raw': -0.006638877559453249, 'lambda': 0.0, 'weighted': 0.0}, 'log_growth': {'raw': -0.005787580739706755, 'lambda': 1.0, 'weighted': -0.005787580739706755}, 'cvar': {'raw': 0.0028140870854258537, 'lambda': 0.0, 'weighted': 0.0}, 'turnover': {'raw': 0.0074326591566205025, 'lambda': 0.0, 'weighted': 0.0}, 'volatility': {'raw': 0.0019310478819534183, 'lambda': 0.0, 'weighted': 0.0}, 'vol_excess': {'raw': 0.44758445024490356, 'lambda': 0.0, 'weighted': 0.0}, 'weight_path': {'raw': 4.7327866923296824e-05, 'lambda': 0.0, 'weighted': 0.0}, 'diversify': {'raw': 0.08391055464744568, 'lambda': 0.0, 'weighted': 0.0}}","{'mean': {'raw': -0.001064647687599063, 'lambda': 0.0, 'weighted': 0.0}, 'log_growth': {'raw': -0.0009877170668914914, 'lambda': 1.0, 'weighted': -0.0009877170668914914}, 'cvar': {'raw': 0.0005056036752648652, 'lambda': 0.0, 'weighted': 0.0}, 'turnover': {'raw': 0.0007067612605169415, 'lambda': 0.0, 'weighted': 0.0}, 'volatility': {'raw': 0.00015243997040670365, 'lambda': 0.0, 'weighted': 0.0}, 'vol_excess': {'raw': 0.0, 'lambda': 0.0, 'weighted': 0.0}, 'weight_path': {'raw': 3.8947393932176055e-07, 'lambda': 0.0, 'weighted': 0.0}, 'diversify': {'raw': 0.08029532432556152, 'lambda': 0.0, 'weighted': 0.0}}",0.0003,492,744,cadence,1,cadence_accept,-2.314336597919464e-07,-0.00023425680531783563,252
1,-0.005397823639214039,-0.0009811684722080827,0.00624867482110858,0.005397823639214039,0.005397823639214039,-0.0031769012566655874,0.008059228770434856,0.001936025102622807,0.448482871055603,6.042950917617418e-05,0.0834265723824501,0.0010504532838240266,0.0009811684722080827,0.0009811684722080827,-0.0003406273026484996,0.0007351738167926669,0.0001375388674205169,0.0,4.2850365389313083e-07,0.07990464568138123,0.0011167371412739158,0.0011167371412739158,0.0011167371412739158,0.0011167371412739158,0,0,0,"{'mean': {'raw': -0.00624867482110858, 'lambda': 0.0, 'weighted': 0.0}, 'log_growth': {'raw': -0.005397823639214039, 'lambda': 1.0, 'weighted': -0.005397823639214039}, 'cvar': {'raw': 0.0031769012566655874, 'lambda': 0.0, 'weighted': 0.0}, 'turnover': {'raw': 0.008059228770434856, 'lambda': 0.0, 'weighted': 0.0}, 'volatility': {'raw': 0.001936025102622807, 'lambda': 0.0, 'weighted': 0.0}, 'vol_excess': {'raw': 0.448482871055603, 'lambda': 0.0, 'weighted': 0.0}, 'weight_path': {'raw': 6.042950917617418e-05, 'lambda': 0.0, 'weighted': 0.0}, 'diversify': {'raw': 0.0834265723824501, 'lambda': 0.0, 'weighted': 0.0}}","{'mean': {'raw': -0.0010504532838240266, 'lambda': 0.0, 'weighted': 0.0}, 'log_growth': {'raw': -0.0009811684722080827, 'lambda': 1.0, 'weighted': -0.0009811684722080827}, 'cvar': {'raw': 0.0003406273026484996, 'lambda': 0.0, 'weighted': 0.0}, 'turnover': {'raw': 0.0007351738167926669, 'lambda': 0.0, 'weighted': 0.0}, 'volatility': {'raw': 0.0001375388674205169, 'lambda': 0.0, 'weighted': 0.0}, 'vol_excess': {'raw': 0.0, 'lambda': 0.0, 'weighted': 0.0}, 'weight_path': {'raw': 4.2850365389313083e-07, 'lambda': 0.0, 'weighted': 0.0}, 'diversify': {'raw': 0.07990464568138123, 'lambda': 0.0, 'weighted': 0.0}}",0.0003,496,748,cadence,1,cadence_accept,-3.8731377571821213e-07,-0.0003947474733384264,252
2,-0.005406859330832958,-0.0009807811584323645,0.006257768254727125,0.005406859330832958,0.005406859330832958,-0.003169348929077387,0.009098325856029987,0.0019358679419383407,0.44845449924468994,7.538548379670829e-05,0.08418937027454376,0.0010501581709831953,0.0009807811584323645,0.0009807811584323645,-0.0003427825286053121,0.0007048382540233433,0.00013772382226306945,0.0,3.94009248338989e-07,0.08086312562227249,0.0010065706446766853,0.0010065706446766853,0.0010065706446766853,0.0010065706446766853,0,0,0,"{'mean': {'raw': -0.006257768254727125, 'lambda': 0.0, 'weighted': 0.0}, 'log_growth': {'raw': -0.005406859330832958, 'lambda': 1.0, 'weighted': -0.005406859330832958}, 'cvar': {'raw': 0.003169348929077387, 'lambda': 0.0, 'weighted': 0.0}, 'turnover': {'raw': 0.009098325856029987, 'lambda': 0.0, 'weighted': 0.0}, 'volatility': {'raw': 0.0019358679419383407, 'lambda': 0.0, 'weighted': 0.0}, 'vol_excess': {'raw': 0.44845449924468994, 'lambda': 0.0, 'weighted': 0.0}, 'weight_path': {'raw': 7.538548379670829e-05, 'lambda': 0.0, 'weighted': 0.0}, 'diversify': {'raw': 0.08418937027454376, 'lambda': 0.0, 'weighted': 0.0}}","{'mean': {'raw': -0.0010501581709831953, 'lambda': 0.0, 'weighted': 0.0}, 'log_growth': {'raw': -0.0009807811584323645, 'lambda': 1.0, 'weighted': -0.0009807811584323645}, 'cvar': {'raw': 0.0003427825286053121, 'lambda': 0.0, 'weighted': 0.0}, 'turnover': {'raw': 0.0007048382540233433, 'lambda': 0.0, 'weighted': 0.0}, 'volatility': {'raw': 0.00013772382226306945, 'lambda': 0.0, 'weighted': 0.0}, 'vol_excess': {'raw': 0.0, 'lambda': 0.0, 'weighted': 0.0}, 'weight_path': {'raw': 3.94009248338989e-07, 'lambda': 0.0, 'weighted': 0.0}, 'diversify': {'raw': 0.08086312562227249, 'lambda': 0.0, 'weighted': 0.0}}",0.0003,496,748,cadence,1,cadence_accept,-3.8731377571821213e-07,-0.0003947474733384264,252
1,-0.005211247131228447,-0.0017409354913979769,0.006054582539945841,0.005211247131228447,0.005211247131228447,-0.0032292285468429327,0.008887553587555885,0.0019230782054364681,0.4461434483528137,7.395745342364535e-05,0.08419725298881531,0.0018037700792774558,0.0017409354913979769,0.0017409354913979769,0.0005840754020027816,0.0006869943463243544,0.0001229817426064983,0.0,3.9147599295574764e-07,0.08049013465642929,0.001171373063698411,0.001171373063698411,0.001171373063698411,0.001171373063698411,0,0,0,"{'mean': {'raw': -0.006054582539945841, 'lambda': 0.0, 'weighted': 0.0}, 'log_growth': {'raw': -0.005211247131228447, 'lambda': 1.0, 'weighted': -0.005211247131228447}, 'cvar': {'raw': 0.0032292285468429327, 'lambda': 0.0, 'weighted': 0.0}, 'turnover': {'raw': 0.008887553587555885, 'lambda': 0.0, 'weighted': 0.0}, 'volatility': {'raw': 0.0019230782054364681, 'lambda': 0.0, 'weighted': 0.0}, 'vol_excess': {'raw': 0.4461434483528137, 'lambda': 0.0, 'weighted': 0.0}, 'weight_path': {'raw': 7.395745342364535e-05, 'lambda': 0.0, 'weighted': 0.0}, 'diversify': {'raw': 0.08419725298881531, 'lambda': 0.0, 'weighted': 0.0}}","{'mean': {'raw': -0.0018037700792774558, 'lambda': 0.0, 'weighted': 0.0}, 'log_growth': {'raw': -0.0017409354913979769, 'lambda': 1.0, 'weighted': -0.0017409354913979769}, 'cvar': {'raw': -0.0005840754020027816, 'lambda': 0.0, 'weighted': 0.0}, 'turnover': {'raw': 0.0006869943463243544, 'lambda': 0.0, 'weighted': 0.0}, 'volatility': {'raw': 0.0001229817426064983, 'lambda': 0.0, 'weighted': 0.0}, 'vol_excess': {'raw': 0.0, 'lambda': 0.0, 'weighted': 0.0}, 'weight_path': {'raw': 3.9147599295574764e-07, 'lambda': 0.0, 'weighted': 0.0}, 'diversify': {'raw': 0.08049013465642929, 'lambda': 0.0, 'weighted': 0.0}}",0.0003,501,753,cadence,1,cadence_accept,2.10711732506752e-08,1.21033624408746e-05,252
2,-0.005212063435465097,-0.0017409565625712276,0.006055858917534351,0.005212063435465097,0.005212063435465097,-0.0032324809581041336,0.008258827030658722,0.00192428776063025,0.44636237621307373,6.407695036614314e-05,0.08473597466945648,0.001803870196454227,0.0017409565625712276,0.0017409565625712276,0.000582627602852881,0.0006607023533433676,0.00012313951447140425,0.0,3.621415203269862e-07,0.08136337250471115,0.0011503027053549886,0.0011503027053549886,0.0011503027053549886,0.0011503027053549886,0,0,0,"{'mean': {'raw': -0.006055858917534351, 'lambda': 0.0, 'weighted': 0.0}, 'log_growth': {'raw': -0.005212063435465097, 'lambda': 1.0, 'weighted': -0.005212063435465097}, 'cvar': {'raw': 0.0032324809581041336, 'lambda': 0.0, 'weighted': 0.0}, 'turnover': {'raw': 0.008258827030658722, 'lambda': 0.0, 'weighted': 0.0}, 'volatility': {'raw': 0.00192428776063025, 'lambda': 0.0, 'weighted': 0.0}, 'vol_excess': {'raw': 0.44636237621307373, 'lambda': 0.0, 'weighted': 0.0}, 'weight_path': {'raw': 6.407695036614314e-05, 'lambda': 0.0, 'weighted': 0.0}, 'diversify': {'raw': 0.08473597466945648, 'lambda': 0.0, 'weighted': 0.0}}","{'mean': {'raw': -0.001803870196454227, 'lambda': 0.0, 'weighted': 0.0}, 'log_growth': {'raw': -0.0017409565625712276, 'lambda': 1.0, 'weighted': -0.0017409565625712276}, 'cvar': {'raw': -0.000582627602852881, 'lambda': 0.0, 'weighted': 0.0}, 'turnover': {'raw': 0.0006607023533433676, 'lambda': 0.0, 'weighted': 0.0}, 'volatility': {'raw': 0.00012313951447140425, 'lambda': 0.0, 'weighted': 0.0}, 'vol_excess': {'raw': 0.0, 'lambda': 0.0, 'weighted': 0.0}, 'weight_path': {'raw': 3.621415203269862e-07, 'lambda': 0.0, 'weighted': 0.0}, 'diversify': {'raw': 0.08136337250471115, 'lambda': 0.0, 'weighted': 0.0}}",0.0003,501,753,cadence,1,cadence_accept,2.10711732506752e-08,1.21033624408746e-05,252
1,-0.004810103680938482,-0.0010266746394336224,0.005643017124384642,0.004810103680938482,0.004810103680938482,-0.003491632640361786,0.008663761429488659,0.0019041949417442083,0.44271719455718994,6.461152224801481e-05,0.08555252850055695,0.0010840333998203278,0.0010266746394336224,0.0010266746394336224,-5.0636124797165394e-05,0.0006139919278211892,0.00011382332013454288,0.0,3.1866639460531587e-07,0.08171647042036057,0.001141624292358756,0.001141624292358756,0.001141624292358756,0.001141624292358756,0,0,0,"{'mean': {'raw': -0.005643017124384642, 'lambda': 0.0, 'weighted': 0.0}, 'log_growth': {'raw': -0.004810103680938482, 'lambda': 1.0, 'weighted': -0.004810103680938482}, 'cvar': {'raw': 0.003491632640361786, 'lambda': 0.0, 'weighted': 0.0}, 'turnover': {'raw': 0.008663761429488659, 'lambda': 0.0, 'weighted': 0.0}, 'volatility': {'raw': 0.0019041949417442083, 'lambda': 0.0, 'weighted': 0.0}, 'vol_excess': {'raw': 0.44271719455718994, 'lambda': 0.0, 'weighted': 0.0}, 'weight_path': {'raw': 6.461152224801481e-05, 'lambda': 0.0, 'weighted': 0.0}, 'diversify': {'raw': 0.08555252850055695, 'lambda': 0.0, 'weighted': 0.0}}","{'mean': {'raw': -0.0010840333998203278, 'lambda': 0.0, 'weighted': 0.0}, 'log_growth': {'raw': -0.0010266746394336224, 'lambda': 1.0, 'weighted': -0.0010266746394336224}, 'cvar': {'raw': 5.0636124797165394e-05, 'lambda': 0.0, 'weighted': 0.0}, 'turnover': {'raw': 0.0006139919278211892, 'lambda': 0.0, 'weighted': 0.0}, 'volatility': {'raw': 0.00011382332013454288, 'lambda': 0.0, 'weighted': 0.0}, 'vol_excess': {'raw': 0.0, 'lambda': 0.0, 'weighted': 0.0}, 'weight_path': {'raw': 3.1866639460531587e-07, 'lambda': 0.0, 'weighted': 0.0}, 'diversify': {'raw': 0.08171647042036057, 'lambda': 0.0, 'weighted': 0.0}}",0.0003,506,758,cadence,1,cadence_accept,-6.62636011838913e-07,-0.0006454196741034185,252
2,-0.004811333492398262,-0.0010260120034217834,0.005648182705044746,0.004811333492398262,0.004811333492398262,-0.003497445024549961,0.008180515840649605,0.0019162368262186646,0.444904088973999,5.541988866752945e-05,0.08566609770059586,0.001083432580344379,0.0010260120034217834,0.0010260120034217834,-5.2475486882030964e-05,0.0005919185932725668,0.00011394835746614262,0.0,2.9614747631967475e-07,0.0824904665350914,0.0011171071091666818,0.0011171071091666818,0.0011171071091666818,0.0011171071091666818,0,0,0,"{'mean': {'raw': -0.005648182705044746, 'lambda': 0.0, 'weighted': 0.0}, 'log_growth': {'raw': -0.004811333492398262, 'lambda': 1.0, 'weighted': -0.004811333492398262}, 'cvar': {'raw': 0.003497445024549961, 'lambda': 0.0, 'weighted': 0.0}, 'turnover': {'raw': 0.008180515840649605, 'lambda': 0.0, 'weighted': 0.0}, 'volatility': {'raw': 0.0019162368262186646, 'lambda': 0.0, 'weighted': 0.0}, 'vol_excess': {'raw': 0.444904088973999, 'lambda': 0.0, 'weighted': 0.0}, 'weight_path': {'raw': 5.541988866752945e-05, 'lambda': 0.0, 'weighted': 0.0}, 'diversify': {'raw': 0.08566609770059586, 'lambda': 0.0, 'weighted': 0.0}}","{'mean': {'raw': -0.001083432580344379, 'lambda': 0.0, 'weighted': 0.0}, 'log_growth': {'raw': -0.0010260120034217834, 'lambda': 1.0, 'weighted': -0.0010260120034217834}, 'cvar': {'raw': 5.2475486882030964e-05, 'lambda': 0.0, 'weighted': 0.0}, 'turnover': {'raw': 0.0005919185932725668, 'lambda': 0.0, 'weighted': 0.0}, 'volatility': {'raw': 0.00011394835746614262, 'lambda': 0.0, 'weighted': 0.0}, 'vol_excess': {'raw': 0.0, 'lambda': 0.0, 'weighted': 0.0}, 'weight_path': {'raw': 2.9614747631967475e-07, 'lambda': 0.0, 'weighted': 0.0}, 'diversify': {'raw': 0.0824904665350914, 'lambda': 0.0, 'weighted': 0.0}}",0.0003,506,758,cadence,1,cadence_accept,-6.62636011838913e-07,-0.0006454196741034185,252
1,-0.0049173058941960335,-0.0010999084915965796,0.005750068463385105,0.0049173058941960335,0.0049173058941960335,-0.0033332433085888624,0.006894250400364399,0.0019056196324527264,0.44297629594802856,4.543408431345597e-05,0.0861300677061081,0.0011482116533443332,0.0010999084915965796,0.0010999084915965796,0.00018018134869635105,0.0006244683754630387,9.528856753604487e-05,0.0,3.1697700819677266e-07,0.08206287026405334,0.0010145276319235563,0.0010145276319235563,0.0010145276319235563,0.0010145276319235563,0,0,0,"{'mean': {'raw': -0.005750068463385105, 'lambda': 0.0, 'weighted': 0.0}, 'log_growth': {'raw': -0.0049173058941960335, 'lambda': 1.0, 'weighted': -0.0049173058941960335}, 'cvar': {'raw': 0.0033332433085888624, 'lambda': 0.0, 'weighted': 0.0}, 'turnover': {'raw': 0.006894250400364399, 'lambda': 0.0, 'weighted': 0.0}, 'volatility': {'raw': 0.0019056196324527264, 'lambda': 0.0, 'weighted': 0.0}, 'vol_excess': {'raw': 0.44297629594802856, 'lambda': 0.0, 'weighted': 0.0}, 'weight_path': {'raw': 4.543408431345597e-05, 'lambda': 0.0, 'weighted': 0.0}, 'diversify': {'raw': 0.0861300677061081, 'lambda': 0.0, 'weighted': 0.0}}","{'mean': {'raw': -0.0011482116533443332, 'lambda': 0.0, 'weighted': 0.0}, 'log_growth': {'raw': -0.0010999084915965796, 'lambda': 1.0, 'weighted': -0.0010999084915965796}, 'cvar': {'raw': -0.00018018134869635105, 'lambda': 0.0, 'weighted': 0.0}, 'turnover': {'raw': 0.0006244683754630387, 'lambda': 0.0, 'weighted': 0.0}, 'volatility': {'raw': 9.528856753604487e-05, 'lambda': 0.0, 'weighted': 0.0}, 'vol_excess': {'raw': 0.0, 'lambda': 0.0, 'weighted': 0.0}, 'weight_path': {'raw': 3.1697700819677266e-07, 'lambda': 0.0, 'weighted': 0.0}, 'diversify': {'raw': 0.08206287026405334, 'lambda': 0.0, 'weighted': 0.0}}",0.0003,511,763,cadence,1,cadence_accept,-6.722984835505486e-07,-0.0006112312870350131,252
2,-0.004924232605844736,-0.001099236193113029,0.005758821964263916,0.004924232605844736,0.004924232605844736,-0.003333837492391467,0.007777692750096321,0.001910315826535225,0.44382965564727783,5.2328916353872046e-05,0.08675868064165115,0.0011475839419290423,0.001099236193113029,0.001099236193113029,0.00017862592358142138,0.0006036877166479826,9.537870937492698e-05,0.0,2.9618166763611953e-07,0.0827675461769104,0.0009043437894433737,0.0009043437894433737,0.0009043437894433737,0.0009043437894433737,0,0,0,"{'mean': {'raw': -0.005758821964263916, 'lambda': 0.0, 'weighted': 0.0}, 'log_growth': {'raw': -0.004924232605844736, 'lambda': 1.0, 'weighted': -0.004924232605844736}, 'cvar': {'raw': 0.003333837492391467, 'lambda': 0.0, 'weighted': 0.0}, 'turnover': {'raw': 0.007777692750096321, 'lambda': 0.0, 'weighted': 0.0}, 'volatility': {'raw': 0.001910315826535225, 'lambda': 0.0, 'weighted': 0.0}, 'vol_excess': {'raw': 0.44382965564727783, 'lambda': 0.0, 'weighted': 0.0}, 'weight_path': {'raw': 5.2328916353872046e-05, 'lambda': 0.0, 'weighted': 0.0}, 'diversify': {'raw': 0.08675868064165115, 'lambda': 0.0, 'weighted': 0.0}}","{'mean': {'raw': -0.0011475839419290423, 'lambda': 0.0, 'weighted': 0.0}, 'log_growth': {'raw': -0.001099236193113029, 'lambda': 1.0, 'weighted': -0.001099236193113029}, 'cvar': {'raw': -0.00017862592358142138, 'lambda': 0.0, 'weighted': 0.0}, 'turnover': {'raw': 0.0006036877166479826, 'lambda': 0.0, 'weighted': 0.0}, 'volatility': {'raw': 9.537870937492698e-05, 'lambda': 0.0, 'weighted': 0.0}, 'vol_excess': {'raw': 0.0, 'lambda': 0.0, 'weighted': 0.0}, 'weight_path': {'raw': 2.9618166763611953e-07, 'lambda': 0.0, 'weighted': 0.0}, 'diversify': {'raw': 0.0827675461769104, 'lambda': 0.0, 'weighted': 0.0}}",0.0003,511,763,cadence,1,cadence_accept,-6.722984835505486e-07,-0.0006112312870350131,252
1,-0.001582865254022181,-0.0007768778596073389,0.0019403895130380988,0.001582865254022181,0.001582865254022181,-0.003589250613003969,0.008268658071756363,0.0007616864750161767,0.18811526894569397,5.9187605074839666e-05,0.08643125742673874,0.0008206196362152696,0.0007768778596073389,0.0007768778596073389,-5.1555223762989044e-05,0.0006506422068923712,8.689221431268379e-05,0.0,3.630450748914882e-07,0.08239942789077759,0.00042973781819455326,0.00042973781819455326,0.00042973781819455326,0.00042973781819455326,0,0,0,"{'mean': {'raw': -0.0019403895130380988, 'lambda': 0.0, 'weighted': 0.0}, 'log_growth': {'raw': -0.001582865254022181, 'lambda': 1.0, 'weighted': -0.001582865254022181}, 'cvar': {'raw': 0.003589250613003969, 'lambda': 0.0, 'weighted': 0.0}, 'turnover': {'raw': 0.008268658071756363, 'lambda': 0.0, 'weighted': 0.0}, 'volatility': {'raw': 0.0007616864750161767, 'lambda': 0.0, 'weighted': 0.0}, 'vol_excess': {'raw': 0.18811526894569397, 'lambda': 0.0, 'weighted': 0.0}, 'weight_path': {'raw': 5.9187605074839666e-05, 'lambda': 0.0, 'weighted': 0.0}, 'diversify': {'raw': 0.08643125742673874, 'lambda': 0.0, 'weighted': 0.0}}","{'mean': {'raw': -0.0008206196362152696, 'lambda': 0.0, 'weighted': 0.0}, 'log_growth': {'raw': -0.0007768778596073389, 'lambda': 1.0, 'weighted': -0.0007768778596073389}, 'cvar': {'raw': 5.1555223762989044e-05, 'lambda': 0.0, 'weighted': 0.0}, 'turnover': {'raw': 0.0006506422068923712, 'lambda': 0.0, 'weighted': 0.0}, 'volatility': {'raw': 8.689221431268379e-05, 'lambda': 0.0, 'weighted': 0.0}, 'vol_excess': {'raw': 0.0, 'lambda': 0.0, 'weighted': 0.0}, 'weight_path': {'raw': 3.630450748914882e-07, 'lambda': 0.0, 'weighted': 0.0}, 'diversify': {'raw': 0.08239942789077759, 'lambda': 0.0, 'weighted': 0.0}}",0.0003,516,768,cadence,1,cadence_accept,-4.2194733396172523e-07,-0.0005431321387275214,252
2,-0.0015923244645819068,-0.0007764559122733772,0.0019502638606354594,0.0015923244645819068,0.0015923244645819068,-0.003582070581614971,0.007240725215524435,0.0007626516744494438,0.1883927583694458,4.5371380110736936e-05,0.08699417114257812,0.0008202292956411839,0.0007764559122733772,0.0007764559122733772,-5.258538294583559e-05,0.0006327230366878211,8.695573342265561e-05,0.0,3.432491837429552e-07,0.08298784494400024,0.0003061164461541921,0.0003061164461541921,0.0003061164461541921,0.0003061164461541921,0,0,0,"{'mean': {'raw': -0.0019502638606354594, 'lambda': 0.0, 'weighted': 0.0}, 'log_growth': {'raw': -0.0015923244645819068, 'lambda': 1.0, 'weighted': -0.0015923244645819068}, 'cvar': {'raw': 0.003582070581614971, 'lambda': 0.0, 'weighted': 0.0}, 'turnover': {'raw': 0.007240725215524435, 'lambda': 0.0, 'weighted': 0.0}, 'volatility': {'raw': 0.0007626516744494438, 'lambda': 0.0, 'weighted': 0.0}, 'vol_excess': {'raw': 0.1883927583694458, 'lambda': 0.0, 'weighted': 0.0}, 'weight_path': {'raw': 4.5371380110736936e-05, 'lambda': 0.0, 'weighted': 0.0}, 'diversify': {'raw': 0.08699417114257812, 'lambda': 0.0, 'weighted': 0.0}}","{'mean': {'raw': -0.0008202292956411839, 'lambda': 0.0, 'weighted': 0.0}, 'log_growth': {'raw': -0.0007764559122733772, 'lambda': 1.0, 'weighted': -0.0007764559122733772}, 'cvar': {'raw': 5.258538294583559e-05, 'lambda': 0.0, 'weighted': 0.0}, 'turnover': {'raw': 0.0006327230366878211, 'lambda': 0.0, 'weighted': 0.0}, 'volatility': {'raw': 8.695573342265561e-05, 'lambda': 0.0, 'weighted': 0.0}, 'vol_excess': {'raw': 0.0, 'lambda': 0.0, 'weighted': 0.0}, 'weight_path': {'raw': 3.432491837429552e-07, 'lambda': 0.0, 'weighted': 0.0}, 'diversify': {'raw': 0.08298784494400024, 'lambda': 0.0, 'weighted': 0.0}}",0.0003,516,768,cadence,1,cadence_accept,-4.2194733396172523e-07,-0.0005431321387275214,252
1,-0.0021199099719524384,-0.0012417084071785212,0.0024521874729543924,0.0021199099719524384,0.0021199099719524384,-0.00241479417309165,0.006889276206493378,0.0007111739832907915,0.17333894968032837,5.3509567806031555e-05,0.08703964203596115,0.0012807613238692284,0.0012417084071785212,0.0012417084071785212,0.0005161099834367633,0.0006308369338512421,7.667783938813955e-05,0.0,3.521800806538522e-07,0.08275913447141647,0.0004435119917616248,0.0004435119917616248,0.0004435119917616248,0.0004435119917616248,0,0,0,"{'mean': {'raw': -0.0024521874729543924, 'lambda': 0.0, 'weighted': 0.0}, 'log_growth': {'raw': -0.0021199099719524384, 'lambda': 1.0, 'weighted': -0.0021199099719524384}, 'cvar': {'raw': 0.00241479417309165, 'lambda': 0.0, 'weighted': 0.0}, 'turnover': {'raw': 0.006889276206493378, 'lambda': 0.0, 'weighted': 0.0}, 'volatility': {'raw': 0.0007111739832907915, 'lambda': 0.0, 'weighted': 0.0}, 'vol_excess': {'raw': 0.17333894968032837, 'lambda': 0.0, 'weighted': 0.0}, 'weight_path': {'raw': 5.3509567806031555e-05, 'lambda': 0.0, 'weighted': 0.0}, 'diversify': {'raw': 0.08703964203596115, 'lambda': 0.0, 'weighted': 0.0}}","{'mean': {'raw': -0.0012807613238692284, 'lambda': 0.0, 'weighted': 0.0}, 'log_growth': {'raw': -0.0012417084071785212, 'lambda': 1.0, 'weighted': -0.0012417084071785212}, 'cvar': {'raw': -0.0005161099834367633, 'lambda': 0.0, 'weighted': 0.0}, 'turnover': {'raw': 0.0006308369338512421, 'lambda': 0.0, 'weighted': 0.0}, 'volatility': {'raw': 7.667783938813955e-05, 'lambda': 0.0, 'weighted': 0.0}, 'vol_excess': {'raw': 0.0, 'lambda': 0.0, 'weighted': 0.0}, 'weight_path': {'raw': 3.521800806538522e-07, 'lambda': 0.0, 'weighted': 0.0}, 'diversify': {'raw': 0.08275913447141647, 'lambda': 0.0, 'weighted': 0.0}}",0.0003,521,773,cadence,1,cadence_accept,-9.208451956510544e-08,-7.415953613472382e-05,252
2,-0.0021206215023994446,-0.001241616322658956,0.0024532361421734095,0.0021206215023994446,0.0021206215023994446,-0.0024161599576473236,0.007153249811381102,0.000712016480974853,0.17358961701393127,4.430115222930908e-05,0.08710385113954544,0.0012806919403374195,0.001241616322658956,0.001241616322658956,0.0005155823891982436,0.0006161512574180961,7.672353240195662e-05,0.0,3.358995570579282e-07,0.08325935155153275,0.00042735645547509193,0.00042735645547509193,0.00042735645547509193,0.00042735645547509193,0,0,0,"{'mean': {'raw': -0.0024532361421734095, 'lambda': 0.0, 'weighted': 0.0}, 'log_growth': {'raw': -0.0021206215023994446, 'lambda': 1.0, 'weighted': -0.0021206215023994446}, 'cvar': {'raw': 0.0024161599576473236, 'lambda': 0.0, 'weighted': 0.0}, 'turnover': {'raw': 0.007153249811381102, 'lambda': 0.0, 'weighted': 0.0}, 'volatility': {'raw': 0.000712016480974853, 'lambda': 0.0, 'weighted': 0.0}, 'vol_excess': {'raw': 0.17358961701393127, 'lambda': 0.0, 'weighted': 0.0}, 'weight_path': {'raw': 4.430115222930908e-05, 'lambda': 0.0, 'weighted': 0.0}, 'diversify': {'raw': 0.08710385113954544, 'lambda': 0.0, 'weighted': 0.0}}","{'mean': {'raw': -0.0012806919403374195, 'lambda': 0.0, 'weighted': 0.0}, 'log_growth': {'raw': -0.001241616322658956, 'lambda': 1.0, 'weighted': -0.001241616322658956}, 'cvar': {'raw': -0.0005155823891982436, 'lambda': 0.0, 'weighted': 0.0}, 'turnover': {'raw': 0.0006161512574180961, 'lambda': 0.0, 'weighted': 0.0}, 'volatility': {'raw': 7.672353240195662e-05, 'lambda': 0.0, 'weighted': 0.0}, 'vol_excess': {'raw': 0.0, 'lambda': 0.0, 'weighted': 0.0}, 'weight_path': {'raw': 3.358995570579282e-07, 'lambda': 0.0, 'weighted': 0.0}, 'diversify': {'raw': 0.08325935155153275, 'lambda': 0.0, 'weighted': 0.0}}",0.0003,521,773,cadence,1,cadence_accept,-9.208451956510544e-08,-7.415953613472382e-05,252
1,-0.0018812700873240829,-0.0002443490666337311,0.002194211585447192,0.0018812700873240829,0.0018812700873240829,-0.0023508069571107626,0.007348674349486828,0.0006719799130223691,0.16150811314582825,4.19319148932118e-05,0.08724522590637207,0.0002828224387485534,0.0002443490666337311,0.0002443490666337311,-0.00048409143346361816,0.0005820942460559309,7.692857616348192e-05,0.0,2.9805522672177176e-07,0.08319667726755142,0.0004957275814376771,0.0004957275814376771,0.0004957275814376771,0.0004957275814376771,0,0,0,"{'mean': {'raw': -0.002194211585447192, 'lambda': 0.0, 'weighted': 0.0}, 'log_growth': {'raw': -0.0018812700873240829, 'lambda': 1.0, 'weighted': -0.0018812700873240829}, 'cvar': {'raw': 0.0023508069571107626, 'lambda': 0.0, 'weighted': 0.0}, 'turnover': {'raw': 0.007348674349486828, 'lambda': 0.0, 'weighted': 0.0}, 'volatility': {'raw': 0.0006719799130223691, 'lambda': 0.0, 'weighted': 0.0}, 'vol_excess': {'raw': 0.16150811314582825, 'lambda': 0.0, 'weighted': 0.0}, 'weight_path': {'raw': 4.19319148932118e-05, 'lambda': 0.0, 'weighted': 0.0}, 'diversify': {'raw': 0.08724522590637207, 'lambda': 0.0, 'weighted': 0.0}}","{'mean': {'raw': -0.0002828224387485534, 'lambda': 0.0, 'weighted': 0.0}, 'log_growth': {'raw': -0.0002443490666337311, 'lambda': 1.0, 'weighted': -0.0002443490666337311}, 'cvar': {'raw': 0.00048409143346361816, 'lambda': 0.0, 'weighted': 0.0}, 'turnover': {'raw': 0.0005820942460559309, 'lambda': 0.0, 'weighted': 0.0}, 'volatility': {'raw': 7.692857616348192e-05, 'lambda': 0.0, 'weighted': 0.0}, 'vol_excess': {'raw': 0.0, 'lambda': 0.0, 'weighted': 0.0}, 'weight_path': {'raw': 2.9805522672177176e-07, 'lambda': 0.0, 'weighted': 0.0}, 'diversify': {'raw': 0.08319667726755142, 'lambda': 0.0, 'weighted': 0.0}}",0.0003,526,778,cadence,1,cadence_accept,-1.42405042424798e-07,-0.0005827934757592655,252
2,-0.0018921602750197053,-0.00024420666159130633,0.002206713194027543,0.0018921602750197053,0.0018921602750197053,-0.00234742253087461,0.007006249390542507,0.0006759782554581761,0.16273057460784912,4.571164390654303e-05,0.08766049891710281,0.0002827013377100229,0.00024420666159130633,0.00024420666159130633,-0.000484637072077021,0.0005707739037461579,7.697081309743226e-05,0.0,2.8653639105868933e-07,0.08361972868442535,0.0003402245056349784,0.0003402245056349784,0.0003402245056349784,0.0003402245056349784,0,0,0,"{'mean': {'raw': -0.002206713194027543, 'lambda': 0.0, 'weighted': 0.0}, 'log_growth': {'raw': -0.0018921602750197053, 'lambda': 1.0, 'weighted': -0.0018921602750197053}, 'cvar': {'raw': 0.00234742253087461, 'lambda': 0.0, 'weighted': 0.0}, 'turnover': {'raw': 0.007006249390542507, 'lambda': 0.0, 'weighted': 0.0}, 'volatility': {'raw': 0.0006759782554581761, 'lambda': 0.0, 'weighted': 0.0}, 'vol_excess': {'raw': 0.16273057460784912, 'lambda': 0.0, 'weighted': 0.0}, 'weight_path': {'raw': 4.571164390654303e-05, 'lambda': 0.0, 'weighted': 0.0}, 'diversify': {'raw': 0.08766049891710281, 'lambda': 0.0, 'weighted': 0.0}}","{'mean': {'raw': -0.0002827013377100229, 'lambda': 0.0, 'weighted': 0.0}, 'log_growth': {'raw': -0.00024420666159130633, 'lambda': 1.0, 'weighted': -0.00024420666159130633}, 'cvar': {'raw': 0.000484637072077021, 'lambda': 0.0, 'weighted': 0.0}, 'turnover': {'raw': 0.0005707739037461579, 'lambda': 0.0, 'weighted': 0.0}, 'volatility': {'raw': 7.697081309743226e-05, 'lambda': 0.0, 'weighted': 0.0}, 'vol_excess': {'raw': 0.0, 'lambda': 0.0, 'weighted': 0.0}, 'weight_path': {'raw': 2.8653639105868933e-07, 'lambda': 0.0, 'weighted': 0.0}, 'diversify': {'raw': 0.08361972868442535, 'lambda': 0.0, 'weighted': 0.0}}",0.0003,526,778,cadence,1,cadence_accept,-1.42405042424798e-07,-0.0005827934757592655,252
1,-0.001777422265149653,8.144635648932308e-05,0.0020887507125735283,0.001777422265149653,0.001777422265149653,-0.002389275934547186,0.005714991129934788,0.000670579494908452,0.16107913851737976,3.0308394343592227e-05,0.08778444677591324,-3.705732524394989e-05,-8.144635648932308e-05,-8.144635648932308e-05,-0.0009190288837999105,0.0005400297814048827,8.883767441147938e-05,0.0,2.699608501188777e-07,0.08381646126508713,0.00018992769764736295,0.00018992769764736295,0.00018992769764736295,0.00018992769764736295,0,0,0,"{'mean': {'raw': -0.0020887507125735283, 'lambda': 0.0, 'weighted': 0.0}, 'log_growth': {'raw': -0.001777422265149653, 'lambda': 1.0, 'weighted': -0.001777422265149653}, 'cvar': {'raw': 0.002389275934547186, 'lambda': 0.0, 'weighted': 0.0}, 'turnover': {'raw': 0.005714991129934788, 'lambda': 0.0, 'weighted': 0.0}, 'volatility': {'raw': 0.000670579494908452, 'lambda': 0.0, 'weighted': 0.0}, 'vol_excess': {'raw': 0.16107913851737976, 'lambda': 0.0, 'weighted': 0.0}, 'weight_path': {'raw': 3.0308394343592227e-05, 'lambda': 0.0, 'weighted': 0.0}, 'diversify': {'raw': 0.08778444677591324, 'lambda': 0.0, 'weighted': 0.0}}","{'mean': {'raw': 3.705732524394989e-05, 'lambda': 0.0, 'weighted': 0.0}, 'log_growth': {'raw': 8.144635648932308e-05, 'lambda': 1.0, 'weighted': 8.144635648932308e-05}, 'cvar': {'raw': 0.0009190288837999105, 'lambda': 0.0, 'weighted': 0.0}, 'turnover': {'raw': 0.0005400297814048827, 'lambda': 0.0, 'weighted': 0.0}, 'volatility': {'raw': 8.883767441147938e-05, 'lambda': 0.0, 'weighted': 0.0}, 'vol_excess': {'raw': 0.0, 'lambda': 0.0, 'weighted': 0.0}, 'weight_path': {'raw': 2.699608501188777e-07, 'lambda': 0.0, 'weighted': 0.0}, 'diversify': {'raw': 0.08381646126508713, 'lambda': 0.0, 'weighted': 0.0}}",0.0003,531,783,cadence,1,cadence_accept,-1.1436350177973509e-07,-0.0014041573534424442,252
2,-0.0017759001348167658,8.156071999110281e-05,0.002087588654831052,0.0017759001348167658,0.0017759001348167658,-0.002392642432823777,0.006312371697276831,0.0006714918417856097,0.16135862469673157,3.305316931800917e-05,0.08807669579982758,-3.7149860872887075e-05,-8.156071999110281e-05,-8.156071999110281e-05,-0.000919557933229953,0.0005317319300957024,8.888138108886778e-05,0.0,2.6174902245656995e-07,0.0841546282172203,0.00019733600493054837,0.00019733600493054837,0.00019733600493054837,0.00019733600493054837,0,0,0,"{'mean': {'raw': -0.002087588654831052, 'lambda': 0.0, 'weighted': 0.0}, 'log_growth': {'raw': -0.0017759001348167658, 'lambda': 1.0, 'weighted': -0.0017759001348167658}, 'cvar': {'raw': 0.002392642432823777, 'lambda': 0.0, 'weighted': 0.0}, 'turnover': {'raw': 0.006312371697276831, 'lambda': 0.0, 'weighted': 0.0}, 'volatility': {'raw': 0.0006714918417856097, 'lambda': 0.0, 'weighted': 0.0}, 'vol_excess': {'raw': 0.16135862469673157, 'lambda': 0.0, 'weighted': 0.0}, 'weight_path': {'raw': 3.305316931800917e-05, 'lambda': 0.0, 'weighted': 0.0}, 'diversify': {'raw': 0.08807669579982758, 'lambda': 0.0, 'weighted': 0.0}}","{'mean': {'raw': 3.7149860872887075e-05, 'lambda': 0.0, 'weighted': 0.0}, 'log_growth': {'raw': 8.156071999110281e-05, 'lambda': 1.0, 'weighted': 8.156071999110281e-05}, 'cvar': {'raw': 0.000919557933229953, 'lambda': 0.0, 'weighted': 0.0}, 'turnover': {'raw': 0.0005317319300957024, 'lambda': 0.0, 'weighted': 0.0}, 'volatility': {'raw': 8.888138108886778e-05, 'lambda': 0.0, 'weighted': 0.0}, 'vol_excess': {'raw': 0.0, 'lambda': 0.0, 'weighted': 0.0}, 'weight_path': {'raw': 2.6174902245656995e-07, 'lambda': 0.0, 'weighted': 0.0}, 'diversify': {'raw': 0.0841546282172203, 'lambda': 0.0, 'weighted': 0.0}}",0.0003,531,783,cadence,1,cadence_accept,-1.1436350177973509e-07,-0.0014041573534424442,252
1,-0.0022653064224869013,6.189868145156652e-05,0.002562508452683687,0.0022653064224869013,0.0022653064224869013,-0.0016905947122722864,0.007112991530448198,0.0006378680118359625,0.15092733502388,4.480901043280028e-05,0.08751267939805984,-1.8184482541983016e-05,-6.189868145156652e-05,-6.189868145156652e-05,-0.0008879741071723402,0.0005676419823430479,8.74733887030743e-05,0.0,2.856794196759438e-07,0.08427668362855911,0.0005682205664925277,0.0005682205664925277,0.0005682205664925277,0.0005682205664925277,0,0,0,"{'mean': {'raw': -0.002562508452683687, 'lambda': 0.0, 'weighted': 0.0}, 'log_growth': {'raw': -0.0022653064224869013, 'lambda': 1.0, 'weighted': -0.0022653064224869013}, 'cvar': {'raw': 0.0016905947122722864, 'lambda': 0.0, 'weighted': 0.0}, 'turnover': {'raw': 0.007112991530448198, 'lambda': 0.0, 'weighted': 0.0}, 'volatility': {'raw': 0.0006378680118359625, 'lambda': 0.0, 'weighted': 0.0}, 'vol_excess': {'raw': 0.15092733502388, 'lambda': 0.0, 'weighted': 0.0}, 'weight_path': {'raw': 4.480901043280028e-05, 'lambda': 0.0, 'weighted': 0.0}, 'diversify': {'raw': 0.08751267939805984, 'lambda': 0.0, 'weighted': 0.0}}","{'mean': {'raw': 1.8184482541983016e-05, 'lambda': 0.0, 'weighted': 0.0}, 'log_growth': {'raw': 6.189868145156652e-05, 'lambda': 1.0, 'weighted': 6.189868145156652e-05}, 'cvar': {'raw': 0.0008879741071723402, 'lambda': 0.0, 'weighted': 0.0}, 'turnover': {'raw': 0.0005676419823430479, 'lambda': 0.0, 'weighted': 0.0}, 'volatility': {'raw': 8.74733887030743e-05, 'lambda': 0.0, 'weighted': 0.0}, 'vol_excess': {'raw': 0.0, 'lambda': 0.0, 'weighted': 0.0}, 'weight_path': {'raw': 2.856794196759438e-07, 'lambda': 0.0, 'weighted': 0.0}, 'diversify': {'raw': 0.08427668362855911, 'lambda': 0.0, 'weighted': 0.0}}",0.0003,536,788,cadence,1,cadence_accept,-2.2798485588282347e-07,-0.003683194001119707,252
2,-0.0022813708055764437,6.212666630744934e-05,0.0025817761197686195,0.0022813708055764437,0.0022813708055764437,-0.0016902550123631954,0.006553967017680407,0.0006457915296778083,0.15340980887413025,3.926606586901471e-05,0.0882798582315445,-1.8393993741483428e-05,-6.212666630744934e-05,-6.212666630744934e-05,-0.0008885562419891357,0.0005601327284239233,8.751080167712644e-05,0.0,2.781756620606757e-07,0.08457237482070923,0.0003503035113681108,0.0003503035113681108,0.0003503035113681108,0.0003503035113681108,0,0,0,"{'mean': {'raw': -0.0025817761197686195, 'lambda': 0.0, 'weighted': 0.0}, 'log_growth': {'raw': -0.0022813708055764437, 'lambda': 1.0, 'weighted': -0.0022813708055764437}, 'cvar': {'raw': 0.0016902550123631954, 'lambda': 0.0, 'weighted': 0.0}, 'turnover': {'raw': 0.006553967017680407, 'lambda': 0.0, 'weighted': 0.0}, 'volatility': {'raw': 0.0006457915296778083, 'lambda': 0.0, 'weighted': 0.0}, 'vol_excess': {'raw': 0.15340980887413025, 'lambda': 0.0, 'weighted': 0.0}, 'weight_path': {'raw': 3.926606586901471e-05, 'lambda': 0.0, 'weighted': 0.0}, 'diversify': {'raw': 0.0882798582315445, 'lambda': 0.0, 'weighted': 0.0}}","{'mean': {'raw': 1.8393993741483428e-05, 'lambda': 0.0, 'weighted': 0.0}, 'log_growth': {'raw': 6.212666630744934e-05, 'lambda': 1.0, 'weighted': 6.212666630744934e-05}, 'cvar': {'raw': 0.0008885562419891357, 'lambda': 0.0, 'weighted': 0.0}, 'turnover': {'raw': 0.0005601327284239233, 'lambda': 0.0, 'weighted': 0.0}, 'volatility': {'raw': 8.751080167712644e-05, 'lambda': 0.0, 'weighted': 0.0}, 'vol_excess': {'raw': 0.0, 'lambda': 0.0, 'weighted': 0.0}, 'weight_path': {'raw': 2.781756620606757e-07, 'lambda': 0.0, 'weighted': 0.0}, 'diversify': {'raw': 0.08457237482070923, 'lambda': 0.0, 'weighted': 0.0}}",0.0003,536,788,cadence,1,cadence_accept,-2.2798485588282347e-07,-0.003683194001119707,252
1,-0.00241017434746027,0.0011209918884560466,0.00270686112344265,0.00241017434746027,0.00241017434746027,-0.0015086226630955935,0.0074187410064041615,0.0006369943730533123,0.150652676820755,4.991618698113598e-05,0.08776446431875229,-0.0010626873699948192,-0.0011209918884560466,-0.0011209918884560466,-0.002240646630525589,0.000576880993321538,0.0001148399751400575,0.0,2.8748206659656717e-07,0.08461685478687286,0.0005527852918021381,0.0005527852918021381,0.0005527852918021381,0.0005527852918021381,0,0,0,"{'mean': {'raw': -0.00270686112344265, 'lambda': 0.0, 'weighted': 0.0}, 'log_growth': {'raw': -0.00241017434746027, 'lambda': 1.0, 'weighted': -0.00241017434746027}, 'cvar': {'raw': 0.0015086226630955935, 'lambda': 0.0, 'weighted': 0.0}, 'turnover': {'raw': 0.0074187410064041615, 'lambda': 0.0, 'weighted': 0.0}, 'volatility': {'raw': 0.0006369943730533123, 'lambda': 0.0, 'weighted': 0.0}, 'vol_excess': {'raw': 0.150652676820755, 'lambda': 0.0, 'weighted': 0.0}, 'weight_path': {'raw': 4.991618698113598e-05, 'lambda': 0.0, 'weighted': 0.0}, 'diversify': {'raw': 0.08776446431875229, 'lambda': 0.0, 'weighted': 0.0}}","{'mean': {'raw': 0.0010626873699948192, 'lambda': 0.0, 'weighted': 0.0}, 'log_growth': {'raw': 0.0011209918884560466, 'lambda': 1.0, 'weighted': 0.0011209918884560466}, 'cvar': {'raw': 0.002240646630525589, 'lambda': 0.0, 'weighted': 0.0}, 'turnover': {'raw': 0.000576880993321538, 'lambda': 0.0, 'weighted': 0.0}, 'volatility': {'raw': 0.0001148399751400575, 'lambda': 0.0, 'weighted': 0.0}, 'vol_excess': {'raw': 0.0, 'lambda': 0.0, 'weighted': 0.0}, 'weight_path': {'raw': 2.8748206659656717e-07, 'lambda': 0.0, 'weighted': 0.0}, 'diversify': {'raw': 0.08461685478687286, 'lambda': 0.0, 'weighted': 0.0}}",0.0003,540,792,cadence,1,cadence_accept,-4.3457839637994766e-07,-0.0003876730960032403,252
2,-0.002426191931590438,0.0011214264668524265,0.002725736703723669,0.002426191931590438,0.002426191931590438,-0.0015037476550787687,0.006560947746038437,0.0006441572331823409,0.15289902687072754,3.824083978543058e-05,0.08825881779193878,-0.0010630977340042591,-0.0011214264668524265,-0.0011214264668524265,-0.0022415495477616787,0.0005702960770577192,0.00011488647578516975,0.0,2.8093629111936025e-07,0.08487848192453384,0.0003222794330213219,0.0003222794330213219,0.0003222794330213219,0.0003222794330213219,0,0,0,"{'mean': {'raw': -0.002725736703723669, 'lambda': 0.0, 'weighted': 0.0}, 'log_growth': {'raw': -0.002426191931590438, 'lambda': 1.0, 'weighted': -0.002426191931590438}, 'cvar': {'raw': 0.0015037476550787687, 'lambda': 0.0, 'weighted': 0.0}, 'turnover': {'raw': 0.006560947746038437, 'lambda': 0.0, 'weighted': 0.0}, 'volatility': {'raw': 0.0006441572331823409, 'lambda': 0.0, 'weighted': 0.0}, 'vol_excess': {'raw': 0.15289902687072754, 'lambda': 0.0, 'weighted': 0.0}, 'weight_path': {'raw': 3.824083978543058e-05, 'lambda': 0.0, 'weighted': 0.0}, 'diversify': {'raw': 0.08825881779193878, 'lambda': 0.0, 'weighted': 0.0}}","{'mean': {'raw': 0.0010630977340042591, 'lambda': 0.0, 'weighted': 0.0}, 'log_growth': {'raw': 0.0011214264668524265, 'lambda': 1.0, 'weighted': 0.0011214264668524265}, 'cvar': {'raw': 0.0022415495477616787, 'lambda': 0.0, 'weighted': 0.0}, 'turnover': {'raw': 0.0005702960770577192, 'lambda': 0.0, 'weighted': 0.0}, 'volatility': {'raw': 0.00011488647578516975, 'lambda': 0.0, 'weighted': 0.0}, 'vol_excess': {'raw': 0.0, 'lambda': 0.0, 'weighted': 0.0}, 'weight_path': {'raw': 2.8093629111936025e-07, 'lambda': 0.0, 'weighted': 0.0}, 'diversify': {'raw': 0.08487848192453384, 'lambda': 0.0, 'weighted': 0.0}}",0.0003,540,792,cadence,1,cadence_accept,-4.3457839637994766e-07,-0.0003876730960032403,252
1,-0.0009057621355168521,0.0012339386157691479,0.0010491048451513052,0.0009057621355168521,0.0009057621355168521,-0.0018302914686501026,0.006527250166982412,0.0002857161744032055,0.01832905411720276,4.398487726575695e-05,0.08805479854345322,-0.0011677283328026533,-0.0012339386157691479,-0.0012339386157691479,-0.0025088703259825706,0.0005854804185219109,0.00013022463826928288,0.0,2.7734074592444813e-07,0.08488164842128754,8.087174501270056e-05,8.087174501270056e-05,8.087174501270056e-05,8.087174501270056e-05,0,0,0,"{'mean': {'raw': -0.0010491048451513052, 'lambda': 0.0, 'weighted': 0.0}, 'log_growth': {'raw': -0.0009057621355168521, 'lambda': 1.0, 'weighted': -0.0009057621355168521}, 'cvar': {'raw': 0.0018302914686501026, 'lambda': 0.0, 'weighted': 0.0}, 'turnover': {'raw': 0.006527250166982412, 'lambda': 0.0, 'weighted': 0.0}, 'volatility': {'raw': 0.0002857161744032055, 'lambda': 0.0, 'weighted': 0.0}, 'vol_excess': {'raw': 0.01832905411720276, 'lambda': 0.0, 'weighted': 0.0}, 'weight_path': {'raw': 4.398487726575695e-05, 'lambda': 0.0, 'weighted': 0.0}, 'diversify': {'raw': 0.08805479854345322, 'lambda': 0.0, 'weighted': 0.0}}","{'mean': {'raw': 0.0011677283328026533, 'lambda': 0.0, 'weighted': 0.0}, 'log_growth': {'raw': 0.0012339386157691479, 'lambda': 1.0, 'weighted': 0.0012339386157691479}, 'cvar': {'raw': 0.0025088703259825706, 'lambda': 0.0, 'weighted': 0.0}, 'turnover': {'raw': 0.0005854804185219109, 'lambda': 0.0, 'weighted': 0.0}, 'volatility': {'raw': 0.00013022463826928288, 'lambda': 0.0, 'weighted': 0.0}, 'vol_excess': {'raw': 0.0, 'lambda': 0.0, 'weighted': 0.0}, 'weight_path': {'raw': 2.7734074592444813e-07, 'lambda': 0.0, 'weighted': 0.0}, 'diversify': {'raw': 0.08488164842128754, 'lambda': 0.0, 'weighted': 0.0}}",0.0003,545,797,cadence,1,cadence_accept,-3.260793164372444e-07,-0.0002642589444935486,252
2,-0.0009049060754477978,0.0012342646950855851,0.0010482905199751258,0.0009049060754477978,0.0009049060754477978,-0.0018320403760299087,0.005851042922586203,0.0002858002844732255,0.018368542194366455,2.941982529591769e-05,0.08809135854244232,-0.0011680335737764835,-0.0012342646950855851,-0.0012342646950855851,-0.0025096028111875057,0.0005808405694551766,0.0001302647724514827,0.0,2.729472612372774e-07,0.08508287370204926,8.439222438028082e-05,8.439222438028082e-05,8.439222438028082e-05,8.439222438028082e-05,0,0,0,"{'mean': {'raw': -0.0010482905199751258, 'lambda': 0.0, 'weighted': 0.0}, 'log_growth': {'raw': -0.0009049060754477978, 'lambda': 1.0, 'weighted': -0.0009049060754477978}, 'cvar': {'raw': 0.0018320403760299087, 'lambda': 0.0, 'weighted': 0.0}, 'turnover': {'raw': 0.005851042922586203, 'lambda': 0.0, 'weighted': 0.0}, 'volatility': {'raw': 0.0002858002844732255, 'lambda': 0.0, 'weighted': 0.0}, 'vol_excess': {'raw': 0.018368542194366455, 'lambda': 0.0, 'weighted': 0.0}, 'weight_path': {'raw': 2.941982529591769e-05, 'lambda': 0.0, 'weighted': 0.0}, 'diversify': {'raw': 0.08809135854244232, 'lambda': 0.0, 'weighted': 0.0}}","{'mean': {'raw': 0.0011680335737764835, 'lambda': 0.0, 'weighted': 0.0}, 'log_growth': {'raw': 0.0012342646950855851, 'lambda': 1.0, 'weighted': 0.0012342646950855851}, 'cvar': {'raw': 0.0025096028111875057, 'lambda': 0.0, 'weighted': 0.0}, 'turnover': {'raw': 0.0005808405694551766, 'lambda': 0.0, 'weighted': 0.0}, 'volatility': {'raw': 0.0001302647724514827, 'lambda': 0.0, 'weighted': 0.0}, 'vol_excess': {'raw': 0.0, 'lambda': 0.0, 'weighted': 0.0}, 'weight_path': {'raw': 2.729472612372774e-07, 'lambda': 0.0, 'weighted': 0.0}, 'diversify': {'raw': 0.08508287370204926, 'lambda': 0.0, 'weighted': 0.0}}",0.0003,545,797,cadence,1,cadence_accept,-3.260793164372444e-07,-0.0002642589444935486,252
1,-0.0015004563611000776,0.0026857955381274223,0.0016388241201639175,0.0015004563611000776,0.0015004563611000776,-0.0011317064054310322,0.007455669809132814,0.00027445846353657544,0.012989580631256104,6.054174082237296e-05,0.08764835447072983,-0.0026202353183180094,-0.0026857955381274223,-0.0026857955381274223,-0.0038830218836665154,0.0006306841387413442,0.00012316687207203358,0.0,3.2854421760930563e-07,0.08501990139484406,0.00014204217586666346,0.00014204217586666346,0.00014204217586666346,0.00014204217586666346,0,0,0,"{'mean': {'raw': -0.0016388241201639175, 'lambda': 0.0, 'weighted': 0.0}, 'log_growth': {'raw': -0.0015004563611000776, 'lambda': 1.0, 'weighted': -0.0015004563611000776}, 'cvar': {'raw': 0.0011317064054310322, 'lambda': 0.0, 'weighted': 0.0}, 'turnover': {'raw': 0.007455669809132814, 'lambda': 0.0, 'weighted': 0.0}, 'volatility': {'raw': 0.00027445846353657544, 'lambda': 0.0, 'weighted': 0.0}, 'vol_excess': {'raw': 0.012989580631256104, 'lambda': 0.0, 'weighted': 0.0}, 'weight_path': {'raw': 6.054174082237296e-05, 'lambda': 0.0, 'weighted': 0.0}, 'diversify': {'raw': 0.08764835447072983, 'lambda': 0.0, 'weighted': 0.0}}","{'mean': {'raw': 0.0026202353183180094, 'lambda': 0.0, 'weighted': 0.0}, 'log_growth': {'raw': 0.0026857955381274223, 'lambda': 1.0, 'weighted': 0.0026857955381274223}, 'cvar': {'raw': 0.0038830218836665154, 'lambda': 0.0, 'weighted': 0.0}, 'turnover': {'raw': 0.0006306841387413442, 'lambda': 0.0, 'weighted': 0.0}, 'volatility': {'raw': 0.00012316687207203358, 'lambda': 0.0, 'weighted': 0.0}, 'vol_excess': {'raw': 0.0, 'lambda': 0.0, 'weighted': 0.0}, 'weight_path': {'raw': 3.2854421760930563e-07, 'lambda': 0.0, 'weighted': 0.0}, 'diversify': {'raw': 0.08501990139484406, 'lambda': 0.0, 'weighted': 0.0}}",0.0003,550,802,cadence,1,cadence_accept,-3.41096892952919e-07,-0.00012700032001085855,252
2,-0.0015014773234724998,0.0026861366350203753,0.0016399698797613382,0.0015014773234724998,0.0015014773234724998,-0.0011329702101647854,0.006550134625285864,0.0002747064863797277,0.013108402490615845,4.1198538383468986e-05,0.08822618424892426,-0.0026205608155578375,-0.0026861366350203753,-0.0026861366350203753,-0.0038836607709527016,0.0006271855672821403,0.00012319651432335377,0.0,3.248835866997979e-07,0.08518095314502716,0.00013442813360597938,0.00013442813360597938,0.00013442813360597938,0.00013442813360597938,0,0,0,"{'mean': {'raw': -0.0016399698797613382, 'lambda': 0.0, 'weighted': 0.0}, 'log_growth': {'raw': -0.0015014773234724998, 'lambda': 1.0, 'weighted': -0.0015014773234724998}, 'cvar': {'raw': 0.0011329702101647854, 'lambda': 0.0, 'weighted': 0.0}, 'turnover': {'raw': 0.006550134625285864, 'lambda': 0.0, 'weighted': 0.0}, 'volatility': {'raw': 0.0002747064863797277, 'lambda': 0.0, 'weighted': 0.0}, 'vol_excess': {'raw': 0.013108402490615845, 'lambda': 0.0, 'weighted': 0.0}, 'weight_path': {'raw': 4.1198538383468986e-05, 'lambda': 0.0, 'weighted': 0.0}, 'diversify': {'raw': 0.08822618424892426, 'lambda': 0.0, 'weighted': 0.0}}","{'mean': {'raw': 0.0026205608155578375, 'lambda': 0.0, 'weighted': 0.0}, 'log_growth': {'raw': 0.0026861366350203753, 'lambda': 1.0, 'weighted': 0.0026861366350203753}, 'cvar': {'raw': 0.0038836607709527016, 'lambda': 0.0, 'weighted': 0.0}, 'turnover': {'raw': 0.0006271855672821403, 'lambda': 0.0, 'weighted': 0.0}, 'volatility': {'raw': 0.00012319651432335377, 'lambda': 0.0, 'weighted': 0.0}, 'vol_excess': {'raw': 0.0, 'lambda': 0.0, 'weighted': 0.0}, 'weight_path': {'raw': 3.248835866997979e-07, 'lambda': 0.0, 'weighted': 0.0}, 'diversify': {'raw': 0.08518095314502716, 'lambda': 0.0, 'weighted': 0.0}}",0.0003,550,802,cadence,1,cadence_accept,-3.41096892952919e-07,-0.00012700032001085855,252
1,-0.001458332990296185,0.0021493288222700357,0.0015914352843537927,0.001458332990296185,0.001458332990296185,-0.0010760140139609575,0.006556391716003418,0.000264026370132342,0.007943123579025269,3.9399066736223176e-05,0.0878891721367836,-0.002081291051581502,-0.0021493288222700357,-0.0021493288222700357,-0.003421107307076454,0.0006493483670055866,0.00013074152229819447,0.0,3.444674803176895e-07,0.08547428250312805,5.9797795984195545e-05,5.9797795984195545e-05,5.9797795984195545e-05,5.9797795984195545e-05,0,0,0,"{'mean': {'raw': -0.0015914352843537927, 'lambda': 0.0, 'weighted': 0.0}, 'log_growth': {'raw': -0.001458332990296185, 'lambda': 1.0, 'weighted': -0.001458332990296185}, 'cvar': {'raw': 0.0010760140139609575, 'lambda': 0.0, 'weighted': 0.0}, 'turnover': {'raw': 0.006556391716003418, 'lambda': 0.0, 'weighted': 0.0}, 'volatility': {'raw': 0.000264026370132342, 'lambda': 0.0, 'weighted': 0.0}, 'vol_excess': {'raw': 0.007943123579025269, 'lambda': 0.0, 'weighted': 0.0}, 'weight_path': {'raw': 3.9399066736223176e-05, 'lambda': 0.0, 'weighted': 0.0}, 'diversify': {'raw': 0.0878891721367836, 'lambda': 0.0, 'weighted': 0.0}}","{'mean': {'raw': 0.002081291051581502, 'lambda': 0.0, 'weighted': 0.0}, 'log_growth': {'raw': 0.0021493288222700357, 'lambda': 1.0, 'weighted': 0.0021493288222700357}, 'cvar': {'raw': 0.003421107307076454, 'lambda': 0.0, 'weighted': 0.0}, 'turnover': {'raw': 0.0006493483670055866, 'lambda': 0.0, 'weighted': 0.0}, 'volatility': {'raw': 0.00013074152229819447, 'lambda': 0.0, 'weighted': 0.0}, 'vol_excess': {'raw': 0.0, 'lambda': 0.0, 'weighted': 0.0}, 'weight_path': {'raw': 3.444674803176895e-07, 'lambda': 0.0, 'weighted': 0.0}, 'diversify': {'raw': 0.08547428250312805, 'lambda': 0.0, 'weighted': 0.0}}",0.0003,555,807,cadence,1,cadence_accept,-1.4435499906539917e-07,-6.71628266008057e-05,252
2,-0.0014555110828951001,0.002149473177269101,0.0015886330511420965,0.0014555110828951001,0.0014555110828951001,-0.0010794244008138776,0.006966438144445419,0.0002640708116814494,0.00796481966972351,4.601015825755894e-05,0.08787930011749268,-0.0020814232993870974,-0.002149473177269101,-0.002149473177269101,-0.003421482630074024,0.0006474661640822887,0.000130764368805103,0.0,3.424716226163582e-07,0.0855913907289505,7.360268500633538e-05,7.360268500633538e-05,7.360268500633538e-05,7.360268500633538e-05,0,0,0,"{'mean': {'raw': -0.0015886330511420965, 'lambda': 0.0, 'weighted': 0.0}, 'log_growth': {'raw': -0.0014555110828951001, 'lambda': 1.0, 'weighted': -0.0014555110828951001}, 'cvar': {'raw': 0.0010794244008138776, 'lambda': 0.0, 'weighted': 0.0}, 'turnover': {'raw': 0.006966438144445419, 'lambda': 0.0, 'weighted': 0.0}, 'volatility': {'raw': 0.0002640708116814494, 'lambda': 0.0, 'weighted': 0.0}, 'vol_excess': {'raw': 0.00796481966972351, 'lambda': 0.0, 'weighted': 0.0}, 'weight_path': {'raw': 4.601015825755894e-05, 'lambda': 0.0, 'weighted': 0.0}, 'diversify': {'raw': 0.08787930011749268, 'lambda': 0.0, 'weighted': 0.0}}","{'mean': {'raw': 0.0020814232993870974, 'lambda': 0.0, 'weighted': 0.0}, 'log_growth': {'raw': 0.002149473177269101, 'lambda': 1.0, 'weighted': 0.002149473177269101}, 'cvar': {'raw': 0.003421482630074024, 'lambda': 0.0, 'weighted': 0.0}, 'turnover': {'raw': 0.0006474661640822887, 'lambda': 0.0, 'weighted': 0.0}, 'volatility': {'raw': 0.000130764368805103, 'lambda': 0.0, 'weighted': 0.0}, 'vol_excess': {'raw': 0.0, 'lambda': 0.0, 'weighted': 0.0}, 'weight_path': {'raw': 3.424716226163582e-07, 'lambda': 0.0, 'weighted': 0.0}, 'diversify': {'raw': 0.0855913907289505, 'lambda': 0.0, 'weighted': 0.0}}",0.0003,555,807,cadence,1,cadence_accept,-1.4435499906539917e-07,-6.71628266008057e-05,252
1,-0.001446429407224059,0.00291504617780447,0.001572902430780232,0.001446429407224059,0.001446429407224059,-0.0009573345305398107,0.006504837889224291,0.00025086267851293087,0.0014306902885437012,3.737265433301218e-05,0.0882524624466896,-0.0028442274779081345,-0.00291504617780447,-0.00291504617780447,-0.0041963704861700535,0.0006243064999580383,0.0001323690521530807,0.0,3.345252537201304e-07,0.08595766127109528,8.758177136769518e-05,8.758177136769518e-05,8.758177136769518e-05,8.758177136769518e-05,0,0,0,"{'mean': {'raw': -0.001572902430780232, 'lambda': 0.0, 'weighted': 0.0}, 'log_growth': {'raw': -0.001446429407224059, 'lambda': 1.0, 'weighted': -0.001446429407224059}, 'cvar': {'raw': 0.0009573345305398107, 'lambda': 0.0, 'weighted': 0.0}, 'turnover': {'raw': 0.006504837889224291, 'lambda': 0.0, 'weighted': 0.0}, 'volatility': {'raw': 0.00025086267851293087, 'lambda': 0.0, 'weighted': 0.0}, 'vol_excess': {'raw': 0.0014306902885437012, 'lambda': 0.0, 'weighted': 0.0}, 'weight_path': {'raw': 3.737265433301218e-05, 'lambda': 0.0, 'weighted': 0.0}, 'diversify': {'raw': 0.0882524624466896, 'lambda': 0.0, 'weighted': 0.0}}","{'mean': {'raw': 0.0028442274779081345, 'lambda': 0.0, 'weighted': 0.0}, 'log_growth': {'raw': 0.00291504617780447, 'lambda': 1.0, 'weighted': 0.00291504617780447}, 'cvar': {'raw': 0.0041963704861700535, 'lambda': 0.0, 'weighted': 0.0}, 'turnover': {'raw': 0.0006243064999580383, 'lambda': 0.0, 'weighted': 0.0}, 'volatility': {'raw': 0.0001323690521530807, 'lambda': 0.0, 'weighted': 0.0}, 'vol_excess': {'raw': 0.0, 'lambda': 0.0, 'weighted': 0.0}, 'weight_path': {'raw': 3.345252537201304e-07, 'lambda': 0.0, 'weighted': 0.0}, 'diversify': {'raw': 0.08595766127109528, 'lambda': 0.0, 'weighted': 0.0}}",0.0003,560,812,cadence,1,cadence_accept,-1.7648562788963318e-07,-6.054299556997555e-05,252
2,-0.0014480050886049867,0.0029152226634323597,0.001574343186803162,0.0014480050886049867,0.0014480050886049867,-0.0009533542906865478,0.007252014707773924,0.00025058636674657464,0.001292198896408081,4.868769246968441e-05,0.08762968331575394,-0.0028443951159715652,-0.0029152226634323597,-0.0029152226634323597,-0.004196714609861374,0.000623629370238632,0.00013238571409601718,0.0,3.338318776968663e-07,0.0860448107123375,8.350937423529103e-05,8.350937423529103e-05,8.350937423529103e-05,8.350937423529103e-05,0,0,0,"{'mean': {'raw': -0.001574343186803162, 'lambda': 0.0, 'weighted': 0.0}, 'log_growth': {'raw': -0.0014480050886049867, 'lambda': 1.0, 'weighted': -0.0014480050886049867}, 'cvar': {'raw': 0.0009533542906865478, 'lambda': 0.0, 'weighted': 0.0}, 'turnover': {'raw': 0.007252014707773924, 'lambda': 0.0, 'weighted': 0.0}, 'volatility': {'raw': 0.00025058636674657464, 'lambda': 0.0, 'weighted': 0.0}, 'vol_excess': {'raw': 0.001292198896408081, 'lambda': 0.0, 'weighted': 0.0}, 'weight_path': {'raw': 4.868769246968441e-05, 'lambda': 0.0, 'weighted': 0.0}, 'diversify': {'raw': 0.08762968331575394, 'lambda': 0.0, 'weighted': 0.0}}","{'mean': {'raw': 0.0028443951159715652, 'lambda': 0.0, 'weighted': 0.0}, 'log_growth': {'raw': 0.0029152226634323597, 'lambda': 1.0, 'weighted': 0.0029152226634323597}, 'cvar': {'raw': 0.004196714609861374, 'lambda': 0.0, 'weighted': 0.0}, 'turnover': {'raw': 0.000623629370238632, 'lambda': 0.0, 'weighted': 0.0}, 'volatility': {'raw': 0.00013238571409601718, 'lambda': 0.0, 'weighted': 0.0}, 'vol_excess': {'raw': 0.0, 'lambda': 0.0, 'weighted': 0.0}, 'weight_path': {'raw': 3.338318776968663e-07, 'lambda': 0.0, 'weighted': 0.0}, 'diversify': {'raw': 0.0860448107123375, 'lambda': 0.0, 'weighted': 0.0}}",0.0003,560,812,cadence,1,cadence_accept,-1.7648562788963318e-07,-6.054299556997555e-05,252
1,-0.0016412199474871159,0.0032860594801604748,0.0017669964581727982,0.0016412199474871159,0.0016412199474871159,-0.0007492781151086092,0.007477198727428913,0.0002488351601641625,0.0004125535488128662,4.686450120061636e-05,0.08777450025081635,-0.0032086321152746677,-0.0032860594801604748,-0.0032860594801604748,-0.004666516091674566,0.0005728057003580034,0.00014323099458124489,0.0,2.78720932556098e-07,0.08636076748371124,0.00012035111285513267,0.00012035111285513267,0.00012035111285513267,0.00012035111285513267,0,0,0,"{'mean': {'raw': -0.0017669964581727982, 'lambda': 0.0, 'weighted': 0.0}, 'log_growth': {'raw': -0.0016412199474871159, 'lambda': 1.0, 'weighted': -0.0016412199474871159}, 'cvar': {'raw': 0.0007492781151086092, 'lambda': 0.0, 'weighted': 0.0}, 'turnover': {'raw': 0.007477198727428913, 'lambda': 0.0, 'weighted': 0.0}, 'volatility': {'raw': 0.0002488351601641625, 'lambda': 0.0, 'weighted': 0.0}, 'vol_excess': {'raw': 0.0004125535488128662, 'lambda': 0.0, 'weighted': 0.0}, 'weight_path': {'raw': 4.686450120061636e-05, 'lambda': 0.0, 'weighted': 0.0}, 'diversify': {'raw': 0.08777450025081635, 'lambda': 0.0, 'weighted': 0.0}}","{'mean': {'raw': 0.0032086321152746677, 'lambda': 0.0, 'weighted': 0.0}, 'log_growth': {'raw': 0.0032860594801604748, 'lambda': 1.0, 'weighted': 0.0032860594801604748}, 'cvar': {'raw': 0.004666516091674566, 'lambda': 0.0, 'weighted': 0.0}, 'turnover': {'raw': 0.0005728057003580034, 'lambda': 0.0, 'weighted': 0.0}, 'volatility': {'raw': 0.00014323099458124489, 'lambda': 0.0, 'weighted': 0.0}, 'vol_excess': {'raw': 0.0, 'lambda': 0.0, 'weighted': 0.0}, 'weight_path': {'raw': 2.78720932556098e-07, 'lambda': 0.0, 'weighted': 0.0}, 'diversify': {'raw': 0.08636076748371124, 'lambda': 0.0, 'weighted': 0.0}}",0.0003,565,817,cadence,1,cadence_accept,-1.6926787793636322e-07,-5.1510898967837955e-05,252
2,-0.0016462757484987378,0.003286228748038411,0.0017719145398586988,0.0016462757484987378,0.0016462757484987378,-0.0007409905665554106,0.006447096820920706,0.0002485510485712439,0.0002695620059967041,3.46047745551914e-05,0.08812852203845978,-0.00320879346691072,-0.003286228748038411,-0.003286228748038411,-0.0046668206341564655,0.0005730707780458033,0.00014324468793347478,0.0,2.7896328447241103e-07,0.0864253044128418,7.552232273155823e-05,7.552232273155823e-05,7.552232273155823e-05,7.552232273155823e-05,0,0,0,"{'mean': {'raw': -0.0017719145398586988, 'lambda': 0.0, 'weighted': 0.0}, 'log_growth': {'raw': -0.0016462757484987378, 'lambda': 1.0, 'weighted': -0.0016462757484987378}, 'cvar': {'raw': 0.0007409905665554106, 'lambda': 0.0, 'weighted': 0.0}, 'turnover': {'raw': 0.006447096820920706, 'lambda': 0.0, 'weighted': 0.0}, 'volatility': {'raw': 0.0002485510485712439, 'lambda': 0.0, 'weighted': 0.0}, 'vol_excess': {'raw': 0.0002695620059967041, 'lambda': 0.0, 'weighted': 0.0}, 'weight_path': {'raw': 3.46047745551914e-05, 'lambda': 0.0, 'weighted': 0.0}, 'diversify': {'raw': 0.08812852203845978, 'lambda': 0.0, 'weighted': 0.0}}","{'mean': {'raw': 0.00320879346691072, 'lambda': 0.0, 'weighted': 0.0}, 'log_growth': {'raw': 0.003286228748038411, 'lambda': 1.0, 'weighted': 0.003286228748038411}, 'cvar': {'raw': 0.0046668206341564655, 'lambda': 0.0, 'weighted': 0.0}, 'turnover': {'raw': 0.0005730707780458033, 'lambda': 0.0, 'weighted': 0.0}, 'volatility': {'raw': 0.00014324468793347478, 'lambda': 0.0, 'weighted': 0.0}, 'vol_excess': {'raw': 0.0, 'lambda': 0.0, 'weighted': 0.0}, 'weight_path': {'raw': 2.7896328447241103e-07, 'lambda': 0.0, 'weighted': 0.0}, 'diversify': {'raw': 0.0864253044128418, 'lambda': 0.0, 'weighted': 0.0}}",0.0003,565,817,cadence,1,cadence_accept,-1.6926787793636322e-07,-5.1510898967837955e-05,252
1,-0.0012997074518352747,0.0030214490834623575,0.0014215102419257164,0.0012997074518352747,0.0012997074518352747,-0.0010208254680037498,0.006475092843174934,0.00024186816881410778,0.0,3.471020681899972e-05,0.08810220658779144,-0.0029427995905280113,-0.0030214490834623575,-0.0030214490834623575,-0.004443809390068054,0.0006080690072849393,0.00014733294665347785,0.0,2.9283688718351186e-07,0.08659198880195618,6.362558633554727e-05,6.362558633554727e-05,6.362558633554727e-05,6.362558633554727e-05,0,0,0,"{'mean': {'raw': -0.0014215102419257164, 'lambda': 0.0, 'weighted': 0.0}, 'log_growth': {'raw': -0.0012997074518352747, 'lambda': 1.0, 'weighted': -0.0012997074518352747}, 'cvar': {'raw': 0.0010208254680037498, 'lambda': 0.0, 'weighted': 0.0}, 'turnover': {'raw': 0.006475092843174934, 'lambda': 0.0, 'weighted': 0.0}, 'volatility': {'raw': 0.00024186816881410778, 'lambda': 0.0, 'weighted': 0.0}, 'vol_excess': {'raw': 0.0, 'lambda': 0.0, 'weighted': 0.0}, 'weight_path': {'raw': 3.471020681899972e-05, 'lambda': 0.0, 'weighted': 0.0}, 'diversify': {'raw': 0.08810220658779144, 'lambda': 0.0, 'weighted': 0.0}}","{'mean': {'raw': 0.0029427995905280113, 'lambda': 0.0, 'weighted': 0.0}, 'log_growth': {'raw': 0.0030214490834623575, 'lambda': 1.0, 'weighted': 0.0030214490834623575}, 'cvar': {'raw': 0.004443809390068054, 'lambda': 0.0, 'weighted': 0.0}, 'turnover': {'raw': 0.0006080690072849393, 'lambda': 0.0, 'weighted': 0.0}, 'volatility': {'raw': 0.00014733294665347785, 'lambda': 0.0, 'weighted': 0.0}, 'vol_excess': {'raw': 0.0, 'lambda': 0.0, 'weighted': 0.0}, 'weight_path': {'raw': 2.9283688718351186e-07, 'lambda': 0.0, 'weighted': 0.0}, 'diversify': {'raw': 0.08659198880195618, 'lambda': 0.0, 'weighted': 0.0}}",0.0003,570,822,cadence,1,cadence_accept,-8.940696716308594e-08,-2.9590757502039847e-05,252
2,-0.001296280068345368,0.0030215384904295206,0.0014180255820974708,0.001296280068345368,0.001296280068345368,-0.0010231273481622338,0.006907086353749037,0.0002417637879261747,0.0,4.238054680172354e-05,0.08768787980079651,-0.0029428843408823013,-0.0030215384904295206,-0.0030215384904295206,-0.00444399518892169,0.000609039212577045,0.0001473426673328504,0.0,2.9377534360719437e-07,0.08663812279701233,9.756635699886829e-05,9.756635699886829e-05,9.756635699886829e-05,9.756635699886829e-05,0,0,0,"{'mean': {'raw': -0.0014180255820974708, 'lambda': 0.0, 'weighted': 0.0}, 'log_growth': {'raw': -0.001296280068345368, 'lambda': 1.0, 'weighted': -0.001296280068345368}, 'cvar': {'raw': 0.0010231273481622338, 'lambda': 0.0, 'weighted': 0.0}, 'turnover': {'raw': 0.006907086353749037, 'lambda': 0.0, 'weighted': 0.0}, 'volatility': {'raw': 0.0002417637879261747, 'lambda': 0.0, 'weighted': 0.0}, 'vol_excess': {'raw': 0.0, 'lambda': 0.0, 'weighted': 0.0}, 'weight_path': {'raw': 4.238054680172354e-05, 'lambda': 0.0, 'weighted': 0.0}, 'diversify': {'raw': 0.08768787980079651, 'lambda': 0.0, 'weighted': 0.0}}","{'mean': {'raw': 0.0029428843408823013, 'lambda': 0.0, 'weighted': 0.0}, 'log_growth': {'raw': 0.0030215384904295206, 'lambda': 1.0, 'weighted': 0.0030215384904295206}, 'cvar': {'raw': 0.00444399518892169, 'lambda': 0.0, 'weighted': 0.0}, 'turnover': {'raw': 0.000609039212577045, 'lambda': 0.0, 'weighted': 0.0}, 'volatility': {'raw': 0.0001473426673328504, 'lambda': 0.0, 'weighted': 0.0}, 'vol_excess': {'raw': 0.0, 'lambda': 0.0, 'weighted': 0.0}, 'weight_path': {'raw': 2.9377534360719437e-07, 'lambda': 0.0, 'weighted': 0.0}, 'diversify': {'raw': 0.08663812279701233, 'lambda': 0.0, 'weighted': 0.0}}",0.0003,570,822,cadence,1,cadence_accept,-8.940696716308594e-08,-2.9590757502039847e-05,252
1,-0.0008605359471403062,0.0032763821072876453,0.0009785002330318093,0.0008605359471403062,0.0008605359471403062,-0.0013946013059467077,0.007068609353154898,0.00023504400451201946,0.0,4.31487278547138e-05,0.08775665611028671,-0.0031888179946690798,-0.0032763821072876453,-0.0032763821072876453,-0.00484889280050993,0.0005606850027106702,0.00016348598001059145,0.0,2.663837221916765e-07,0.08688674867153168,7.132360042305663e-05,7.132360042305663e-05,7.132360042305663e-05,7.132360042305663e-05,0,0,0,"{'mean': {'raw': -0.0009785002330318093, 'lambda': 0.0, 'weighted': 0.0}, 'log_growth': {'raw': -0.0008605359471403062, 'lambda': 1.0, 'weighted': -0.0008605359471403062}, 'cvar': {'raw': 0.0013946013059467077, 'lambda': 0.0, 'weighted': 0.0}, 'turnover': {'raw': 0.007068609353154898, 'lambda': 0.0, 'weighted': 0.0}, 'volatility': {'raw': 0.00023504400451201946, 'lambda': 0.0, 'weighted': 0.0}, 'vol_excess': {'raw': 0.0, 'lambda': 0.0, 'weighted': 0.0}, 'weight_path': {'raw': 4.31487278547138e-05, 'lambda': 0.0, 'weighted': 0.0}, 'diversify': {'raw': 0.08775665611028671, 'lambda': 0.0, 'weighted': 0.0}}","{'mean': {'raw': 0.0031888179946690798, 'lambda': 0.0, 'weighted': 0.0}, 'log_growth': {'raw': 0.0032763821072876453, 'lambda': 1.0, 'weighted': 0.0032763821072876453}, 'cvar': {'raw': 0.00484889280050993, 'lambda': 0.0, 'weighted': 0.0}, 'turnover': {'raw': 0.0005606850027106702, 'lambda': 0.0, 'weighted': 0.0}, 'volatility': {'raw': 0.00016348598001059145, 'lambda': 0.0, 'weighted': 0.0}, 'vol_excess': {'raw': 0.0, 'lambda': 0.0, 'weighted': 0.0}, 'weight_path': {'raw': 2.663837221916765e-07, 'lambda': 0.0, 'weighted': 0.0}, 'diversify': {'raw': 0.08688674867153168, 'lambda': 0.0, 'weighted': 0.0}}",0.0003,575,827,cadence,1,cadence_accept,-6.356276571750641e-08,-1.9400290813676367e-05,252
2,-0.0008546693716198206,0.003276445670053363,0.0009726457647047937,0.0008546693716198206,0.0008546693716198206,-0.0014012455940246582,0.005987241864204407,0.0002350695722270757,0.0,3.026220656465739e-05,0.08772213757038116,-0.0031888780649751425,-0.003276445670053363,-0.003276445670053363,-0.004849022254347801,0.0005621279124170542,0.00016349271754734218,0.0,2.677786596905207e-07,0.08691807836294174,0.00011734344298020005,0.00011734344298020005,0.00011734344298020005,0.00011734344298020005,0,0,0,"{'mean': {'raw': -0.0009726457647047937, 'lambda': 0.0, 'weighted': 0.0}, 'log_growth': {'raw': -0.0008546693716198206, 'lambda': 1.0, 'weighted': -0.0008546693716198206}, 'cvar': {'raw': 0.0014012455940246582, 'lambda': 0.0, 'weighted': 0.0}, 'turnover': {'raw': 0.005987241864204407, 'lambda': 0.0, 'weighted': 0.0}, 'volatility': {'raw': 0.0002350695722270757, 'lambda': 0.0, 'weighted': 0.0}, 'vol_excess': {'raw': 0.0, 'lambda': 0.0, 'weighted': 0.0}, 'weight_path': {'raw': 3.026220656465739e-05, 'lambda': 0.0, 'weighted': 0.0}, 'diversify': {'raw': 0.08772213757038116, 'lambda': 0.0, 'weighted': 0.0}}","{'mean': {'raw': 0.0031888780649751425, 'lambda': 0.0, 'weighted': 0.0}, 'log_growth': {'raw': 0.003276445670053363, 'lambda': 1.0, 'weighted': 0.003276445670053363}, 'cvar': {'raw': 0.004849022254347801, 'lambda': 0.0, 'weighted': 0.0}, 'turnover': {'raw': 0.0005621279124170542, 'lambda': 0.0, 'weighted': 0.0}, 'volatility': {'raw': 0.00016349271754734218, 'lambda': 0.0, 'weighted': 0.0}, 'vol_excess': {'raw': 0.0, 'lambda': 0.0, 'weighted': 0.0}, 'weight_path': {'raw': 2.677786596905207e-07, 'lambda': 0.0, 'weighted': 0.0}, 'diversify': {'raw': 0.08691807836294174, 'lambda': 0.0, 'weighted': 0.0}}",0.0003,575,827,cadence,1,cadence_accept,-6.356276571750641e-08,-1.9400290813676367e-05,252
1,-0.0009004573803395033,0.002337401732802391,0.001017558271996677,0.0009004573803395033,0.0009004573803395033,-0.0013388325460255146,0.007216023746877909,0.0002332403091713786,0.0,4.5935350499348715e-05,0.08753222972154617,-0.0022391630336642265,-0.002337401732802391,-0.002337401732802391,-0.004152154084295034,0.0006072038668207824,0.00019039996550418437,0.0,2.9566874104602903e-07,0.08703006058931351,6.408344052033499e-05,6.408344052033499e-05,6.408344052033499e-05,6.408344052033499e-05,0,0,0,"{'mean': {'raw': -0.001017558271996677, 'lambda': 0.0, 'weighted': 0.0}, 'log_growth': {'raw': -0.0009004573803395033, 'lambda': 1.0, 'weighted': -0.0009004573803395033}, 'cvar': {'raw': 0.0013388325460255146, 'lambda': 0.0, 'weighted': 0.0}, 'turnover': {'raw': 0.007216023746877909, 'lambda': 0.0, 'weighted': 0.0}, 'volatility': {'raw': 0.0002332403091713786, 'lambda': 0.0, 'weighted': 0.0}, 'vol_excess': {'raw': 0.0, 'lambda': 0.0, 'weighted': 0.0}, 'weight_path': {'raw': 4.5935350499348715e-05, 'lambda': 0.0, 'weighted': 0.0}, 'diversify': {'raw': 0.08753222972154617, 'lambda': 0.0, 'weighted': 0.0}}","{'mean': {'raw': 0.0022391630336642265, 'lambda': 0.0, 'weighted': 0.0}, 'log_growth': {'raw': 0.002337401732802391, 'lambda': 1.0, 'weighted': 0.002337401732802391}, 'cvar': {'raw': 0.004152154084295034, 'lambda': 0.0, 'weighted': 0.0}, 'turnover': {'raw': 0.0006072038668207824, 'lambda': 0.0, 'weighted': 0.0}, 'volatility': {'raw': 0.00019039996550418437, 'lambda': 0.0, 'weighted': 0.0}, 'vol_excess': {'raw': 0.0, 'lambda': 0.0, 'weighted': 0.0}, 'weight_path': {'raw': 2.9566874104602903e-07, 'lambda': 0.0, 'weighted': 0.0}, 'diversify': {'raw': 0.08703006058931351, 'lambda': 0.0, 'weighted': 0.0}}",0.0003,580,832,cadence,1,cadence_accept,-3.632158041000366e-08,-1.553929728242187e-05,252
2,-0.0008938982500694692,0.002337438054382801,0.001010996988043189,0.0008938982500694692,0.0008938982500694692,-0.0013454800937324762,0.007212976459413767,0.00023324642097577453,0.0,4.8067548050312325e-05,0.08741606026887894,-0.0022391972597688437,-0.002337438054382801,-0.002337438054382801,-0.004152228590101004,0.0006092723924666643,0.0001904039381770417,0.0,2.977105850732187e-07,0.08704863488674164,0.00010113399184774607,0.00010113399184774607,0.00010113399184774607,0.00010113399184774607,0,0,0,"{'mean': {'raw': -0.001010996988043189, 'lambda': 0.0, 'weighted': 0.0}, 'log_growth': {'raw': -0.0008938982500694692, 'lambda': 1.0, 'weighted': -0.0008938982500694692}, 'cvar': {'raw': 0.0013454800937324762, 'lambda': 0.0, 'weighted': 0.0}, 'turnover': {'raw': 0.007212976459413767, 'lambda': 0.0, 'weighted': 0.0}, 'volatility': {'raw': 0.00023324642097577453, 'lambda': 0.0, 'weighted': 0.0}, 'vol_excess': {'raw': 0.0, 'lambda': 0.0, 'weighted': 0.0}, 'weight_path': {'raw': 4.8067548050312325e-05, 'lambda': 0.0, 'weighted': 0.0}, 'diversify': {'raw': 0.08741606026887894, 'lambda': 0.0, 'weighted': 0.0}}","{'mean': {'raw': 0.0022391972597688437, 'lambda': 0.0, 'weighted': 0.0}, 'log_growth': {'raw': 0.002337438054382801, 'lambda': 1.0, 'weighted': 0.002337438054382801}, 'cvar': {'raw': 0.004152228590101004, 'lambda': 0.0, 'weighted': 0.0}, 'turnover': {'raw': 0.0006092723924666643, 'lambda': 0.0, 'weighted': 0.0}, 'volatility': {'raw': 0.0001904039381770417, 'lambda': 0.0, 'weighted': 0.0}, 'vol_excess': {'raw': 0.0, 'lambda': 0.0, 'weighted': 0.0}, 'weight_path': {'raw': 2.977105850732187e-07, 'lambda': 0.0, 'weighted': 0.0}, 'diversify': {'raw': 0.08704863488674164, 'lambda': 0.0, 'weighted': 0.0}}",0.0003,580,832,cadence,1,cadence_accept,-3.632158041000366e-08,-1.553929728242187e-05,252
1,-0.0009227517293766141,0.0029415010940283537,0.0010388208320364356,0.0009227517293766141,0.0009227517293766141,-0.0012993494747206569,0.007815266028046608,0.0002311022108187899,0.0,5.752060314989649e-05,0.08743982762098312,-0.0028362548910081387,-0.0029415010940283537,-0.0029415010940283537,-0.004850953351706266,0.0005866601131856441,0.0002011427714023739,0.0,2.8247143291082466e-07,0.08702562004327774,6.46078769932501e-05,6.46078769932501e-05,6.46078769932501e-05,6.46078769932501e-05,0,0,0,"{'mean': {'raw': -0.0010388208320364356, 'lambda': 0.0, 'weighted': 0.0}, 'log_growth': {'raw': -0.0009227517293766141, 'lambda': 1.0, 'weighted': -0.0009227517293766141}, 'cvar': {'raw': 0.0012993494747206569, 'lambda': 0.0, 'weighted': 0.0}, 'turnover': {'raw': 0.007815266028046608, 'lambda': 0.0, 'weighted': 0.0}, 'volatility': {'raw': 0.0002311022108187899, 'lambda': 0.0, 'weighted': 0.0}, 'vol_excess': {'raw': 0.0, 'lambda': 0.0, 'weighted': 0.0}, 'weight_path': {'raw': 5.752060314989649e-05, 'lambda': 0.0, 'weighted': 0.0}, 'diversify': {'raw': 0.08743982762098312, 'lambda': 0.0, 'weighted': 0.0}}","{'mean': {'raw': 0.0028362548910081387, 'lambda': 0.0, 'weighted': 0.0}, 'log_growth': {'raw': 0.0029415010940283537, 'lambda': 1.0, 'weighted': 0.0029415010940283537}, 'cvar': {'raw': 0.004850953351706266, 'lambda': 0.0, 'weighted': 0.0}, 'turnover': {'raw': 0.0005866601131856441, 'lambda': 0.0, 'weighted': 0.0}, 'volatility': {'raw': 0.0002011427714023739, 'lambda': 0.0, 'weighted': 0.0}, 'vol_excess': {'raw': 0.0, 'lambda': 0.0, 'weighted': 0.0}, 'weight_path': {'raw': 2.8247143291082466e-07, 'lambda': 0.0, 'weighted': 0.0}, 'diversify': {'raw': 0.08702562004327774, 'lambda': 0.0, 'weighted': 0.0}}",0.0003,585,837,cadence,1,cadence_accept,7.683411240577698e-09,2.6120715214296514e-06,252
2,-0.0009278852958232164,0.002941493410617113,0.0010438294848427176,0.0009278852958232164,0.0009278852958232164,-0.0012916938867419958,0.006666827946901321,0.00023084465647116303,0.0,4.277847983757965e-05,0.08753595501184464,-0.0028362469747662544,-0.002941493410617113,-0.002941493410617113,-0.004850946366786957,0.0005892964545637369,0.0002011430187849328,0.0,2.850431997103442e-07,0.08702878654003143,6.952173134777695e-05,6.952173134777695e-05,6.952173134777695e-05,6.952173134777695e-05,0,0,0,"{'mean': {'raw': -0.0010438294848427176, 'lambda': 0.0, 'weighted': 0.0}, 'log_growth': {'raw': -0.0009278852958232164, 'lambda': 1.0, 'weighted': -0.0009278852958232164}, 'cvar': {'raw': 0.0012916938867419958, 'lambda': 0.0, 'weighted': 0.0}, 'turnover': {'raw': 0.006666827946901321, 'lambda': 0.0, 'weighted': 0.0}, 'volatility': {'raw': 0.00023084465647116303, 'lambda': 0.0, 'weighted': 0.0}, 'vol_excess': {'raw': 0.0, 'lambda': 0.0, 'weighted': 0.0}, 'weight_path': {'raw': 4.277847983757965e-05, 'lambda': 0.0, 'weighted': 0.0}, 'diversify': {'raw': 0.08753595501184464, 'lambda': 0.0, 'weighted': 0.0}}","{'mean': {'raw': 0.0028362469747662544, 'lambda': 0.0, 'weighted': 0.0}, 'log_growth': {'raw': 0.002941493410617113, 'lambda': 1.0, 'weighted': 0.002941493410617113}, 'cvar': {'raw': 0.004850946366786957, 'lambda': 0.0, 'weighted': 0.0}, 'turnover': {'raw': 0.0005892964545637369, 'lambda': 0.0, 'weighted': 0.0}, 'volatility': {'raw': 0.0002011430187849328, 'lambda': 0.0, 'weighted': 0.0}, 'vol_excess': {'raw': 0.0, 'lambda': 0.0, 'weighted': 0.0}, 'weight_path': {'raw': 2.850431997103442e-07, 'lambda': 0.0, 'weighted': 0.0}, 'diversify': {'raw': 0.08702878654003143, 'lambda': 0.0, 'weighted': 0.0}}",0.0003,585,837,cadence,1,cadence_accept,7.683411240577698e-09,2.6120715214296514e-06,252
1,-0.0005364133976399899,0.0006942310137674212,0.0006500728195533156,0.0005364133976399899,0.0005364133976399899,-0.0016569786239415407,0.007131320424377918,0.00022656381770502776,0.0,4.591078686644323e-05,0.08741605281829834,-0.0005946278688497841,-0.0006942310137674212,-0.0006942310137674212,-0.0025736535899341106,0.0005703837960027158,0.00019860123575199395,0.0,2.7675099545376725e-07,0.08709012717008591,8.773223089519888e-05,8.773223089519888e-05,8.773223089519888e-05,8.773223089519888e-05,0,0,0,"{'mean': {'raw': -0.0006500728195533156, 'lambda': 0.0, 'weighted': 0.0}, 'log_growth': {'raw': -0.0005364133976399899, 'lambda': 1.0, 'weighted': -0.0005364133976399899}, 'cvar': {'raw': 0.0016569786239415407, 'lambda': 0.0, 'weighted': 0.0}, 'turnover': {'raw': 0.007131320424377918, 'lambda': 0.0, 'weighted': 0.0}, 'volatility': {'raw': 0.00022656381770502776, 'lambda': 0.0, 'weighted': 0.0}, 'vol_excess': {'raw': 0.0, 'lambda': 0.0, 'weighted': 0.0}, 'weight_path': {'raw': 4.591078686644323e-05, 'lambda': 0.0, 'weighted': 0.0}, 'diversify': {'raw': 0.08741605281829834, 'lambda': 0.0, 'weighted': 0.0}}","{'mean': {'raw': 0.0005946278688497841, 'lambda': 0.0, 'weighted': 0.0}, 'log_growth': {'raw': 0.0006942310137674212, 'lambda': 1.0, 'weighted': 0.0006942310137674212}, 'cvar': {'raw': 0.0025736535899341106, 'lambda': 0.0, 'weighted': 0.0}, 'turnover': {'raw': 0.0005703837960027158, 'lambda': 0.0, 'weighted': 0.0}, 'volatility': {'raw': 0.00019860123575199395, 'lambda': 0.0, 'weighted': 0.0}, 'vol_excess': {'raw': 0.0, 'lambda': 0.0, 'weighted': 0.0}, 'weight_path': {'raw': 2.7675099545376725e-07, 'lambda': 0.0, 'weighted': 0.0}, 'diversify': {'raw': 0.08709012717008591, 'lambda': 0.0, 'weighted': 0.0}}",0.0003,590,842,cadence,1,cadence_accept,1.461012288928032e-08,2.1045044918044967e-05,252
2,-0.0005368036217987537,0.000694216403644532,0.0006504710763692856,0.0005368036217987537,0.0005368036217987537,-0.0016568672144785523,0.006561316084116697,0.00022657772933598608,0.0,4.42864402430132e-05,0.08748545497655869,-0.0005946148303337395,-0.000694216403644532,-0.000694216403644532,-0.002573610283434391,0.0005736257298849523,0.00019859831081703305,0.0,2.799549747578567e-07,0.08707831054925919,7.312194065889344e-05,7.312194065889344e-05,7.312194065889344e-05,7.312194065889344e-05,0,0,0,"{'mean': {'raw': -0.0006504710763692856, 'lambda': 0.0, 'weighted': 0.0}, 'log_growth': {'raw': -0.0005368036217987537, 'lambda': 1.0, 'weighted': -0.0005368036217987537}, 'cvar': {'raw': 0.0016568672144785523, 'lambda': 0.0, 'weighted': 0.0}, 'turnover': {'raw': 0.006561316084116697, 'lambda': 0.0, 'weighted': 0.0}, 'volatility': {'raw': 0.00022657772933598608, 'lambda': 0.0, 'weighted': 0.0}, 'vol_excess': {'raw': 0.0, 'lambda': 0.0, 'weighted': 0.0}, 'weight_path': {'raw': 4.42864402430132e-05, 'lambda': 0.0, 'weighted': 0.0}, 'diversify': {'raw': 0.08748545497655869, 'lambda': 0.0, 'weighted': 0.0}}","{'mean': {'raw': 0.0005946148303337395, 'lambda': 0.0, 'weighted': 0.0}, 'log_growth': {'raw': 0.000694216403644532, 'lambda': 1.0, 'weighted': 0.000694216403644532}, 'cvar': {'raw': 0.002573610283434391, 'lambda': 0.0, 'weighted': 0.0}, 'turnover': {'raw': 0.0005736257298849523, 'lambda': 0.0, 'weighted': 0.0}, 'volatility': {'raw': 0.00019859831081703305, 'lambda': 0.0, 'weighted': 0.0}, 'vol_excess': {'raw': 0.0, 'lambda': 0.0, 'weighted': 0.0}, 'weight_path': {'raw': 2.799549747578567e-07, 'lambda': 0.0, 'weighted': 0.0}, 'diversify': {'raw': 0.08707831054925919, 'lambda': 0.0, 'weighted': 0.0}}",0.0003,590,842,cadence,1,cadence_accept,1.461012288928032e-08,2.1045044918044967e-05,252
1,-0.0004691749345511198,-0.00036922699655406177,0.000581739004701376,0.0004691749345511198,0.0004691749345511198,-0.0017080839024856687,0.006546029821038246,0.00022436486324295402,0.0,3.857019328279421e-05,0.08785321563482285,0.00046542324707843363,0.00036922699655406177,0.00036922699655406177,-0.0014504102291539311,0.0005848808796145022,0.00019235159561503679,0.0,2.838411319316947e-07,0.08702906966209412,0.00010117262718267739,0.00010117262718267739,0.00010117262718267739,0.00010117262718267739,0,0,0,"{'mean': {'raw': -0.000581739004701376, 'lambda': 0.0, 'weighted': 0.0}, 'log_growth': {'raw': -0.0004691749345511198, 'lambda': 1.0, 'weighted': -0.0004691749345511198}, 'cvar': {'raw': 0.0017080839024856687, 'lambda': 0.0, 'weighted': 0.0}, 'turnover': {'raw': 0.006546029821038246, 'lambda': 0.0, 'weighted': 0.0}, 'volatility': {'raw': 0.00022436486324295402, 'lambda': 0.0, 'weighted': 0.0}, 'vol_excess': {'raw': 0.0, 'lambda': 0.0, 'weighted': 0.0}, 'weight_path': {'raw': 3.857019328279421e-05, 'lambda': 0.0, 'weighted': 0.0}, 'diversify': {'raw': 0.08785321563482285, 'lambda': 0.0, 'weighted': 0.0}}","{'mean': {'raw': -0.00046542324707843363, 'lambda': 0.0, 'weighted': 0.0}, 'log_growth': {'raw': -0.00036922699655406177, 'lambda': 1.0, 'weighted': -0.00036922699655406177}, 'cvar': {'raw': 0.0014504102291539311, 'lambda': 0.0, 'weighted': 0.0}, 'turnover': {'raw': 0.0005848808796145022, 'lambda': 0.0, 'weighted': 0.0}, 'volatility': {'raw': 0.00019235159561503679, 'lambda': 0.0, 'weighted': 0.0}, 'vol_excess': {'raw': 0.0, 'lambda': 0.0, 'weighted': 0.0}, 'weight_path': {'raw': 2.838411319316947e-07, 'lambda': 0.0, 'weighted': 0.0}, 'diversify': {'raw': 0.08702906966209412, 'lambda': 0.0, 'weighted': 0.0}}",0.0003,594,846,cadence,1,cadence_accept,-1.9208528101444244e-08,-5.2023628360577166e-05,252
2,-0.00046870048390701413,-0.0003692077880259603,0.000581064261496067,0.00046870048390701413,0.00046870048390701413,-0.0017047503497451544,0.006796743720769882,0.00022396480198949575,0.0,3.902122625731863e-05,0.08727245777845383,0.00046540042967535555,0.0003692077880259603,0.0003692077880259603,-0.001450365874916315,0.0005890516331419349,0.0001923449308378622,0.0,2.879459373161808e-07,0.08699968457221985,0.00010422064224258065,0.00010422064224258065,0.00010422064224258065,0.00010422064224258065,0,0,0,"{'mean': {'raw': -0.000581064261496067, 'lambda': 0.0, 'weighted': 0.0}, 'log_growth': {'raw': -0.00046870048390701413, 'lambda': 1.0, 'weighted': -0.00046870048390701413}, 'cvar': {'raw': 0.0017047503497451544, 'lambda': 0.0, 'weighted': 0.0}, 'turnover': {'raw': 0.006796743720769882, 'lambda': 0.0, 'weighted': 0.0}, 'volatility': {'raw': 0.00022396480198949575, 'lambda': 0.0, 'weighted': 0.0}, 'vol_excess': {'raw': 0.0, 'lambda': 0.0, 'weighted': 0.0}, 'weight_path': {'raw': 3.902122625731863e-05, 'lambda': 0.0, 'weighted': 0.0}, 'diversify': {'raw': 0.08727245777845383, 'lambda': 0.0, 'weighted': 0.0}}","{'mean': {'raw': -0.00046540042967535555, 'lambda': 0.0, 'weighted': 0.0}, 'log_growth': {'raw': -0.0003692077880259603, 'lambda': 1.0, 'weighted': -0.0003692077880259603}, 'cvar': {'raw': 0.001450365874916315, 'lambda': 0.0, 'weighted': 0.0}, 'turnover': {'raw': 0.0005890516331419349, 'lambda': 0.0, 'weighted': 0.0}, 'volatility': {'raw': 0.0001923449308378622, 'lambda': 0.0, 'weighted': 0.0}, 'vol_excess': {'raw': 0.0, 'lambda': 0.0, 'weighted': 0.0}, 'weight_path': {'raw': 2.879459373161808e-07, 'lambda': 0.0, 'weighted': 0.0}, 'diversify': {'raw': 0.08699968457221985, 'lambda': 0.0, 'weighted': 0.0}}",0.0003,594,846,cadence,1,cadence_accept,-1.9208528101444244e-08,-5.2023628360577166e-05,252
1,-0.00023921696993056685,-0.002240046625956893,0.00034646663698367774,0.00023921696993056685,0.00023921696993056685,-0.0018177800811827183,0.0064223455265164375,0.00021414551883935928,0.0,3.538476812536828e-05,0.08726110309362411,0.002339842263609171,0.002240046625956893,0.002240046625956893,0.00037519767647609115,0.0005262827617116272,0.00019469588005449623,0.0,2.212476886143122e-07,0.08684676885604858,8.95662305993028e-05,8.95662305993028e-05,8.95662305993028e-05,8.95662305993028e-05,0,0,0,"{'mean': {'raw': -0.00034646663698367774, 'lambda': 0.0, 'weighted': 0.0}, 'log_growth': {'raw': -0.00023921696993056685, 'lambda': 1.0, 'weighted': -0.00023921696993056685}, 'cvar': {'raw': 0.0018177800811827183, 'lambda': 0.0, 'weighted': 0.0}, 'turnover': {'raw': 0.0064223455265164375, 'lambda': 0.0, 'weighted': 0.0}, 'volatility': {'raw': 0.00021414551883935928, 'lambda': 0.0, 'weighted': 0.0}, 'vol_excess': {'raw': 0.0, 'lambda': 0.0, 'weighted': 0.0}, 'weight_path': {'raw': 3.538476812536828e-05, 'lambda': 0.0, 'weighted': 0.0}, 'diversify': {'raw': 0.08726110309362411, 'lambda': 0.0, 'weighted': 0.0}}","{'mean': {'raw': -0.002339842263609171, 'lambda': 0.0, 'weighted': 0.0}, 'log_growth': {'raw': -0.002240046625956893, 'lambda': 1.0, 'weighted': -0.002240046625956893}, 'cvar': {'raw': -0.00037519767647609115, 'lambda': 0.0, 'weighted': 0.0}, 'turnover': {'raw': 0.0005262827617116272, 'lambda': 0.0, 'weighted': 0.0}, 'volatility': {'raw': 0.00019469588005449623, 'lambda': 0.0, 'weighted': 0.0}, 'vol_excess': {'raw': 0.0, 'lambda': 0.0, 'weighted': 0.0}, 'weight_path': {'raw': 2.212476886143122e-07, 'lambda': 0.0, 'weighted': 0.0}, 'diversify': {'raw': 0.08684676885604858, 'lambda': 0.0, 'weighted': 0.0}}",0.0003,599,851,cadence,1,cadence_accept,-8.847564458847046e-08,-3.9497233461012713e-05,252
2,-0.00023796407913323492,-0.0022399581503123045,0.0003451081574894488,0.00023796407913323492,0.00023796407913323492,-0.0018167882226407528,0.007517876103520393,0.00021393707720562816,0.0,4.8386515118181705e-05,0.08690150082111359,0.0023397477343678474,0.0022399581503123045,0.0022399581503123045,0.0003752122865989804,0.0005306066595949233,0.00019468512618914247,0.0,2.2492663731554785e-07,0.08680365234613419,8.349825657205656e-05,8.349825657205656e-05,8.349825657205656e-05,8.349825657205656e-05,0,0,0,"{'mean': {'raw': -0.0003451081574894488, 'lambda': 0.0, 'weighted': 0.0}, 'log_growth': {'raw': -0.00023796407913323492, 'lambda': 1.0, 'weighted': -0.00023796407913323492}, 'cvar': {'raw': 0.0018167882226407528, 'lambda': 0.0, 'weighted': 0.0}, 'turnover': {'raw': 0.007517876103520393, 'lambda': 0.0, 'weighted': 0.0}, 'volatility': {'raw': 0.00021393707720562816, 'lambda': 0.0, 'weighted': 0.0}, 'vol_excess': {'raw': 0.0, 'lambda': 0.0, 'weighted': 0.0}, 'weight_path': {'raw': 4.8386515118181705e-05, 'lambda': 0.0, 'weighted': 0.0}, 'diversify': {'raw': 0.08690150082111359, 'lambda': 0.0, 'weighted': 0.0}}","{'mean': {'raw': -0.0023397477343678474, 'lambda': 0.0, 'weighted': 0.0}, 'log_growth': {'raw': -0.0022399581503123045, 'lambda': 1.0, 'weighted': -0.0022399581503123045}, 'cvar': {'raw': -0.0003752122865989804, 'lambda': 0.0, 'weighted': 0.0}, 'turnover': {'raw': 0.0005306066595949233, 'lambda': 0.0, 'weighted': 0.0}, 'volatility': {'raw': 0.00019468512618914247, 'lambda': 0.0, 'weighted': 0.0}, 'vol_excess': {'raw': 0.0, 'lambda': 0.0, 'weighted': 0.0}, 'weight_path': {'raw': 2.2492663731554785e-07, 'lambda': 0.0, 'weighted': 0.0}, 'diversify': {'raw': 0.08680365234613419, 'lambda': 0.0, 'weighted': 0.0}}",0.0003,599,851,cadence,1,cadence_accept,-8.847564458847046e-08,-3.9497233461012713e-05,252
1,-0.0005223439657129347,-0.00224803714081645,0.000625944696366787,0.0005223439657129347,0.0005223439657129347,-0.0014628919307142496,0.007039273157715797,0.0002067139866994694,0.0,4.288404670660384e-05,0.08672385662794113,0.0023600866552442312,0.00224803714081645,0.00224803714081645,0.00017418793868273497,0.0004924279637634754,0.000219582550926134,0.0,1.989749165431931e-07,0.0863686054944992,6.514368578791618e-05,6.514368578791618e-05,6.514368578791618e-05,6.514368578791618e-05,0,0,0,"{'mean': {'raw': -0.000625944696366787, 'lambda': 0.0, 'weighted': 0.0}, 'log_growth': {'raw': -0.0005223439657129347, 'lambda': 1.0, 'weighted': -0.0005223439657129347}, 'cvar': {'raw': 0.0014628919307142496, 'lambda': 0.0, 'weighted': 0.0}, 'turnover': {'raw': 0.007039273157715797, 'lambda': 0.0, 'weighted': 0.0}, 'volatility': {'raw': 0.0002067139866994694, 'lambda': 0.0, 'weighted': 0.0}, 'vol_excess': {'raw': 0.0, 'lambda': 0.0, 'weighted': 0.0}, 'weight_path': {'raw': 4.288404670660384e-05, 'lambda': 0.0, 'weighted': 0.0}, 'diversify': {'raw': 0.08672385662794113, 'lambda': 0.0, 'weighted': 0.0}}","{'mean': {'raw': -0.0023600866552442312, 'lambda': 0.0, 'weighted': 0.0}, 'log_growth': {'raw': -0.00224803714081645, 'lambda': 1.0, 'weighted': -0.00224803714081645}, 'cvar': {'raw': -0.00017418793868273497, 'lambda': 0.0, 'weighted': 0.0}, 'turnover': {'raw': 0.0004924279637634754, 'lambda': 0.0, 'weighted': 0.0}, 'volatility': {'raw': 0.000219582550926134, 'lambda': 0.0, 'weighted': 0.0}, 'vol_excess': {'raw': 0.0, 'lambda': 0.0, 'weighted': 0.0}, 'weight_path': {'raw': 1.989749165431931e-07, 'lambda': 0.0, 'weighted': 0.0}, 'diversify': {'raw': 0.0863686054944992, 'lambda': 0.0, 'weighted': 0.0}}",0.0003,604,856,cadence,1,cadence_accept,-8.940696716308594e-08,-3.977112544094519e-05,252
2,-0.0005247607477940619,-0.002247947733849287,0.0006283441907726228,0.0005247607477940619,0.0005247607477940619,-0.001460268977098167,0.006652148440480232,0.0002066749584628269,0.0,4.192997221252881e-05,0.0872698500752449,0.002359989332035184,0.002247947733849287,0.002247947733849287,0.00017424568068236113,0.0004966358537785709,0.00021956663113087416,0.0,2.0241427023393044e-07,0.08631809055805206,8.077743405010551e-05,8.077743405010551e-05,8.077743405010551e-05,8.077743405010551e-05,0,0,0,"{'mean': {'raw': -0.0006283441907726228, 'lambda': 0.0, 'weighted': 0.0}, 'log_growth': {'raw': -0.0005247607477940619, 'lambda': 1.0, 'weighted': -0.0005247607477940619}, 'cvar': {'raw': 0.001460268977098167, 'lambda': 0.0, 'weighted': 0.0}, 'turnover': {'raw': 0.006652148440480232, 'lambda': 0.0, 'weighted': 0.0}, 'volatility': {'raw': 0.0002066749584628269, 'lambda': 0.0, 'weighted': 0.0}, 'vol_excess': {'raw': 0.0, 'lambda': 0.0, 'weighted': 0.0}, 'weight_path': {'raw': 4.192997221252881e-05, 'lambda': 0.0, 'weighted': 0.0}, 'diversify': {'raw': 0.0872698500752449, 'lambda': 0.0, 'weighted': 0.0}}","{'mean': {'raw': -0.002359989332035184, 'lambda': 0.0, 'weighted': 0.0}, 'log_growth': {'raw': -0.002247947733849287, 'lambda': 1.0, 'weighted': -0.002247947733849287}, 'cvar': {'raw': -0.00017424568068236113, 'lambda': 0.0, 'weighted': 0.0}, 'turnover': {'raw': 0.0004966358537785709, 'lambda': 0.0, 'weighted': 0.0}, 'volatility': {'raw': 0.00021956663113087416, 'lambda': 0.0, 'weighted': 0.0}, 'vol_excess': {'raw': 0.0, 'lambda': 0.0, 'weighted': 0.0}, 'weight_path': {'raw': 2.0241427023393044e-07, 'lambda': 0.0, 'weighted': 0.0}, 'diversify': {'raw': 0.08631809055805206, 'lambda': 0.0, 'weighted': 0.0}}",0.0003,604,856,cadence,1,cadence_accept,-8.940696716308594e-08,-3.977112544094519e-05,252
1,-0.00023670453811064363,-0.0038530200254172087,0.00034018224687315524,0.00023670453811064363,0.00023670453811064363,-0.0017437995411455631,0.007078816182911396,0.00020668533397838473,0.0,4.6406039473367855e-05,0.08698854595422745,0.003968327771872282,0.0038530200254172087,0.0038530200254172087,0.0017901209648698568,0.0005291803972795606,0.00021630246192216873,0.0,2.1643734271492576e-07,0.08570997416973114,7.030633423710242e-05,7.030633423710242e-05,7.030633423710242e-05,7.030633423710242e-05,0,0,0,"{'mean': {'raw': -0.00034018224687315524, 'lambda': 0.0, 'weighted': 0.0}, 'log_growth': {'raw': -0.00023670453811064363, 'lambda': 1.0, 'weighted': -0.00023670453811064363}, 'cvar': {'raw': 0.0017437995411455631, 'lambda': 0.0, 'weighted': 0.0}, 'turnover': {'raw': 0.007078816182911396, 'lambda': 0.0, 'weighted': 0.0}, 'volatility': {'raw': 0.00020668533397838473, 'lambda': 0.0, 'weighted': 0.0}, 'vol_excess': {'raw': 0.0, 'lambda': 0.0, 'weighted': 0.0}, 'weight_path': {'raw': 4.6406039473367855e-05, 'lambda': 0.0, 'weighted': 0.0}, 'diversify': {'raw': 0.08698854595422745, 'lambda': 0.0, 'weighted': 0.0}}","{'mean': {'raw': -0.003968327771872282, 'lambda': 0.0, 'weighted': 0.0}, 'log_growth': {'raw': -0.0038530200254172087, 'lambda': 1.0, 'weighted': -0.0038530200254172087}, 'cvar': {'raw': -0.0017901209648698568, 'lambda': 0.0, 'weighted': 0.0}, 'turnover': {'raw': 0.0005291803972795606, 'lambda': 0.0, 'weighted': 0.0}, 'volatility': {'raw': 0.00021630246192216873, 'lambda': 0.0, 'weighted': 0.0}, 'vol_excess': {'raw': 0.0, 'lambda': 0.0, 'weighted': 0.0}, 'weight_path': {'raw': 2.1643734271492576e-07, 'lambda': 0.0, 'weighted': 0.0}, 'diversify': {'raw': 0.08570997416973114, 'lambda': 0.0, 'weighted': 0.0}}",0.0003,609,861,cadence,1,cadence_accept,-1.632142812013626e-07,-4.236009158590592e-05,252
2,-0.0002393441100139171,-0.0038528568111360073,0.00034299082471989095,0.0002393441100139171,0.0002393441100139171,-0.0017444721888750792,0.006629210896790028,0.00020702143956441432,0.0,4.044257366331294e-05,0.08711089938879013,0.003968155011534691,0.0038528568111360073,0.0038528568111360073,0.0017901337705552578,0.0005340739153325558,0.00021628379181493074,0.0,2.2045031755624223e-07,0.0856473445892334,7.72809871705249e-05,7.72809871705249e-05,7.72809871705249e-05,7.72809871705249e-05,0,0,0,"{'mean': {'raw': -0.00034299082471989095, 'lambda': 0.0, 'weighted': 0.0}, 'log_growth': {'raw': -0.0002393441100139171, 'lambda': 1.0, 'weighted': -0.0002393441100139171}, 'cvar': {'raw': 0.0017444721888750792, 'lambda': 0.0, 'weighted': 0.0}, 'turnover': {'raw': 0.006629210896790028, 'lambda': 0.0, 'weighted': 0.0}, 'volatility': {'raw': 0.00020702143956441432, 'lambda': 0.0, 'weighted': 0.0}, 'vol_excess': {'raw': 0.0, 'lambda': 0.0, 'weighted': 0.0}, 'weight_path': {'raw': 4.044257366331294e-05, 'lambda': 0.0, 'weighted': 0.0}, 'diversify': {'raw': 0.08711089938879013, 'lambda': 0.0, 'weighted': 0.0}}","{'mean': {'raw': -0.003968155011534691, 'lambda': 0.0, 'weighted': 0.0}, 'log_growth': {'raw': -0.0038528568111360073, 'lambda': 1.0, 'weighted': -0.0038528568111360073}, 'cvar': {'raw': -0.0017901337705552578, 'lambda': 0.0, 'weighted': 0.0}, 'turnover': {'raw': 0.0005340739153325558, 'lambda': 0.0, 'weighted': 0.0}, 'volatility': {'raw': 0.00021628379181493074, 'lambda': 0.0, 'weighted': 0.0}, 'vol_excess': {'raw': 0.0, 'lambda': 0.0, 'weighted': 0.0}, 'weight_path': {'raw': 2.2045031755624223e-07, 'lambda': 0.0, 'weighted': 0.0}, 'diversify': {'raw': 0.0856473445892334, 'lambda': 0.0, 'weighted': 0.0}}",0.0003,609,861,cadence,1,cadence_accept,-1.632142812013626e-07,-4.236009158590592e-05,252
1,-0.00012065118062309921,-0.004585453309118748,0.0002198098081862554,0.00012065118062309921,0.00012065118062309921,-0.001780894584953785,0.00760612403973937,0.0001980250235646963,0.0,5.327671897248365e-05,0.08693429082632065,0.004701750352978706,0.004585453309118748,0.004585453309118748,0.0025553833693265915,0.0005683674826286733,0.0002120931021636352,0.0,2.557622167387308e-07,0.08506461977958679,0.00012701300147455186,0.00012701300147455186,0.00012701300147455186,0.00012701300147455186,0,0,0,"{'mean': {'raw': -0.0002198098081862554, 'lambda': 0.0, 'weighted': 0.0}, 'log_growth': {'raw': -0.00012065118062309921, 'lambda': 1.0, 'weighted': -0.00012065118062309921}, 'cvar': {'raw': 0.001780894584953785, 'lambda': 0.0, 'weighted': 0.0}, 'turnover': {'raw': 0.00760612403973937, 'lambda': 0.0, 'weighted': 0.0}, 'volatility': {'raw': 0.0001980250235646963, 'lambda': 0.0, 'weighted': 0.0}, 'vol_excess': {'raw': 0.0, 'lambda': 0.0, 'weighted': 0.0}, 'weight_path': {'raw': 5.327671897248365e-05, 'lambda': 0.0, 'weighted': 0.0}, 'diversify': {'raw': 0.08693429082632065, 'lambda': 0.0, 'weighted': 0.0}}","{'mean': {'raw': -0.004701750352978706, 'lambda': 0.0, 'weighted': 0.0}, 'log_growth': {'raw': -0.004585453309118748, 'lambda': 1.0, 'weighted': -0.004585453309118748}, 'cvar': {'raw': -0.0025553833693265915, 'lambda': 0.0, 'weighted': 0.0}, 'turnover': {'raw': 0.0005683674826286733, 'lambda': 0.0, 'weighted': 0.0}, 'volatility': {'raw': 0.0002120931021636352, 'lambda': 0.0, 'weighted': 0.0}, 'vol_excess': {'raw': 0.0, 'lambda': 0.0, 'weighted': 0.0}, 'weight_path': {'raw': 2.557622167387308e-07, 'lambda': 0.0, 'weighted': 0.0}, 'diversify': {'raw': 0.08506461977958679, 'lambda': 0.0, 'weighted': 0.0}}",0.0003,614,866,cadence,1,cadence_accept,-2.682209014892578e-07,-5.849386818471646e-05,252
2,-0.00012075504491804168,-0.0045851850882172585,0.00021979994198773056,0.00012075504491804168,0.00012075504491804168,-0.001778824022039771,0.0075161573477089405,0.00019779423018917441,0.0,4.981264646630734e-05,0.08697396516799927,0.004701470024883747,0.0045851850882172585,0.0045851850882172585,0.002555328654125333,0.0005742046050727367,0.00021207061945460737,0.0,2.6106391715075006e-07,0.08498196303844452,0.0001240634883288294,0.0001240634883288294,0.0001240634883288294,0.0001240634883288294,0,0,0,"{'mean': {'raw': -0.00021979994198773056, 'lambda': 0.0, 'weighted': 0.0}, 'log_growth': {'raw': -0.00012075504491804168, 'lambda': 1.0, 'weighted': -0.00012075504491804168}, 'cvar': {'raw': 0.001778824022039771, 'lambda': 0.0, 'weighted': 0.0}, 'turnover': {'raw': 0.0075161573477089405, 'lambda': 0.0, 'weighted': 0.0}, 'volatility': {'raw': 0.00019779423018917441, 'lambda': 0.0, 'weighted': 0.0}, 'vol_excess': {'raw': 0.0, 'lambda': 0.0, 'weighted': 0.0}, 'weight_path': {'raw': 4.981264646630734e-05, 'lambda': 0.0, 'weighted': 0.0}, 'diversify': {'raw': 0.08697396516799927, 'lambda': 0.0, 'weighted': 0.0}}","{'mean': {'raw': -0.004701470024883747, 'lambda': 0.0, 'weighted': 0.0}, 'log_growth': {'raw': -0.0045851850882172585, 'lambda': 1.0, 'weighted': -0.0045851850882172585}, 'cvar': {'raw': -0.002555328654125333, 'lambda': 0.0, 'weighted': 0.0}, 'turnover': {'raw': 0.0005742046050727367, 'lambda': 0.0, 'weighted': 0.0}, 'volatility': {'raw': 0.00021207061945460737, 'lambda': 0.0, 'weighted': 0.0}, 'vol_excess': {'raw': 0.0, 'lambda': 0.0, 'weighted': 0.0}, 'weight_path': {'raw': 2.6106391715075006e-07, 'lambda': 0.0, 'weighted': 0.0}, 'diversify': {'raw': 0.08498196303844452, 'lambda': 0.0, 'weighted': 0.0}}",0.0003,614,866,cadence,1,cadence_accept,-2.682209014892578e-07,-5.849386818471646e-05,252
1,-0.00030049466295167804,-0.005200842395424843,0.00039699164335615933,0.00030049466295167804,0.00030049466295167804,-0.001554663060232997,0.0084951501339674,0.00019259838154539466,0.0,6.948536611162126e-05,0.08673744648694992,0.0053396206349134445,0.005200842395424843,0.005200842395424843,0.00284755602478981,0.0005640091840177774,0.00025208256556652486,0.0020412802696228027,2.5158641392408754e-07,0.08454891294240952,0.0001897667971206829,0.0001897667971206829,0.0001897667971206829,0.0001897667971206829,0,0,0,"{'mean': {'raw': -0.00039699164335615933, 'lambda': 0.0, 'weighted': 0.0}, 'log_growth': {'raw': -0.00030049466295167804, 'lambda': 1.0, 'weighted': -0.00030049466295167804}, 'cvar': {'raw': 0.001554663060232997, 'lambda': 0.0, 'weighted': 0.0}, 'turnover': {'raw': 0.0084951501339674, 'lambda': 0.0, 'weighted': 0.0}, 'volatility': {'raw': 0.00019259838154539466, 'lambda': 0.0, 'weighted': 0.0}, 'vol_excess': {'raw': 0.0, 'lambda': 0.0, 'weighted': 0.0}, 'weight_path': {'raw': 6.948536611162126e-05, 'lambda': 0.0, 'weighted': 0.0}, 'diversify': {'raw': 0.08673744648694992, 'lambda': 0.0, 'weighted': 0.0}}","{'mean': {'raw': -0.0053396206349134445, 'lambda': 0.0, 'weighted': 0.0}, 'log_growth': {'raw': -0.005200842395424843, 'lambda': 1.0, 'weighted': -0.005200842395424843}, 'cvar': {'raw': -0.00284755602478981, 'lambda': 0.0, 'weighted': 0.0}, 'turnover': {'raw': 0.0005640091840177774, 'lambda': 0.0, 'weighted': 0.0}, 'volatility': {'raw': 0.00025208256556652486, 'lambda': 0.0, 'weighted': 0.0}, 'vol_excess': {'raw': 0.0020412802696228027, 'lambda': 0.0, 'weighted': 0.0}, 'weight_path': {'raw': 2.5158641392408754e-07, 'lambda': 0.0, 'weighted': 0.0}, 'diversify': {'raw': 0.08454891294240952, 'lambda': 0.0, 'weighted': 0.0}}",0.0003,618,870,cadence,1,cadence_accept,-3.8137659430503845e-07,-7.332977337809811e-05,252
2,-0.0002914958167821169,-0.005200461018830538,0.0003881069424096495,0.0002914958167821169,0.0002914958167821169,-0.001566415186971426,0.00700112571939826,0.00019282182620372623,0.0,4.0415623516310006e-05,0.08655259758234024,0.005339218769222498,0.005200461018830538,0.005200461018830538,0.002847494790330529,0.0005704108625650406,0.00025204659323208034,0.0020232796669006348,2.5733322672749637e-07,0.08444680273532867,0.00010157345241168514,0.00010157345241168514,0.00010157345241168514,0.00010157345241168514,0,0,0,"{'mean': {'raw': -0.0003881069424096495, 'lambda': 0.0, 'weighted': 0.0}, 'log_growth': {'raw': -0.0002914958167821169, 'lambda': 1.0, 'weighted': -0.0002914958167821169}, 'cvar': {'raw': 0.001566415186971426, 'lambda': 0.0, 'weighted': 0.0}, 'turnover': {'raw': 0.00700112571939826, 'lambda': 0.0, 'weighted': 0.0}, 'volatility': {'raw': 0.00019282182620372623, 'lambda': 0.0, 'weighted': 0.0}, 'vol_excess': {'raw': 0.0, 'lambda': 0.0, 'weighted': 0.0}, 'weight_path': {'raw': 4.0415623516310006e-05, 'lambda': 0.0, 'weighted': 0.0}, 'diversify': {'raw': 0.08655259758234024, 'lambda': 0.0, 'weighted': 0.0}}","{'mean': {'raw': -0.005339218769222498, 'lambda': 0.0, 'weighted': 0.0}, 'log_growth': {'raw': -0.005200461018830538, 'lambda': 1.0, 'weighted': -0.005200461018830538}, 'cvar': {'raw': -0.002847494790330529, 'lambda': 0.0, 'weighted': 0.0}, 'turnover': {'raw': 0.0005704108625650406, 'lambda': 0.0, 'weighted': 0.0}, 'volatility': {'raw': 0.00025204659323208034, 'lambda': 0.0, 'weighted': 0.0}, 'vol_excess': {'raw': 0.0020232796669006348, 'lambda': 0.0, 'weighted': 0.0}, 'weight_path': {'raw': 2.5733322672749637e-07, 'lambda': 0.0, 'weighted': 0.0}, 'diversify': {'raw': 0.08444680273532867, 'lambda': 0.0, 'weighted': 0.0}}",0.0003,618,870,cadence,1,cadence_accept,-3.8137659430503845e-07,-7.332977337809811e-05,252
1,-0.0002405179402558133,-0.004735536407679319,0.0003339633985888213,0.0002405179402558133,0.0002405179402558133,-0.001556731527671218,0.007892174646258354,0.0001865174126578495,0.0,5.0470254791434854e-05,0.08652913570404053,0.004872805438935757,0.004735536407679319,0.004735536407679319,0.0023725335486233234,0.0006088332156650722,0.0002536980027798563,0.0028475821018218994,2.9231637199700344e-07,0.08395883440971375,0.00011642796744126827,0.00011642796744126827,0.00011642796744126827,0.00011642796744126827,0,0,0,"{'mean': {'raw': -0.0003339633985888213, 'lambda': 0.0, 'weighted': 0.0}, 'log_growth': {'raw': -0.0002405179402558133, 'lambda': 1.0, 'weighted': -0.0002405179402558133}, 'cvar': {'raw': 0.001556731527671218, 'lambda': 0.0, 'weighted': 0.0}, 'turnover': {'raw': 0.007892174646258354, 'lambda': 0.0, 'weighted': 0.0}, 'volatility': {'raw': 0.0001865174126578495, 'lambda': 0.0, 'weighted': 0.0}, 'vol_excess': {'raw': 0.0, 'lambda': 0.0, 'weighted': 0.0}, 'weight_path': {'raw': 5.0470254791434854e-05, 'lambda': 0.0, 'weighted': 0.0}, 'diversify': {'raw': 0.08652913570404053, 'lambda': 0.0, 'weighted': 0.0}}","{'mean': {'raw': -0.004872805438935757, 'lambda': 0.0, 'weighted': 0.0}, 'log_growth': {'raw': -0.004735536407679319, 'lambda': 1.0, 'weighted': -0.004735536407679319}, 'cvar': {'raw': -0.0023725335486233234, 'lambda': 0.0, 'weighted': 0.0}, 'turnover': {'raw': 0.0006088332156650722, 'lambda': 0.0, 'weighted': 0.0}, 'volatility': {'raw': 0.0002536980027798563, 'lambda': 0.0, 'weighted': 0.0}, 'vol_excess': {'raw': 0.0028475821018218994, 'lambda': 0.0, 'weighted': 0.0}, 'weight_path': {'raw': 2.9231637199700344e-07, 'lambda': 0.0, 'weighted': 0.0}, 'diversify': {'raw': 0.08395883440971375, 'lambda': 0.0, 'weighted': 0.0}}",0.0003,622,874,cadence,1,cadence_accept,-3.525055944919586e-07,-7.44383664426873e-05,252
2,-0.00023957295343279839,-0.004735183902084827,0.00033307078410871327,0.00023957295343279839,0.00023957295343279839,-0.00155863247346133,0.008535657078027725,0.0001866228849394247,0.0,6.904771726112813e-05,0.08633963018655777,0.004872430115938187,0.004735183902084827,0.004735183902084827,0.002372539136558771,0.000615976401604712,0.0002536577812861651,0.0028275251388549805,2.992368308696314e-07,0.08384452760219574,8.732167771086097e-05,8.732167771086097e-05,8.732167771086097e-05,8.732167771086097e-05,0,0,0,"{'mean': {'raw': -0.00033307078410871327, 'lambda': 0.0, 'weighted': 0.0}, 'log_growth': {'raw': -0.00023957295343279839, 'lambda': 1.0, 'weighted': -0.00023957295343279839}, 'cvar': {'raw': 0.00155863247346133, 'lambda': 0.0, 'weighted': 0.0}, 'turnover': {'raw': 0.008535657078027725, 'lambda': 0.0, 'weighted': 0.0}, 'volatility': {'raw': 0.0001866228849394247, 'lambda': 0.0, 'weighted': 0.0}, 'vol_excess': {'raw': 0.0, 'lambda': 0.0, 'weighted': 0.0}, 'weight_path': {'raw': 6.904771726112813e-05, 'lambda': 0.0, 'weighted': 0.0}, 'diversify': {'raw': 0.08633963018655777, 'lambda': 0.0, 'weighted': 0.0}}","{'mean': {'raw': -0.004872430115938187, 'lambda': 0.0, 'weighted': 0.0}, 'log_growth': {'raw': -0.004735183902084827, 'lambda': 1.0, 'weighted': -0.004735183902084827}, 'cvar': {'raw': -0.002372539136558771, 'lambda': 0.0, 'weighted': 0.0}, 'turnover': {'raw': 0.000615976401604712, 'lambda': 0.0, 'weighted': 0.0}, 'volatility': {'raw': 0.0002536577812861651, 'lambda': 0.0, 'weighted': 0.0}, 'vol_excess': {'raw': 0.0028275251388549805, 'lambda': 0.0, 'weighted': 0.0}, 'weight_path': {'raw': 2.992368308696314e-07, 'lambda': 0.0, 'weighted': 0.0}, 'diversify': {'raw': 0.08384452760219574, 'lambda': 0.0, 'weighted': 0.0}}",0.0003,622,874,cadence,1,cadence_accept,-3.525055944919586e-07,-7.44383664426873e-05,252
1,0.00036275319871492684,-0.006010277196764946,-0.0002695765870157629,-0.00036275319871492684,-0.00036275319871492684,-0.002149807522073388,0.007449932396411896,0.0001858416508184746,0.0,5.5889569921419024e-05,0.08681866526603699,0.006140123121440411,0.006010277196764946,0.006010277196764946,0.003927887883037329,0.0006422530277632177,0.00022536655887961388,0.0,3.119095595138788e-07,0.08320041745901108,0.00016404171765316278,0.00016404171765316278,0.00016404171765316278,0.00016404171765316278,0,0,0,"{'mean': {'raw': 0.0002695765870157629, 'lambda': 0.0, 'weighted': 0.0}, 'log_growth': {'raw': 0.00036275319871492684, 'lambda': 1.0, 'weighted': 0.00036275319871492684}, 'cvar': {'raw': 0.002149807522073388, 'lambda': 0.0, 'weighted': 0.0}, 'turnover': {'raw': 0.007449932396411896, 'lambda': 0.0, 'weighted': 0.0}, 'volatility': {'raw': 0.0001858416508184746, 'lambda': 0.0, 'weighted': 0.0}, 'vol_excess': {'raw': 0.0, 'lambda': 0.0, 'weighted': 0.0}, 'weight_path': {'raw': 5.5889569921419024e-05, 'lambda': 0.0, 'weighted': 0.0}, 'diversify': {'raw': 0.08681866526603699, 'lambda': 0.0, 'weighted': 0.0}}","{'mean': {'raw': -0.006140123121440411, 'lambda': 0.0, 'weighted': 0.0}, 'log_growth': {'raw': -0.006010277196764946, 'lambda': 1.0, 'weighted': -0.006010277196764946}, 'cvar': {'raw': -0.003927887883037329, 'lambda': 0.0, 'weighted': 0.0}, 'turnover': {'raw': 0.0006422530277632177, 'lambda': 0.0, 'weighted': 0.0}, 'volatility': {'raw': 0.00022536655887961388, 'lambda': 0.0, 'weighted': 0.0}, 'vol_excess': {'raw': 0.0, 'lambda': 0.0, 'weighted': 0.0}, 'weight_path': {'raw': 3.119095595138788e-07, 'lambda': 0.0, 'weighted': 0.0}, 'diversify': {'raw': 0.08320041745901108, 'lambda': 0.0, 'weighted': 0.0}}",0.0003,627,879,cadence,1,cadence_accept,-4.6798959374427795e-07,-7.786489347251906e-05,252
2,0.00035781797487288713,-0.006009809207171202,-0.00026470088050700724,-0.00035781797487288713,-0.00035781797487288713,-0.002143488498404622,0.007396020460873842,0.00018573174020275474,0.0,4.747160346596502e-05,0.08642084151506424,0.006139629520475864,0.006009809207171202,0.006009809207171202,0.003927827812731266,0.0006505990168079734,0.00022532115690410137,0.0,3.2006747119339707e-07,0.08305855095386505,0.00022626944701187313,0.00022626944701187313,0.00022626944701187313,0.00022626944701187313,0,0,0,"{'mean': {'raw': 0.00026470088050700724, 'lambda': 0.0, 'weighted': 0.0}, 'log_growth': {'raw': 0.00035781797487288713, 'lambda': 1.0, 'weighted': 0.00035781797487288713}, 'cvar': {'raw': 0.002143488498404622, 'lambda': 0.0, 'weighted': 0.0}, 'turnover': {'raw': 0.007396020460873842, 'lambda': 0.0, 'weighted': 0.0}, 'volatility': {'raw': 0.00018573174020275474, 'lambda': 0.0, 'weighted': 0.0}, 'vol_excess': {'raw': 0.0, 'lambda': 0.0, 'weighted': 0.0}, 'weight_path': {'raw': 4.747160346596502e-05, 'lambda': 0.0, 'weighted': 0.0}, 'diversify': {'raw': 0.08642084151506424, 'lambda': 0.0, 'weighted': 0.0}}","{'mean': {'raw': -0.006139629520475864, 'lambda': 0.0, 'weighted': 0.0}, 'log_growth': {'raw': -0.006009809207171202, 'lambda': 1.0, 'weighted': -0.006009809207171202}, 'cvar': {'raw': -0.003927827812731266, 'lambda': 0.0, 'weighted': 0.0}, 'turnover': {'raw': 0.0006505990168079734, 'lambda': 0.0, 'weighted': 0.0}, 'volatility': {'raw': 0.00022532115690410137, 'lambda': 0.0, 'weighted': 0.0}, 'vol_excess': {'raw': 0.0, 'lambda': 0.0, 'weighted': 0.0}, 'weight_path': {'raw': 3.2006747119339707e-07, 'lambda': 0.0, 'weighted': 0.0}, 'diversify': {'raw': 0.08305855095386505, 'lambda': 0.0, 'weighted': 0.0}}",0.0003,627,879,cadence,1,cadence_accept,-4.6798959374427795e-07,-7.786489347251906e-05,252
1,-7.700534297327977e-06,-0.004974531941115856,0.00010262923024129122,7.700534297327977e-06,7.700534297327977e-06,-0.0018135446589440107,0.007914168760180473,0.0001895632449304685,0.0,5.5040556617313996e-05,0.08614528924226761,0.005091183353215456,0.004974531941115856,0.004974531941115856,0.0030421605333685875,0.0006352298660203815,0.00021027075126767159,0.0,3.321437134218286e-07,0.08268407732248306,0.0001666070893406868,0.0001666070893406868,0.0001666070893406868,0.0001666070893406868,0,0,0,"{'mean': {'raw': -0.00010262923024129122, 'lambda': 0.0, 'weighted': 0.0}, 'log_growth': {'raw': -7.700534297327977e-06, 'lambda': 1.0, 'weighted': -7.700534297327977e-06}, 'cvar': {'raw': 0.0018135446589440107, 'lambda': 0.0, 'weighted': 0.0}, 'turnover': {'raw': 0.007914168760180473, 'lambda': 0.0, 'weighted': 0.0}, 'volatility': {'raw': 0.0001895632449304685, 'lambda': 0.0, 'weighted': 0.0}, 'vol_excess': {'raw': 0.0, 'lambda': 0.0, 'weighted': 0.0}, 'weight_path': {'raw': 5.5040556617313996e-05, 'lambda': 0.0, 'weighted': 0.0}, 'diversify': {'raw': 0.08614528924226761, 'lambda': 0.0, 'weighted': 0.0}}","{'mean': {'raw': -0.005091183353215456, 'lambda': 0.0, 'weighted': 0.0}, 'log_growth': {'raw': -0.004974531941115856, 'lambda': 1.0, 'weighted': -0.004974531941115856}, 'cvar': {'raw': -0.0030421605333685875, 'lambda': 0.0, 'weighted': 0.0}, 'turnover': {'raw': 0.0006352298660203815, 'lambda': 0.0, 'weighted': 0.0}, 'volatility': {'raw': 0.00021027075126767159, 'lambda': 0.0, 'weighted': 0.0}, 'vol_excess': {'raw': 0.0, 'lambda': 0.0, 'weighted': 0.0}, 'weight_path': {'raw': 3.321437134218286e-07, 'lambda': 0.0, 'weighted': 0.0}, 'diversify': {'raw': 0.08268407732248306, 'lambda': 0.0, 'weighted': 0.0}}",0.0003,631,883,cadence,1,cadence_accept,-4.5355409383773804e-07,-9.117522997446556e-05,252
2,-5.085205884824973e-06,-0.004974078387022018,0.0001000772463157773,5.085205884824973e-06,5.085205884824973e-06,-0.0018175540026277304,0.007150997407734394,0.00018968613585457206,0.0,4.524133328231983e-05,0.08624705672264099,0.005090704187750816,0.004974078387022018,0.004974078387022018,0.0030421302653849125,0.0006437637493945658,0.00021022287546657026,0.0,3.411382181184308e-07,0.0825275108218193,0.0001335472334176302,0.0001335472334176302,0.0001335472334176302,0.0001335472334176302,0,0,0,"{'mean': {'raw': -0.0001000772463157773, 'lambda': 0.0, 'weighted': 0.0}, 'log_growth': {'raw': -5.085205884824973e-06, 'lambda': 1.0, 'weighted': -5.085205884824973e-06}, 'cvar': {'raw': 0.0018175540026277304, 'lambda': 0.0, 'weighted': 0.0}, 'turnover': {'raw': 0.007150997407734394, 'lambda': 0.0, 'weighted': 0.0}, 'volatility': {'raw': 0.00018968613585457206, 'lambda': 0.0, 'weighted': 0.0}, 'vol_excess': {'raw': 0.0, 'lambda': 0.0, 'weighted': 0.0}, 'weight_path': {'raw': 4.524133328231983e-05, 'lambda': 0.0, 'weighted': 0.0}, 'diversify': {'raw': 0.08624705672264099, 'lambda': 0.0, 'weighted': 0.0}}","{'mean': {'raw': -0.005090704187750816, 'lambda': 0.0, 'weighted': 0.0}, 'log_growth': {'raw': -0.004974078387022018, 'lambda': 1.0, 'weighted': -0.004974078387022018}, 'cvar': {'raw': -0.0030421302653849125, 'lambda': 0.0, 'weighted': 0.0}, 'turnover': {'raw': 0.0006437637493945658, 'lambda': 0.0, 'weighted': 0.0}, 'volatility': {'raw': 0.00021022287546657026, 'lambda': 0.0, 'weighted': 0.0}, 'vol_excess': {'raw': 0.0, 'lambda': 0.0, 'weighted': 0.0}, 'weight_path': {'raw': 3.411382181184308e-07, 'lambda': 0.0, 'weighted': 0.0}, 'diversify': {'raw': 0.0825275108218193, 'lambda': 0.0, 'weighted': 0.0}}",0.0003,631,883,cadence,1,cadence_accept,-4.5355409383773804e-07,-9.117522997446556e-05,252
1,0.00041661696741357446,-0.005490983836352825,-0.00032145256409421563,-0.00041661696741357446,-0.00041661696741357446,-0.002240251749753952,0.007203804329037666,0.00018976847059093416,0.0,4.4548687583301216e-05,0.08652716130018234,0.005601052660495043,0.005490983836352825,0.005490983836352825,0.003759191371500492,0.000659752287901938,0.00019202085968572646,0.0,3.542507727161137e-07,0.08223975449800491,0.0002186025376431644,0.0002186025376431644,0.0002186025376431644,0.0002186025376431644,0,0,0,"{'mean': {'raw': 0.00032145256409421563, 'lambda': 0.0, 'weighted': 0.0}, 'log_growth': {'raw': 0.00041661696741357446, 'lambda': 1.0, 'weighted': 0.00041661696741357446}, 'cvar': {'raw': 0.002240251749753952, 'lambda': 0.0, 'weighted': 0.0}, 'turnover': {'raw': 0.007203804329037666, 'lambda': 0.0, 'weighted': 0.0}, 'volatility': {'raw': 0.00018976847059093416, 'lambda': 0.0, 'weighted': 0.0}, 'vol_excess': {'raw': 0.0, 'lambda': 0.0, 'weighted': 0.0}, 'weight_path': {'raw': 4.4548687583301216e-05, 'lambda': 0.0, 'weighted': 0.0}, 'diversify': {'raw': 0.08652716130018234, 'lambda': 0.0, 'weighted': 0.0}}","{'mean': {'raw': -0.005601052660495043, 'lambda': 0.0, 'weighted': 0.0}, 'log_growth': {'raw': -0.005490983836352825, 'lambda': 1.0, 'weighted': -0.005490983836352825}, 'cvar': {'raw': -0.003759191371500492, 'lambda': 0.0, 'weighted': 0.0}, 'turnover': {'raw': 0.000659752287901938, 'lambda': 0.0, 'weighted': 0.0}, 'volatility': {'raw': 0.00019202085968572646, 'lambda': 0.0, 'weighted': 0.0}, 'vol_excess': {'raw': 0.0, 'lambda': 0.0, 'weighted': 0.0}, 'weight_path': {'raw': 3.542507727161137e-07, 'lambda': 0.0, 'weighted': 0.0}, 'diversify': {'raw': 0.08223975449800491, 'lambda': 0.0, 'weighted': 0.0}}",0.0003,636,888,cadence,1,cadence_accept,-5.830079317092896e-07,-0.00010617549586347983,252
2,0.0004131186578888446,-0.005490400828421116,-0.0003180650237482041,-0.0004131186578888446,-0.0004131186578888446,-0.002234536688774824,0.0070832218043506145,0.00018955307314172387,0.0,4.4201013224665076e-05,0.08594535291194916,0.005600441247224808,0.005490400828421116,0.005490400828421116,0.003759056329727173,0.0006695088814012706,0.00019196902576368302,0.0,3.648141273515648e-07,0.08205709606409073,0.0002578802523203194,0.0002578802523203194,0.0002578802523203194,0.0002578802523203194,0,0,0,"{'mean': {'raw': 0.0003180650237482041, 'lambda': 0.0, 'weighted': 0.0}, 'log_growth': {'raw': 0.0004131186578888446, 'lambda': 1.0, 'weighted': 0.0004131186578888446}, 'cvar': {'raw': 0.002234536688774824, 'lambda': 0.0, 'weighted': 0.0}, 'turnover': {'raw': 0.0070832218043506145, 'lambda': 0.0, 'weighted': 0.0}, 'volatility': {'raw': 0.00018955307314172387, 'lambda': 0.0, 'weighted': 0.0}, 'vol_excess': {'raw': 0.0, 'lambda': 0.0, 'weighted': 0.0}, 'weight_path': {'raw': 4.4201013224665076e-05, 'lambda': 0.0, 'weighted': 0.0}, 'diversify': {'raw': 0.08594535291194916, 'lambda': 0.0, 'weighted': 0.0}}","{'mean': {'raw': -0.005600441247224808, 'lambda': 0.0, 'weighted': 0.0}, 'log_growth': {'raw': -0.005490400828421116, 'lambda': 1.0, 'weighted': -0.005490400828421116}, 'cvar': {'raw': -0.003759056329727173, 'lambda': 0.0, 'weighted': 0.0}, 'turnover': {'raw': 0.0006695088814012706, 'lambda': 0.0, 'weighted': 0.0}, 'volatility': {'raw': 0.00019196902576368302, 'lambda': 0.0, 'weighted': 0.0}, 'vol_excess': {'raw': 0.0, 'lambda': 0.0, 'weighted': 0.0}, 'weight_path': {'raw': 3.648141273515648e-07, 'lambda': 0.0, 'weighted': 0.0}, 'diversify': {'raw': 0.08205709606409073, 'lambda': 0.0, 'weighted': 0.0}}",0.0003,636,888,cadence,1,cadence_accept,-5.830079317092896e-07,-0.00010617549586347983,252
1,0.00015977361181285232,-0.005047252867370844,-6.285685958573595e-05,-0.00015977361181285232,-0.00015977361181285232,-0.0020206396002322435,0.007734964601695538,0.00019343325402587652,0.0,5.4562900913879275e-05,0.08612034469842911,0.005174276884645224,0.005047252867370844,0.005047252867370844,0.0030344955157488585,0.0006581169436685741,0.0002322206855751574,0.0,3.6743188047694275e-07,0.08190257847309113,0.00020780813065357506,0.00020780813065357506,0.00020780813065357506,0.00020780813065357506,0,0,0,"{'mean': {'raw': 6.285685958573595e-05, 'lambda': 0.0, 'weighted': 0.0}, 'log_growth': {'raw': 0.00015977361181285232, 'lambda': 1.0, 'weighted': 0.00015977361181285232}, 'cvar': {'raw': 0.0020206396002322435, 'lambda': 0.0, 'weighted': 0.0}, 'turnover': {'raw': 0.007734964601695538, 'lambda': 0.0, 'weighted': 0.0}, 'volatility': {'raw': 0.00019343325402587652, 'lambda': 0.0, 'weighted': 0.0}, 'vol_excess': {'raw': 0.0, 'lambda': 0.0, 'weighted': 0.0}, 'weight_path': {'raw': 5.4562900913879275e-05, 'lambda': 0.0, 'weighted': 0.0}, 'diversify': {'raw': 0.08612034469842911, 'lambda': 0.0, 'weighted': 0.0}}","{'mean': {'raw': -0.005174276884645224, 'lambda': 0.0, 'weighted': 0.0}, 'log_growth': {'raw': -0.005047252867370844, 'lambda': 1.0, 'weighted': -0.005047252867370844}, 'cvar': {'raw': -0.0030344955157488585, 'lambda': 0.0, 'weighted': 0.0}, 'turnover': {'raw': 0.0006581169436685741, 'lambda': 0.0, 'weighted': 0.0}, 'volatility': {'raw': 0.0002322206855751574, 'lambda': 0.0, 'weighted': 0.0}, 'vol_excess': {'raw': 0.0, 'lambda': 0.0, 'weighted': 0.0}, 'weight_path': {'raw': 3.6743188047694275e-07, 'lambda': 0.0, 'weighted': 0.0}, 'diversify': {'raw': 0.08190257847309113, 'lambda': 0.0, 'weighted': 0.0}}",0.0003,641,893,cadence,1,cadence_accept,-6.365589797496796e-07,-0.0001261198906317425,252
2,0.0001567855797475204,-0.005046616308391094,-5.992428123136051e-05,-0.0001567855797475204,-0.0001567855797475204,-0.002016252838075161,0.007681422866880894,0.00019332965894136578,0.0,5.900803080294281e-05,0.08587636798620224,0.005173601675778627,0.005046616308391094,0.005046616308391094,0.003034435212612152,0.0006683918181806803,0.00023214898828882724,0.0,3.7897510196671647e-07,0.08170145004987717,0.0002469786850269884,0.0002469786850269884,0.0002469786850269884,0.0002469786850269884,0,0,0,"{'mean': {'raw': 5.992428123136051e-05, 'lambda': 0.0, 'weighted': 0.0}, 'log_growth': {'raw': 0.0001567855797475204, 'lambda': 1.0, 'weighted': 0.0001567855797475204}, 'cvar': {'raw': 0.002016252838075161, 'lambda': 0.0, 'weighted': 0.0}, 'turnover': {'raw': 0.007681422866880894, 'lambda': 0.0, 'weighted': 0.0}, 'volatility': {'raw': 0.00019332965894136578, 'lambda': 0.0, 'weighted': 0.0}, 'vol_excess': {'raw': 0.0, 'lambda': 0.0, 'weighted': 0.0}, 'weight_path': {'raw': 5.900803080294281e-05, 'lambda': 0.0, 'weighted': 0.0}, 'diversify': {'raw': 0.08587636798620224, 'lambda': 0.0, 'weighted': 0.0}}","{'mean': {'raw': -0.005173601675778627, 'lambda': 0.0, 'weighted': 0.0}, 'log_growth': {'raw': -0.005046616308391094, 'lambda': 1.0, 'weighted': -0.005046616308391094}, 'cvar': {'raw': -0.003034435212612152, 'lambda': 0.0, 'weighted': 0.0}, 'turnover': {'raw': 0.0006683918181806803, 'lambda': 0.0, 'weighted': 0.0}, 'volatility': {'raw': 0.00023214898828882724, 'lambda': 0.0, 'weighted': 0.0}, 'vol_excess': {'raw': 0.0, 'lambda': 0.0, 'weighted': 0.0}, 'weight_path': {'raw': 3.7897510196671647e-07, 'lambda': 0.0, 'weighted': 0.0}, 'diversify': {'raw': 0.08170145004987717, 'lambda': 0.0, 'weighted': 0.0}}",0.0003,641,893,cadence,1,cadence_accept,-6.365589797496796e-07,-0.0001261198906317425,252
1,0.00015306295244954526,-0.006104300729930401,-5.656989014823921e-05,-0.00015306295244954526,-0.00015306295244954526,-0.002008111448958516,0.007827527821063995,0.0001925565884448588,0.0,5.7697394368005916e-05,0.0861203521490097,0.006274765357375145,0.006104300729930401,0.006104300729930401,0.00353810447268188,0.0006489093648269773,0.00031074637081474066,0.029835820198059082,3.6378307299855805e-07,0.08172018080949783,0.0001554888003738597,0.0001554888003738597,0.0001554888003738597,0.0001554888003738597,0,0,0,"{'mean': {'raw': 5.656989014823921e-05, 'lambda': 0.0, 'weighted': 0.0}, 'log_growth': {'raw': 0.00015306295244954526, 'lambda': 1.0, 'weighted': 0.00015306295244954526}, 'cvar': {'raw': 0.002008111448958516, 'lambda': 0.0, 'weighted': 0.0}, 'turnover': {'raw': 0.007827527821063995, 'lambda': 0.0, 'weighted': 0.0}, 'volatility': {'raw': 0.0001925565884448588, 'lambda': 0.0, 'weighted': 0.0}, 'vol_excess': {'raw': 0.0, 'lambda': 0.0, 'weighted': 0.0}, 'weight_path': {'raw': 5.7697394368005916e-05, 'lambda': 0.0, 'weighted': 0.0}, 'diversify': {'raw': 0.0861203521490097, 'lambda': 0.0, 'weighted': 0.0}}","{'mean': {'raw': -0.006274765357375145, 'lambda': 0.0, 'weighted': 0.0}, 'log_growth': {'raw': -0.006104300729930401, 'lambda': 1.0, 'weighted': -0.006104300729930401}, 'cvar': {'raw': -0.00353810447268188, 'lambda': 0.0, 'weighted': 0.0}, 'turnover': {'raw': 0.0006489093648269773, 'lambda': 0.0, 'weighted': 0.0}, 'volatility': {'raw': 0.00031074637081474066, 'lambda': 0.0, 'weighted': 0.0}, 'vol_excess': {'raw': 0.029835820198059082, 'lambda': 0.0, 'weighted': 0.0}, 'weight_path': {'raw': 3.6378307299855805e-07, 'lambda': 0.0, 'weighted': 0.0}, 'diversify': {'raw': 0.08172018080949783, 'lambda': 0.0, 'weighted': 0.0}}",0.0003,646,898,cadence,1,cadence_accept,-8.381903171539307e-07,-0.0001373114389510387,252
2,0.00014805185492150486,-0.006103462539613247,-5.175282058189623e-05,-0.00014805185492150486,-0.00014805185492150486,-0.001999414525926113,0.008255335502326488,0.00019217182125430554,0.0,7.946077676024288e-05,0.08511514961719513,0.0062738703563809395,0.006103462539613247,0.006103462539613247,0.003538052085787058,0.0006591252749785781,0.00031063982169143856,0.029787838459014893,3.7528468510572566e-07,0.08151259273290634,0.00020582469005603343,0.00020582469005603343,0.00020582469005603343,0.00020582469005603343,0,0,0,"{'mean': {'raw': 5.175282058189623e-05, 'lambda': 0.0, 'weighted': 0.0}, 'log_growth': {'raw': 0.00014805185492150486, 'lambda': 1.0, 'weighted': 0.00014805185492150486}, 'cvar': {'raw': 0.001999414525926113, 'lambda': 0.0, 'weighted': 0.0}, 'turnover': {'raw': 0.008255335502326488, 'lambda': 0.0, 'weighted': 0.0}, 'volatility': {'raw': 0.00019217182125430554, 'lambda': 0.0, 'weighted': 0.0}, 'vol_excess': {'raw': 0.0, 'lambda': 0.0, 'weighted': 0.0}, 'weight_path': {'raw': 7.946077676024288e-05, 'lambda': 0.0, 'weighted': 0.0}, 'diversify': {'raw': 0.08511514961719513, 'lambda': 0.0, 'weighted': 0.0}}","{'mean': {'raw': -0.0062738703563809395, 'lambda': 0.0, 'weighted': 0.0}, 'log_growth': {'raw': -0.006103462539613247, 'lambda': 1.0, 'weighted': -0.006103462539613247}, 'cvar': {'raw': -0.003538052085787058, 'lambda': 0.0, 'weighted': 0.0}, 'turnover': {'raw': 0.0006591252749785781, 'lambda': 0.0, 'weighted': 0.0}, 'volatility': {'raw': 0.00031063982169143856, 'lambda': 0.0, 'weighted': 0.0}, 'vol_excess': {'raw': 0.029787838459014893, 'lambda': 0.0, 'weighted': 0.0}, 'weight_path': {'raw': 3.7528468510572566e-07, 'lambda': 0.0, 'weighted': 0.0}, 'diversify': {'raw': 0.08151259273290634, 'lambda': 0.0, 'weighted': 0.0}}",0.0003,646,898,cadence,1,cadence_accept,-8.381903171539307e-07,-0.0001373114389510387,252
1,0.00014165055472403765,-0.006833646446466446,-4.42989039584063e-05,-0.00014165055472403765,-0.00014165055472403765,-0.002011622302234173,0.007639861200004816,0.0001942993694683537,0.0,5.224454071139917e-05,0.08588247746229172,0.007045844569802284,0.006833646446466446,0.006833646446466446,0.0035642660222947598,0.0007308205822482705,0.0003854720271192491,0.06167122721672058,4.843430474466004e-07,0.0816841796040535,0.00015714240726083517,0.00015714240726083517,0.00015714240726083517,0.00015714240726083517,0,0,0,"{'mean': {'raw': 4.42989039584063e-05, 'lambda': 0.0, 'weighted': 0.0}, 'log_growth': {'raw': 0.00014165055472403765, 'lambda': 1.0, 'weighted': 0.00014165055472403765}, 'cvar': {'raw': 0.002011622302234173, 'lambda': 0.0, 'weighted': 0.0}, 'turnover': {'raw': 0.007639861200004816, 'lambda': 0.0, 'weighted': 0.0}, 'volatility': {'raw': 0.0001942993694683537, 'lambda': 0.0, 'weighted': 0.0}, 'vol_excess': {'raw': 0.0, 'lambda': 0.0, 'weighted': 0.0}, 'weight_path': {'raw': 5.224454071139917e-05, 'lambda': 0.0, 'weighted': 0.0}, 'diversify': {'raw': 0.08588247746229172, 'lambda': 0.0, 'weighted': 0.0}}","{'mean': {'raw': -0.007045844569802284, 'lambda': 0.0, 'weighted': 0.0}, 'log_growth': {'raw': -0.006833646446466446, 'lambda': 1.0, 'weighted': -0.006833646446466446}, 'cvar': {'raw': -0.0035642660222947598, 'lambda': 0.0, 'weighted': 0.0}, 'turnover': {'raw': 0.0007308205822482705, 'lambda': 0.0, 'weighted': 0.0}, 'volatility': {'raw': 0.0003854720271192491, 'lambda': 0.0, 'weighted': 0.0}, 'vol_excess': {'raw': 0.06167122721672058, 'lambda': 0.0, 'weighted': 0.0}, 'weight_path': {'raw': 4.843430474466004e-07, 'lambda': 0.0, 'weighted': 0.0}, 'diversify': {'raw': 0.0816841796040535, 'lambda': 0.0, 'weighted': 0.0}}",0.0003,651,903,cadence,1,cadence_accept,-1.0509975254535675e-06,-0.00015379746867694941,252
2,0.0001344445045106113,-0.006832595448940992,-3.724261114257388e-05,-0.0001344445045106113,-0.0001344445045106113,-0.0020009952131658792,0.008247369900345802,0.00019401239114813507,0.0,6.1033373640384525e-05,0.08544893562793732,0.007044720463454723,0.006832595448940992,0.006832595448940992,0.0035642660222947598,0.0007423712522722781,0.0003853340167552233,0.061615437269210815,4.997646669835376e-07,0.08147098869085312,0.00024749658768996596,0.00024749658768996596,0.00024749658768996596,0.00024749658768996596,0,0,0,"{'mean': {'raw': 3.724261114257388e-05, 'lambda': 0.0, 'weighted': 0.0}, 'log_growth': {'raw': 0.0001344445045106113, 'lambda': 1.0, 'weighted': 0.0001344445045106113}, 'cvar': {'raw': 0.0020009952131658792, 'lambda': 0.0, 'weighted': 0.0}, 'turnover': {'raw': 0.008247369900345802, 'lambda': 0.0, 'weighted': 0.0}, 'volatility': {'raw': 0.00019401239114813507, 'lambda': 0.0, 'weighted': 0.0}, 'vol_excess': {'raw': 0.0, 'lambda': 0.0, 'weighted': 0.0}, 'weight_path': {'raw': 6.1033373640384525e-05, 'lambda': 0.0, 'weighted': 0.0}, 'diversify': {'raw': 0.08544893562793732, 'lambda': 0.0, 'weighted': 0.0}}","{'mean': {'raw': -0.007044720463454723, 'lambda': 0.0, 'weighted': 0.0}, 'log_growth': {'raw': -0.006832595448940992, 'lambda': 1.0, 'weighted': -0.006832595448940992}, 'cvar': {'raw': -0.0035642660222947598, 'lambda': 0.0, 'weighted': 0.0}, 'turnover': {'raw': 0.0007423712522722781, 'lambda': 0.0, 'weighted': 0.0}, 'volatility': {'raw': 0.0003853340167552233, 'lambda': 0.0, 'weighted': 0.0}, 'vol_excess': {'raw': 0.061615437269210815, 'lambda': 0.0, 'weighted': 0.0}, 'weight_path': {'raw': 4.997646669835376e-07, 'lambda': 0.0, 'weighted': 0.0}, 'diversify': {'raw': 0.08147098869085312, 'lambda': 0.0, 'weighted': 0.0}}",0.0003,651,903,cadence,1,cadence_accept,-1.0509975254535675e-06,-0.00015379746867694941,252
1,-0.0002939272380899638,-0.006888306234031916,0.00039065186865627766,0.0002939272380899638,0.0002939272380899638,-0.001554747112095356,0.008033420890569687,0.00019321667787153274,0.0,5.7856723287841305e-05,0.08543336391448975,0.0070906891487538815,0.006888306234031916,0.006888306234031916,0.0037998263724148273,0.0007629265892319381,0.0003647948906291276,0.05319681763648987,5.118532158121525e-07,0.0817103311419487,0.00017129896150436252,0.00017129896150436252,0.00017129896150436252,0.00017129896150436252,0,0,0,"{'mean': {'raw': -0.00039065186865627766, 'lambda': 0.0, 'weighted': 0.0}, 'log_growth': {'raw': -0.0002939272380899638, 'lambda': 1.0, 'weighted': -0.0002939272380899638}, 'cvar': {'raw': 0.001554747112095356, 'lambda': 0.0, 'weighted': 0.0}, 'turnover': {'raw': 0.008033420890569687, 'lambda': 0.0, 'weighted': 0.0}, 'volatility': {'raw': 0.00019321667787153274, 'lambda': 0.0, 'weighted': 0.0}, 'vol_excess': {'raw': 0.0, 'lambda': 0.0, 'weighted': 0.0}, 'weight_path': {'raw': 5.7856723287841305e-05, 'lambda': 0.0, 'weighted': 0.0}, 'diversify': {'raw': 0.08543336391448975, 'lambda': 0.0, 'weighted': 0.0}}","{'mean': {'raw': -0.0070906891487538815, 'lambda': 0.0, 'weighted': 0.0}, 'log_growth': {'raw': -0.006888306234031916, 'lambda': 1.0, 'weighted': -0.006888306234031916}, 'cvar': {'raw': -0.0037998263724148273, 'lambda': 0.0, 'weighted': 0.0}, 'turnover': {'raw': 0.0007629265892319381, 'lambda': 0.0, 'weighted': 0.0}, 'volatility': {'raw': 0.0003647948906291276, 'lambda': 0.0, 'weighted': 0.0}, 'vol_excess': {'raw': 0.05319681763648987, 'lambda': 0.0, 'weighted': 0.0}, 'weight_path': {'raw': 5.118532158121525e-07, 'lambda': 0.0, 'weighted': 0.0}, 'diversify': {'raw': 0.0817103311419487, 'lambda': 0.0, 'weighted': 0.0}}",0.0003,655,907,cadence,1,cadence_accept,-1.000240445137024e-06,-0.00014520847520542755,252
2,-0.00028788470081053674,-0.006887305993586779,0.00038456774200312793,0.00028788470081053674,0.00028788470081053674,-0.0015598710160702467,0.00822895485907793,0.00019313866505399346,0.0,5.8700654335552827e-05,0.08502601087093353,0.007089622784405947,0.006887305993586779,0.006887305993586779,0.0037997611798346043,0.0007742178277112544,0.0003646709374152124,0.05314531922340393,5.271359668768127e-07,0.0815078541636467,9.614064038032666e-05,9.614064038032666e-05,9.614064038032666e-05,9.614064038032666e-05,0,0,0,"{'mean': {'raw': -0.00038456774200312793, 'lambda': 0.0, 'weighted': 0.0}, 'log_growth': {'raw': -0.00028788470081053674, 'lambda': 1.0, 'weighted': -0.00028788470081053674}, 'cvar': {'raw': 0.0015598710160702467, 'lambda': 0.0, 'weighted': 0.0}, 'turnover': {'raw': 0.00822895485907793, 'lambda': 0.0, 'weighted': 0.0}, 'volatility': {'raw': 0.00019313866505399346, 'lambda': 0.0, 'weighted': 0.0}, 'vol_excess': {'raw': 0.0, 'lambda': 0.0, 'weighted': 0.0}, 'weight_path': {'raw': 5.8700654335552827e-05, 'lambda': 0.0, 'weighted': 0.0}, 'diversify': {'raw': 0.08502601087093353, 'lambda': 0.0, 'weighted': 0.0}}","{'mean': {'raw': -0.007089622784405947, 'lambda': 0.0, 'weighted': 0.0}, 'log_growth': {'raw': -0.006887305993586779, 'lambda': 1.0, 'weighted': -0.006887305993586779}, 'cvar': {'raw': -0.0037997611798346043, 'lambda': 0.0, 'weighted': 0.0}, 'turnover': {'raw': 0.0007742178277112544, 'lambda': 0.0, 'weighted': 0.0}, 'volatility': {'raw': 0.0003646709374152124, 'lambda': 0.0, 'weighted': 0.0}, 'vol_excess': {'raw': 0.05314531922340393, 'lambda': 0.0, 'weighted': 0.0}, 'weight_path': {'raw': 5.271359668768127e-07, 'lambda': 0.0, 'weighted': 0.0}, 'diversify': {'raw': 0.0815078541636467, 'lambda': 0.0, 'weighted': 0.0}}",0.0003,655,907,cadence,1,cadence_accept,-1.000240445137024e-06,-0.00014520847520542755,252
1,-0.00046410111826844513,-0.006684140767902136,0.0005606348859146237,0.00046410111826844513,0.00046410111826844513,-0.001378153683617711,0.008235427550971508,0.00019276731472928077,0.0,6.419485725928098e-05,0.08463491499423981,0.006884612608700991,0.006684140767902136,0.006684140767902136,0.0036077701952308416,0.0007906201644800603,0.00036373146576806903,0.05275455117225647,5.373709086597955e-07,0.08181170374155045,0.00012145332584623247,0.00012145332584623247,0.00012145332584623247,0.00012145332584623247,0,0,0,"{'mean': {'raw': -0.0005606348859146237, 'lambda': 0.0, 'weighted': 0.0}, 'log_growth': {'raw': -0.00046410111826844513, 'lambda': 1.0, 'weighted': -0.00046410111826844513}, 'cvar': {'raw': 0.001378153683617711, 'lambda': 0.0, 'weighted': 0.0}, 'turnover': {'raw': 0.008235427550971508, 'lambda': 0.0, 'weighted': 0.0}, 'volatility': {'raw': 0.00019276731472928077, 'lambda': 0.0, 'weighted': 0.0}, 'vol_excess': {'raw': 0.0, 'lambda': 0.0, 'weighted': 0.0}, 'weight_path': {'raw': 6.419485725928098e-05, 'lambda': 0.0, 'weighted': 0.0}, 'diversify': {'raw': 0.08463491499423981, 'lambda': 0.0, 'weighted': 0.0}}","{'mean': {'raw': -0.006884612608700991, 'lambda': 0.0, 'weighted': 0.0}, 'log_growth': {'raw': -0.006684140767902136, 'lambda': 1.0, 'weighted': -0.006684140767902136}, 'cvar': {'raw': -0.0036077701952308416, 'lambda': 0.0, 'weighted': 0.0}, 'turnover': {'raw': 0.0007906201644800603, 'lambda': 0.0, 'weighted': 0.0}, 'volatility': {'raw': 0.00036373146576806903, 'lambda': 0.0, 'weighted': 0.0}, 'vol_excess': {'raw': 0.05275455117225647, 'lambda': 0.0, 'weighted': 0.0}, 'weight_path': {'raw': 5.373709086597955e-07, 'lambda': 0.0, 'weighted': 0.0}, 'diversify': {'raw': 0.08181170374155045, 'lambda': 0.0, 'weighted': 0.0}}",0.0003,660,912,cadence,1,cadence_accept,-9.494833648204803e-07,-0.00014205017483143642,252
2,-0.0004628209280781448,-0.006683191284537315,0.0005592719535343349,0.0004628209280781448,0.0004628209280781448,-0.0013773491373285651,0.008929752744734287,0.00019261047418694943,0.0,6.542257324326783e-05,0.08440468460321426,0.006883600261062384,0.006683191284537315,0.006683191284537315,0.003607706865295768,0.0008013807819224894,0.00036361394450068474,0.05270564556121826,5.521109187611728e-07,0.08162388950586319,0.00011448156146798283,0.00011448156146798283,0.00011448156146798283,0.00011448156146798283,0,0,0,"{'mean': {'raw': -0.0005592719535343349, 'lambda': 0.0, 'weighted': 0.0}, 'log_growth': {'raw': -0.0004628209280781448, 'lambda': 1.0, 'weighted': -0.0004628209280781448}, 'cvar': {'raw': 0.0013773491373285651, 'lambda': 0.0, 'weighted': 0.0}, 'turnover': {'raw': 0.008929752744734287, 'lambda': 0.0, 'weighted': 0.0}, 'volatility': {'raw': 0.00019261047418694943, 'lambda': 0.0, 'weighted': 0.0}, 'vol_excess': {'raw': 0.0, 'lambda': 0.0, 'weighted': 0.0}, 'weight_path': {'raw': 6.542257324326783e-05, 'lambda': 0.0, 'weighted': 0.0}, 'diversify': {'raw': 0.08440468460321426, 'lambda': 0.0, 'weighted': 0.0}}","{'mean': {'raw': -0.006883600261062384, 'lambda': 0.0, 'weighted': 0.0}, 'log_growth': {'raw': -0.006683191284537315, 'lambda': 1.0, 'weighted': -0.006683191284537315}, 'cvar': {'raw': -0.003607706865295768, 'lambda': 0.0, 'weighted': 0.0}, 'turnover': {'raw': 0.0008013807819224894, 'lambda': 0.0, 'weighted': 0.0}, 'volatility': {'raw': 0.00036361394450068474, 'lambda': 0.0, 'weighted': 0.0}, 'vol_excess': {'raw': 0.05270564556121826, 'lambda': 0.0, 'weighted': 0.0}, 'weight_path': {'raw': 5.521109187611728e-07, 'lambda': 0.0, 'weighted': 0.0}, 'diversify': {'raw': 0.08162388950586319, 'lambda': 0.0, 'weighted': 0.0}}",0.0003,660,912,cadence,1,cadence_accept,-9.494833648204803e-07,-0.00014205017483143642,252
1,-0.0007092168089002371,-0.005315734073519707,0.0008097751997411251,0.0007092168089002371,0.0007092168089002371,-0.001200790866278112,0.00887322798371315,0.00020069193851668388,0.0,7.637223461642861e-05,0.08433502167463303,0.005493981763720512,0.005315734073519707,0.005315734073519707,0.002499752212315798,0.0007897926261648536,0.0003351476334501058,0.040615200996398926,5.246465093478037e-07,0.08183226734399796,6.712038157274947e-05,6.712038157274947e-05,6.712038157274947e-05,6.712038157274947e-05,0,0,0,"{'mean': {'raw': -0.0008097751997411251, 'lambda': 0.0, 'weighted': 0.0}, 'log_growth': {'raw': -0.0007092168089002371, 'lambda': 1.0, 'weighted': -0.0007092168089002371}, 'cvar': {'raw': 0.001200790866278112, 'lambda': 0.0, 'weighted': 0.0}, 'turnover': {'raw': 0.00887322798371315, 'lambda': 0.0, 'weighted': 0.0}, 'volatility': {'raw': 0.00020069193851668388, 'lambda': 0.0, 'weighted': 0.0}, 'vol_excess': {'raw': 0.0, 'lambda': 0.0, 'weighted': 0.0}, 'weight_path': {'raw': 7.637223461642861e-05, 'lambda': 0.0, 'weighted': 0.0}, 'diversify': {'raw': 0.08433502167463303, 'lambda': 0.0, 'weighted': 0.0}}","{'mean': {'raw': -0.005493981763720512, 'lambda': 0.0, 'weighted': 0.0}, 'log_growth': {'raw': -0.005315734073519707, 'lambda': 1.0, 'weighted': -0.005315734073519707}, 'cvar': {'raw': -0.002499752212315798, 'lambda': 0.0, 'weighted': 0.0}, 'turnover': {'raw': 0.0007897926261648536, 'lambda': 0.0, 'weighted': 0.0}, 'volatility': {'raw': 0.0003351476334501058, 'lambda': 0.0, 'weighted': 0.0}, 'vol_excess': {'raw': 0.040615200996398926, 'lambda': 0.0, 'weighted': 0.0}, 'weight_path': {'raw': 5.246465093478037e-07, 'lambda': 0.0, 'weighted': 0.0}, 'diversify': {'raw': 0.08183226734399796, 'lambda': 0.0, 'weighted': 0.0}}",0.0003,665,917,cadence,1,cadence_accept,-6.281770765781403e-07,-0.00011817315685320432,252
2,-0.0007117771310731769,-0.005315105896443129,0.0008123399456962943,0.0007117771310731769,0.0007117771310731769,-0.0011977961985394359,0.007861065678298473,0.0002007056027650833,0.0,4.957273631589487e-05,0.08485553413629532,0.005493306089192629,0.005315105896443129,0.005315105896443129,0.002499815309420228,0.0007988185971044004,0.00033505490864627063,0.040574997663497925,5.367260200728197e-07,0.08167165517807007,8.412932947976515e-05,8.412932947976515e-05,8.412932947976515e-05,8.412932947976515e-05,0,0,0,"{'mean': {'raw': -0.0008123399456962943, 'lambda': 0.0, 'weighted': 0.0}, 'log_growth': {'raw': -0.0007117771310731769, 'lambda': 1.0, 'weighted': -0.0007117771310731769}, 'cvar': {'raw': 0.0011977961985394359, 'lambda': 0.0, 'weighted': 0.0}, 'turnover': {'raw': 0.007861065678298473, 'lambda': 0.0, 'weighted': 0.0}, 'volatility': {'raw': 0.0002007056027650833, 'lambda': 0.0, 'weighted': 0.0}, 'vol_excess': {'raw': 0.0, 'lambda': 0.0, 'weighted': 0.0}, 'weight_path': {'raw': 4.957273631589487e-05, 'lambda': 0.0, 'weighted': 0.0}, 'diversify': {'raw': 0.08485553413629532, 'lambda': 0.0, 'weighted': 0.0}}","{'mean': {'raw': -0.005493306089192629, 'lambda': 0.0, 'weighted': 0.0}, 'log_growth': {'raw': -0.005315105896443129, 'lambda': 1.0, 'weighted': -0.005315105896443129}, 'cvar': {'raw': -0.002499815309420228, 'lambda': 0.0, 'weighted': 0.0}, 'turnover': {'raw': 0.0007988185971044004, 'lambda': 0.0, 'weighted': 0.0}, 'volatility': {'raw': 0.00033505490864627063, 'lambda': 0.0, 'weighted': 0.0}, 'vol_excess': {'raw': 0.040574997663497925, 'lambda': 0.0, 'weighted': 0.0}, 'weight_path': {'raw': 5.367260200728197e-07, 'lambda': 0.0, 'weighted': 0.0}, 'diversify': {'raw': 0.08167165517807007, 'lambda': 0.0, 'weighted': 0.0}}",0.0003,665,917,cadence,1,cadence_accept,-6.281770765781403e-07,-0.00011817315685320432,252
1,-0.001035323366522789,-0.006022496148943901,0.0011283059138804674,0.001035323366522789,0.001035323366522789,-0.0007128345314413309,0.008732530288398266,0.00018522332538850605,0.0,6.4437925175298e-05,0.08428312838077545,0.006197227165102959,0.006022496148943901,0.006022496148943901,0.0033390612807124853,0.0007702817674726248,0.0003200187347829342,0.03398013114929199,4.967189397575567e-07,0.0819738507270813,7.669931801501662e-05,7.669931801501662e-05,7.669931801501662e-05,7.669931801501662e-05,0,0,0,"{'mean': {'raw': -0.0011283059138804674, 'lambda': 0.0, 'weighted': 0.0}, 'log_growth': {'raw': -0.001035323366522789, 'lambda': 1.0, 'weighted': -0.001035323366522789}, 'cvar': {'raw': 0.0007128345314413309, 'lambda': 0.0, 'weighted': 0.0}, 'turnover': {'raw': 0.008732530288398266, 'lambda': 0.0, 'weighted': 0.0}, 'volatility': {'raw': 0.00018522332538850605, 'lambda': 0.0, 'weighted': 0.0}, 'vol_excess': {'raw': 0.0, 'lambda': 0.0, 'weighted': 0.0}, 'weight_path': {'raw': 6.4437925175298e-05, 'lambda': 0.0, 'weighted': 0.0}, 'diversify': {'raw': 0.08428312838077545, 'lambda': 0.0, 'weighted': 0.0}}","{'mean': {'raw': -0.006197227165102959, 'lambda': 0.0, 'weighted': 0.0}, 'log_growth': {'raw': -0.006022496148943901, 'lambda': 1.0, 'weighted': -0.006022496148943901}, 'cvar': {'raw': -0.0033390612807124853, 'lambda': 0.0, 'weighted': 0.0}, 'turnover': {'raw': 0.0007702817674726248, 'lambda': 0.0, 'weighted': 0.0}, 'volatility': {'raw': 0.0003200187347829342, 'lambda': 0.0, 'weighted': 0.0}, 'vol_excess': {'raw': 0.03398013114929199, 'lambda': 0.0, 'weighted': 0.0}, 'weight_path': {'raw': 4.967189397575567e-07, 'lambda': 0.0, 'weighted': 0.0}, 'diversify': {'raw': 0.0819738507270813, 'lambda': 0.0, 'weighted': 0.0}}",0.0003,670,922,cadence,1,cadence_accept,-5.955807864665985e-07,-9.889268031697226e-05,252
2,-0.0010250674095004797,-0.0060219005681574345,0.0011179731227457523,0.0010250674095004797,0.0010250674095004797,-0.0007224720902740955,0.007426360622048378,0.00018507795175537467,0.0,4.6798410039627925e-05,0.08385975658893585,0.006196592468768358,0.0060219005681574345,0.0060219005681574345,0.0033390175085514784,0.0007776232087053359,0.00031994443270377815,0.0339471697807312,5.062362333774217e-07,0.08184187859296799,0.00013991714513394982,0.00013991714513394982,0.00013991714513394982,0.00013991714513394982,0,0,0,"{'mean': {'raw': -0.0011179731227457523, 'lambda': 0.0, 'weighted': 0.0}, 'log_growth': {'raw': -0.0010250674095004797, 'lambda': 1.0, 'weighted': -0.0010250674095004797}, 'cvar': {'raw': 0.0007224720902740955, 'lambda': 0.0, 'weighted': 0.0}, 'turnover': {'raw': 0.007426360622048378, 'lambda': 0.0, 'weighted': 0.0}, 'volatility': {'raw': 0.00018507795175537467, 'lambda': 0.0, 'weighted': 0.0}, 'vol_excess': {'raw': 0.0, 'lambda': 0.0, 'weighted': 0.0}, 'weight_path': {'raw': 4.6798410039627925e-05, 'lambda': 0.0, 'weighted': 0.0}, 'diversify': {'raw': 0.08385975658893585, 'lambda': 0.0, 'weighted': 0.0}}","{'mean': {'raw': -0.006196592468768358, 'lambda': 0.0, 'weighted': 0.0}, 'log_growth': {'raw': -0.0060219005681574345, 'lambda': 1.0, 'weighted': -0.0060219005681574345}, 'cvar': {'raw': -0.0033390175085514784, 'lambda': 0.0, 'weighted': 0.0}, 'turnover': {'raw': 0.0007776232087053359, 'lambda': 0.0, 'weighted': 0.0}, 'volatility': {'raw': 0.00031994443270377815, 'lambda': 0.0, 'weighted': 0.0}, 'vol_excess': {'raw': 0.0339471697807312, 'lambda': 0.0, 'weighted': 0.0}, 'weight_path': {'raw': 5.062362333774217e-07, 'lambda': 0.0, 'weighted': 0.0}, 'diversify': {'raw': 0.08184187859296799, 'lambda': 0.0, 'weighted': 0.0}}",0.0003,670,922,cadence,1,cadence_accept,-5.955807864665985e-07,-9.889268031697226e-05,252
1,-0.001151995500549674,-0.006335202604532242,0.0012408571783453226,0.001151995500549674,0.001151995500549674,-0.0005201529711484909,0.00706709548830986,0.00017667122301645577,0.0,4.27566010330338e-05,0.08419328927993774,0.006509216967970133,0.006335202604532242,0.006335202604532242,0.0036892234347760677,0.0007694759988225996,0.0003145525115542114,0.031544387340545654,5.134951948093658e-07,0.08196238428354263,0.0001236712996615097,0.0001236712996615097,0.0001236712996615097,0.0001236712996615097,0,0,0,"{'mean': {'raw': -0.0012408571783453226, 'lambda': 0.0, 'weighted': 0.0}, 'log_growth': {'raw': -0.001151995500549674, 'lambda': 1.0, 'weighted': -0.001151995500549674}, 'cvar': {'raw': 0.0005201529711484909, 'lambda': 0.0, 'weighted': 0.0}, 'turnover': {'raw': 0.00706709548830986, 'lambda': 0.0, 'weighted': 0.0}, 'volatility': {'raw': 0.00017667122301645577, 'lambda': 0.0, 'weighted': 0.0}, 'vol_excess': {'raw': 0.0, 'lambda': 0.0, 'weighted': 0.0}, 'weight_path': {'raw': 4.27566010330338e-05, 'lambda': 0.0, 'weighted': 0.0}, 'diversify': {'raw': 0.08419328927993774, 'lambda': 0.0, 'weighted': 0.0}}","{'mean': {'raw': -0.006509216967970133, 'lambda': 0.0, 'weighted': 0.0}, 'log_growth': {'raw': -0.006335202604532242, 'lambda': 1.0, 'weighted': -0.006335202604532242}, 'cvar': {'raw': -0.0036892234347760677, 'lambda': 0.0, 'weighted': 0.0}, 'turnover': {'raw': 0.0007694759988225996, 'lambda': 0.0, 'weighted': 0.0}, 'volatility': {'raw': 0.0003145525115542114, 'lambda': 0.0, 'weighted': 0.0}, 'vol_excess': {'raw': 0.031544387340545654, 'lambda': 0.0, 'weighted': 0.0}, 'weight_path': {'raw': 5.134951948093658e-07, 'lambda': 0.0, 'weighted': 0.0}, 'diversify': {'raw': 0.08196238428354263, 'lambda': 0.0, 'weighted': 0.0}}",0.0003,675,927,cadence,1,cadence_accept,-5.066394805908203e-07,-7.997210383585764e-05,252
2,-0.0011571149807423353,-0.006334695965051651,0.0012460023863241076,0.0011571149807423353,0.0011571149807423353,-0.0005146332550793886,0.00845318753272295,0.00017672432295512408,0.0,5.826359847560525e-05,0.08380065858364105,0.006508678197860718,0.006334695965051651,0.006334695965051651,0.0036891656927764416,0.0007754407706670463,0.00031449226662516594,0.03151741623878479,5.215038072492462e-07,0.08185525238513947,8.060575055424124e-05,8.060575055424124e-05,8.060575055424124e-05,8.060575055424124e-05,0,0,0,"{'mean': {'raw': -0.0012460023863241076, 'lambda': 0.0, 'weighted': 0.0}, 'log_growth': {'raw': -0.0011571149807423353, 'lambda': 1.0, 'weighted': -0.0011571149807423353}, 'cvar': {'raw': 0.0005146332550793886, 'lambda': 0.0, 'weighted': 0.0}, 'turnover': {'raw': 0.00845318753272295, 'lambda': 0.0, 'weighted': 0.0}, 'volatility': {'raw': 0.00017672432295512408, 'lambda': 0.0, 'weighted': 0.0}, 'vol_excess': {'raw': 0.0, 'lambda': 0.0, 'weighted': 0.0}, 'weight_path': {'raw': 5.826359847560525e-05, 'lambda': 0.0, 'weighted': 0.0}, 'diversify': {'raw': 0.08380065858364105, 'lambda': 0.0, 'weighted': 0.0}}","{'mean': {'raw': -0.006508678197860718, 'lambda': 0.0, 'weighted': 0.0}, 'log_growth': {'raw': -0.006334695965051651, 'lambda': 1.0, 'weighted': -0.006334695965051651}, 'cvar': {'raw': -0.0036891656927764416, 'lambda': 0.0, 'weighted': 0.0}, 'turnover': {'raw': 0.0007754407706670463, 'lambda': 0.0, 'weighted': 0.0}, 'volatility': {'raw': 0.00031449226662516594, 'lambda': 0.0, 'weighted': 0.0}, 'vol_excess': {'raw': 0.03151741623878479, 'lambda': 0.0, 'weighted': 0.0}, 'weight_path': {'raw': 5.215038072492462e-07, 'lambda': 0.0, 'weighted': 0.0}, 'diversify': {'raw': 0.08185525238513947, 'lambda': 0.0, 'weighted': 0.0}}",0.0003,675,927,cadence,1,cadence_accept,-5.066394805908203e-07,-7.997210383585764e-05,252
1,-0.0010819617891684175,-0.00693127978593111,0.0011691302061080933,0.0010819617891684175,0.0010819617891684175,-0.0005597666604444385,0.008598393760621548,0.000173424108652398,0.0,6.894536636536941e-05,0.0836971178650856,0.007121487054973841,0.00693127978593111,0.00693127978593111,0.004061999265104532,0.0006944015622138977,0.00033940738649107516,0.04245626926422119,4.2437127945049724e-07,0.08192238956689835,0.00012365345901343971,0.00012365345901343971,0.00012365345901343971,0.00012365345901343971,0,0,0,"{'mean': {'raw': -0.0011691302061080933, 'lambda': 0.0, 'weighted': 0.0}, 'log_growth': {'raw': -0.0010819617891684175, 'lambda': 1.0, 'weighted': -0.0010819617891684175}, 'cvar': {'raw': 0.0005597666604444385, 'lambda': 0.0, 'weighted': 0.0}, 'turnover': {'raw': 0.008598393760621548, 'lambda': 0.0, 'weighted': 0.0}, 'volatility': {'raw': 0.000173424108652398, 'lambda': 0.0, 'weighted': 0.0}, 'vol_excess': {'raw': 0.0, 'lambda': 0.0, 'weighted': 0.0}, 'weight_path': {'raw': 6.894536636536941e-05, 'lambda': 0.0, 'weighted': 0.0}, 'diversify': {'raw': 0.0836971178650856, 'lambda': 0.0, 'weighted': 0.0}}","{'mean': {'raw': -0.007121487054973841, 'lambda': 0.0, 'weighted': 0.0}, 'log_growth': {'raw': -0.00693127978593111, 'lambda': 1.0, 'weighted': -0.00693127978593111}, 'cvar': {'raw': -0.004061999265104532, 'lambda': 0.0, 'weighted': 0.0}, 'turnover': {'raw': 0.0006944015622138977, 'lambda': 0.0, 'weighted': 0.0}, 'volatility': {'raw': 0.00033940738649107516, 'lambda': 0.0, 'weighted': 0.0}, 'vol_excess': {'raw': 0.04245626926422119, 'lambda': 0.0, 'weighted': 0.0}, 'weight_path': {'raw': 4.2437127945049724e-07, 'lambda': 0.0, 'weighted': 0.0}, 'diversify': {'raw': 0.08192238956689835, 'lambda': 0.0, 'weighted': 0.0}}",0.0003,679,931,cadence,1,cadence_accept,-4.353933036327362e-07,-6.281571614720674e-05,252
2,-0.0010844167554751039,-0.006930844392627478,0.0011716305743902922,0.0010844167554751039,0.0010844167554751039,-0.0005577660049311817,0.009053313173353672,0.00017351703718304634,0.0,7.171183824539185e-05,0.08323626965284348,0.007121022790670395,0.006930844392627478,0.006930844392627478,0.004061975050717592,0.0006986944354139268,0.0003393530787434429,0.04243284463882446,4.2965825741703156e-07,0.08183679729700089,9.5989897090476e-05,9.5989897090476e-05,9.5989897090476e-05,9.5989897090476e-05,0,0,0,"{'mean': {'raw': -0.0011716305743902922, 'lambda': 0.0, 'weighted': 0.0}, 'log_growth': {'raw': -0.0010844167554751039, 'lambda': 1.0, 'weighted': -0.0010844167554751039}, 'cvar': {'raw': 0.0005577660049311817, 'lambda': 0.0, 'weighted': 0.0}, 'turnover': {'raw': 0.009053313173353672, 'lambda': 0.0, 'weighted': 0.0}, 'volatility': {'raw': 0.00017351703718304634, 'lambda': 0.0, 'weighted': 0.0}, 'vol_excess': {'raw': 0.0, 'lambda': 0.0, 'weighted': 0.0}, 'weight_path': {'raw': 7.171183824539185e-05, 'lambda': 0.0, 'weighted': 0.0}, 'diversify': {'raw': 0.08323626965284348, 'lambda': 0.0, 'weighted': 0.0}}","{'mean': {'raw': -0.007121022790670395, 'lambda': 0.0, 'weighted': 0.0}, 'log_growth': {'raw': -0.006930844392627478, 'lambda': 1.0, 'weighted': -0.006930844392627478}, 'cvar': {'raw': -0.004061975050717592, 'lambda': 0.0, 'weighted': 0.0}, 'turnover': {'raw': 0.0006986944354139268, 'lambda': 0.0, 'weighted': 0.0}, 'volatility': {'raw': 0.0003393530787434429, 'lambda': 0.0, 'weighted': 0.0}, 'vol_excess': {'raw': 0.04243284463882446, 'lambda': 0.0, 'weighted': 0.0}, 'weight_path': {'raw': 4.2965825741703156e-07, 'lambda': 0.0, 'weighted': 0.0}, 'diversify': {'raw': 0.08183679729700089, 'lambda': 0.0, 'weighted': 0.0}}",0.0003,679,931,cadence,1,cadence_accept,-4.353933036327362e-07,-6.281571614720674e-05,252
1,-0.0010665050940588117,-0.006453954614698887,0.0011509598698467016,0.0010665050940588117,0.0010665050940588117,-0.0005230582319200039,0.009175373241305351,0.00016804329061415046,0.0,8.31645229482092e-05,0.08309071511030197,0.006643498316407204,0.006453954614698887,0.006453954614698887,0.003548444714397192,0.0007466998649761081,0.0003445905458647758,0.04468086361885071,5.107195306663925e-07,0.08188493549823761,9.861610305961221e-05,9.861610305961221e-05,9.861610305961221e-05,9.861610305961221e-05,0,0,0,"{'mean': {'raw': -0.0011509598698467016, 'lambda': 0.0, 'weighted': 0.0}, 'log_growth': {'raw': -0.0010665050940588117, 'lambda': 1.0, 'weighted': -0.0010665050940588117}, 'cvar': {'raw': 0.0005230582319200039, 'lambda': 0.0, 'weighted': 0.0}, 'turnover': {'raw': 0.009175373241305351, 'lambda': 0.0, 'weighted': 0.0}, 'volatility': {'raw': 0.00016804329061415046, 'lambda': 0.0, 'weighted': 0.0}, 'vol_excess': {'raw': 0.0, 'lambda': 0.0, 'weighted': 0.0}, 'weight_path': {'raw': 8.31645229482092e-05, 'lambda': 0.0, 'weighted': 0.0}, 'diversify': {'raw': 0.08309071511030197, 'lambda': 0.0, 'weighted': 0.0}}","{'mean': {'raw': -0.006643498316407204, 'lambda': 0.0, 'weighted': 0.0}, 'log_growth': {'raw': -0.006453954614698887, 'lambda': 1.0, 'weighted': -0.006453954614698887}, 'cvar': {'raw': -0.003548444714397192, 'lambda': 0.0, 'weighted': 0.0}, 'turnover': {'raw': 0.0007466998649761081, 'lambda': 0.0, 'weighted': 0.0}, 'volatility': {'raw': 0.0003445905458647758, 'lambda': 0.0, 'weighted': 0.0}, 'vol_excess': {'raw': 0.04468086361885071, 'lambda': 0.0, 'weighted': 0.0}, 'weight_path': {'raw': 5.107195306663925e-07, 'lambda': 0.0, 'weighted': 0.0}, 'diversify': {'raw': 0.08188493549823761, 'lambda': 0.0, 'weighted': 0.0}}",0.0003,684,936,cadence,1,cadence_accept,-3.67872416973114e-07,-5.699953576963258e-05,252
2,-0.0010630158940330148,-0.006453586742281914,0.001147338654845953,0.0010630158940330148,0.0010630158940330148,-0.0005246259388513863,0.00904408935457468,0.00016777678683865815,0.0,7.155684579629451e-05,0.08327744901180267,0.00664310809224844,0.006453586742281914,0.006453586742281914,0.0035483979154378176,0.0007504524546675384,0.0003445476177148521,0.04466250538825989,5.158931912774278e-07,0.0818164050579071,0.00011102503776783124,0.00011102503776783124,0.00011102503776783124,0.00011102503776783124,0,0,0,"{'mean': {'raw': -0.001147338654845953, 'lambda': 0.0, 'weighted': 0.0}, 'log_growth': {'raw': -0.0010630158940330148, 'lambda': 1.0, 'weighted': -0.0010630158940330148}, 'cvar': {'raw': 0.0005246259388513863, 'lambda': 0.0, 'weighted': 0.0}, 'turnover': {'raw': 0.00904408935457468, 'lambda': 0.0, 'weighted': 0.0}, 'volatility': {'raw': 0.00016777678683865815, 'lambda': 0.0, 'weighted': 0.0}, 'vol_excess': {'raw': 0.0, 'lambda': 0.0, 'weighted': 0.0}, 'weight_path': {'raw': 7.155684579629451e-05, 'lambda': 0.0, 'weighted': 0.0}, 'diversify': {'raw': 0.08327744901180267, 'lambda': 0.0, 'weighted': 0.0}}","{'mean': {'raw': -0.00664310809224844, 'lambda': 0.0, 'weighted': 0.0}, 'log_growth': {'raw': -0.006453586742281914, 'lambda': 1.0, 'weighted': -0.006453586742281914}, 'cvar': {'raw': -0.0035483979154378176, 'lambda': 0.0, 'weighted': 0.0}, 'turnover': {'raw': 0.0007504524546675384, 'lambda': 0.0, 'weighted': 0.0}, 'volatility': {'raw': 0.0003445476177148521, 'lambda': 0.0, 'weighted': 0.0}, 'vol_excess': {'raw': 0.04466250538825989, 'lambda': 0.0, 'weighted': 0.0}, 'weight_path': {'raw': 5.158931912774278e-07, 'lambda': 0.0, 'weighted': 0.0}, 'diversify': {'raw': 0.0818164050579071, 'lambda': 0.0, 'weighted': 0.0}}",0.0003,684,936,cadence,1,cadence_accept,-3.67872416973114e-07,-5.699953576963258e-05,252
1,-0.0011068813037127256,-0.004963621962815523,0.0011972887441515923,0.0011068813037127256,0.0011068813037127256,-0.0005685179494321346,0.00912981666624546,0.00018033653032034636,0.0,7.141493551898748e-05,0.08329406380653381,0.005134583916515112,0.004963621962815523,0.004963621962815523,0.0021849283948540688,0.0007484522648155689,0.00032291054958477616,0.03526034951210022,5.041297299612779e-07,0.08213817328214645,0.00013317086268216372,0.00013317086268216372,0.00013317086268216372,0.00013317086268216372,0,0,0,"{'mean': {'raw': -0.0011972887441515923, 'lambda': 0.0, 'weighted': 0.0}, 'log_growth': {'raw': -0.0011068813037127256, 'lambda': 1.0, 'weighted': -0.0011068813037127256}, 'cvar': {'raw': 0.0005685179494321346, 'lambda': 0.0, 'weighted': 0.0}, 'turnover': {'raw': 0.00912981666624546, 'lambda': 0.0, 'weighted': 0.0}, 'volatility': {'raw': 0.00018033653032034636, 'lambda': 0.0, 'weighted': 0.0}, 'vol_excess': {'raw': 0.0, 'lambda': 0.0, 'weighted': 0.0}, 'weight_path': {'raw': 7.141493551898748e-05, 'lambda': 0.0, 'weighted': 0.0}, 'diversify': {'raw': 0.08329406380653381, 'lambda': 0.0, 'weighted': 0.0}}","{'mean': {'raw': -0.005134583916515112, 'lambda': 0.0, 'weighted': 0.0}, 'log_growth': {'raw': -0.004963621962815523, 'lambda': 1.0, 'weighted': -0.004963621962815523}, 'cvar': {'raw': -0.0021849283948540688, 'lambda': 0.0, 'weighted': 0.0}, 'turnover': {'raw': 0.0007484522648155689, 'lambda': 0.0, 'weighted': 0.0}, 'volatility': {'raw': 0.00032291054958477616, 'lambda': 0.0, 'weighted': 0.0}, 'vol_excess': {'raw': 0.03526034951210022, 'lambda': 0.0, 'weighted': 0.0}, 'weight_path': {'raw': 5.041297299612779e-07, 'lambda': 0.0, 'weighted': 0.0}, 'diversify': {'raw': 0.08213817328214645, 'lambda': 0.0, 'weighted': 0.0}}",0.0003,689,941,cadence,1,cadence_accept,-2.0721927285194397e-07,-4.174759366498069e-05,252
2,-0.0011077013332396746,-0.004963414743542671,0.001198096084408462,0.0011077013332396746,0.0011077013332396746,-0.000567834940738976,0.009003685787320137,0.00018030167848337442,0.0,7.603768608532846e-05,0.08309226483106613,0.005134361796081066,0.004963414743542671,0.004963414743542671,0.002184936311095953,0.0007511967560276389,0.0003228824061807245,0.03524789214134216,5.078297817817656e-07,0.08208966255187988,0.00012177989265182987,0.00012177989265182987,0.00012177989265182987,0.00012177989265182987,0,0,0,"{'mean': {'raw': -0.001198096084408462, 'lambda': 0.0, 'weighted': 0.0}, 'log_growth': {'raw': -0.0011077013332396746, 'lambda': 1.0, 'weighted': -0.0011077013332396746}, 'cvar': {'raw': 0.000567834940738976, 'lambda': 0.0, 'weighted': 0.0}, 'turnover': {'raw': 0.009003685787320137, 'lambda': 0.0, 'weighted': 0.0}, 'volatility': {'raw': 0.00018030167848337442, 'lambda': 0.0, 'weighted': 0.0}, 'vol_excess': {'raw': 0.0, 'lambda': 0.0, 'weighted': 0.0}, 'weight_path': {'raw': 7.603768608532846e-05, 'lambda': 0.0, 'weighted': 0.0}, 'diversify': {'raw': 0.08309226483106613, 'lambda': 0.0, 'weighted': 0.0}}","{'mean': {'raw': -0.005134361796081066, 'lambda': 0.0, 'weighted': 0.0}, 'log_growth': {'raw': -0.004963414743542671, 'lambda': 1.0, 'weighted': -0.004963414743542671}, 'cvar': {'raw': -0.002184936311095953, 'lambda': 0.0, 'weighted': 0.0}, 'turnover': {'raw': 0.0007511967560276389, 'lambda': 0.0, 'weighted': 0.0}, 'volatility': {'raw': 0.0003228824061807245, 'lambda': 0.0, 'weighted': 0.0}, 'vol_excess': {'raw': 0.03524789214134216, 'lambda': 0.0, 'weighted': 0.0}, 'weight_path': {'raw': 5.078297817817656e-07, 'lambda': 0.0, 'weighted': 0.0}, 'diversify': {'raw': 0.08208966255187988, 'lambda': 0.0, 'weighted': 0.0}}",0.0003,689,941,cadence,1,cadence_accept,-2.0721927285194397e-07,-4.174759366498069e-05,252
1,-0.0010949058923870325,-0.004620308056473732,0.001185674569569528,0.0010949058923870325,0.0010949058923870325,-0.0005873859627172351,0.008998076431453228,0.00018108764197677374,0.0,7.381485193036497e-05,0.08297967165708542,0.004842002876102924,0.004620308056473732,0.004620308056473732,0.0010114513570442796,0.0008023583795875311,0.00043079181341454387,0.0794837474822998,5.733165835408727e-07,0.08252215385437012,7.151093450374901e-05,7.151093450374901e-05,7.151093450374901e-05,7.151093450374901e-05,0,0,0,"{'mean': {'raw': -0.001185674569569528, 'lambda': 0.0, 'weighted': 0.0}, 'log_growth': {'raw': -0.0010949058923870325, 'lambda': 1.0, 'weighted': -0.0010949058923870325}, 'cvar': {'raw': 0.0005873859627172351, 'lambda': 0.0, 'weighted': 0.0}, 'turnover': {'raw': 0.008998076431453228, 'lambda': 0.0, 'weighted': 0.0}, 'volatility': {'raw': 0.00018108764197677374, 'lambda': 0.0, 'weighted': 0.0}, 'vol_excess': {'raw': 0.0, 'lambda': 0.0, 'weighted': 0.0}, 'weight_path': {'raw': 7.381485193036497e-05, 'lambda': 0.0, 'weighted': 0.0}, 'diversify': {'raw': 0.08297967165708542, 'lambda': 0.0, 'weighted': 0.0}}","{'mean': {'raw': -0.004842002876102924, 'lambda': 0.0, 'weighted': 0.0}, 'log_growth': {'raw': -0.004620308056473732, 'lambda': 1.0, 'weighted': -0.004620308056473732}, 'cvar': {'raw': -0.0010114513570442796, 'lambda': 0.0, 'weighted': 0.0}, 'turnover': {'raw': 0.0008023583795875311, 'lambda': 0.0, 'weighted': 0.0}, 'volatility': {'raw': 0.00043079181341454387, 'lambda': 0.0, 'weighted': 0.0}, 'vol_excess': {'raw': 0.0794837474822998, 'lambda': 0.0, 'weighted': 0.0}, 'weight_path': {'raw': 5.733165835408727e-07, 'lambda': 0.0, 'weighted': 0.0}, 'diversify': {'raw': 0.08252215385437012, 'lambda': 0.0, 'weighted': 0.0}}",0.0003,694,946,cadence,1,cadence_accept,-1.9371509552001953e-07,-4.192687870815654e-05,252
2,-0.0010912063298746943,-0.004620114341378212,0.001181840430945158,0.0010912063298746943,0.0010912063298746943,-0.0005892469780519605,0.008737718686461449,0.00018081431335303932,0.0,6.876358384033665e-05,0.0827697217464447,0.004841793794184923,0.004620114341378212,0.004620114341378212,0.0010114808101207018,0.0008047872106544673,0.00043076189467683434,0.07947230339050293,5.768148412244045e-07,0.08248206228017807,0.00010348341311328113,0.00010348341311328113,0.00010348341311328113,0.00010348341311328113,0,0,0,"{'mean': {'raw': -0.001181840430945158, 'lambda': 0.0, 'weighted': 0.0}, 'log_growth': {'raw': -0.0010912063298746943, 'lambda': 1.0, 'weighted': -0.0010912063298746943}, 'cvar': {'raw': 0.0005892469780519605, 'lambda': 0.0, 'weighted': 0.0}, 'turnover': {'raw': 0.008737718686461449, 'lambda': 0.0, 'weighted': 0.0}, 'volatility': {'raw': 0.00018081431335303932, 'lambda': 0.0, 'weighted': 0.0}, 'vol_excess': {'raw': 0.0, 'lambda': 0.0, 'weighted': 0.0}, 'weight_path': {'raw': 6.876358384033665e-05, 'lambda': 0.0, 'weighted': 0.0}, 'diversify': {'raw': 0.0827697217464447, 'lambda': 0.0, 'weighted': 0.0}}","{'mean': {'raw': -0.004841793794184923, 'lambda': 0.0, 'weighted': 0.0}, 'log_growth': {'raw': -0.004620114341378212, 'lambda': 1.0, 'weighted': -0.004620114341378212}, 'cvar': {'raw': -0.0010114808101207018, 'lambda': 0.0, 'weighted': 0.0}, 'turnover': {'raw': 0.0008047872106544673, 'lambda': 0.0, 'weighted': 0.0}, 'volatility': {'raw': 0.00043076189467683434, 'lambda': 0.0, 'weighted': 0.0}, 'vol_excess': {'raw': 0.07947230339050293, 'lambda': 0.0, 'weighted': 0.0}, 'weight_path': {'raw': 5.768148412244045e-07, 'lambda': 0.0, 'weighted': 0.0}, 'diversify': {'raw': 0.08248206228017807, 'lambda': 0.0, 'weighted': 0.0}}",0.0003,694,946,cadence,1,cadence_accept,-1.9371509552001953e-07,-4.192687870815654e-05,252
1,-0.0018617514288052917,-0.003906245343387127,0.0019725256133824587,0.0018617514288052917,0.0018617514288052917,-0.00011485439608804882,0.008711431175470352,0.0002201930619776249,0.0,6.596072489628568e-05,0.08316870778799057,0.004063568543642759,0.003906245343387127,0.003906245343387127,0.0012970614479854703,0.0007693460793234408,0.0003044618933927268,0.026991695165634155,4.750083348881162e-07,0.08297696709632874,0.0002563226444181055,0.0002563226444181055,0.0002563226444181055,0.0002563226444181055,0,0,0,"{'mean': {'raw': -0.0019725256133824587, 'lambda': 0.0, 'weighted': 0.0}, 'log_growth': {'raw': -0.0018617514288052917, 'lambda': 1.0, 'weighted': -0.0018617514288052917}, 'cvar': {'raw': 0.00011485439608804882, 'lambda': 0.0, 'weighted': 0.0}, 'turnover': {'raw': 0.008711431175470352, 'lambda': 0.0, 'weighted': 0.0}, 'volatility': {'raw': 0.0002201930619776249, 'lambda': 0.0, 'weighted': 0.0}, 'vol_excess': {'raw': 0.0, 'lambda': 0.0, 'weighted': 0.0}, 'weight_path': {'raw': 6.596072489628568e-05, 'lambda': 0.0, 'weighted': 0.0}, 'diversify': {'raw': 0.08316870778799057, 'lambda': 0.0, 'weighted': 0.0}}","{'mean': {'raw': -0.004063568543642759, 'lambda': 0.0, 'weighted': 0.0}, 'log_growth': {'raw': -0.003906245343387127, 'lambda': 1.0, 'weighted': -0.003906245343387127}, 'cvar': {'raw': -0.0012970614479854703, 'lambda': 0.0, 'weighted': 0.0}, 'turnover': {'raw': 0.0007693460793234408, 'lambda': 0.0, 'weighted': 0.0}, 'volatility': {'raw': 0.0003044618933927268, 'lambda': 0.0, 'weighted': 0.0}, 'vol_excess': {'raw': 0.026991695165634155, 'lambda': 0.0, 'weighted': 0.0}, 'weight_path': {'raw': 4.750083348881162e-07, 'lambda': 0.0, 'weighted': 0.0}, 'diversify': {'raw': 0.08297696709632874, 'lambda': 0.0, 'weighted': 0.0}}",0.0003,699,951,cadence,1,cadence_accept,-3.026798367500305e-09,-7.74861305588371e-07,252
2,-0.0018604255747050047,-0.0039062423165887594,0.0019711528439074755,0.0018604255747050047,0.0018604255747050047,-0.00011555640958249569,0.008803971111774445,0.0002201013412559405,0.0,6.918315921211615e-05,0.08288434147834778,0.0040635657496750355,0.0039062423165887594,0.0039062423165887594,0.0012970608659088612,0.0007692812359891832,0.00030446163145825267,0.026991575956344604,4.74909597869555e-07,0.08297670632600784,0.00027617541491054,0.00027617541491054,0.00027617541491054,0.00027617541491054,0,0,0,"{'mean': {'raw': -0.0019711528439074755, 'lambda': 0.0, 'weighted': 0.0}, 'log_growth': {'raw': -0.0018604255747050047, 'lambda': 1.0, 'weighted': -0.0018604255747050047}, 'cvar': {'raw': 0.00011555640958249569, 'lambda': 0.0, 'weighted': 0.0}, 'turnover': {'raw': 0.008803971111774445, 'lambda': 0.0, 'weighted': 0.0}, 'volatility': {'raw': 0.0002201013412559405, 'lambda': 0.0, 'weighted': 0.0}, 'vol_excess': {'raw': 0.0, 'lambda': 0.0, 'weighted': 0.0}, 'weight_path': {'raw': 6.918315921211615e-05, 'lambda': 0.0, 'weighted': 0.0}, 'diversify': {'raw': 0.08288434147834778, 'lambda': 0.0, 'weighted': 0.0}}","{'mean': {'raw': -0.0040635657496750355, 'lambda': 0.0, 'weighted': 0.0}, 'log_growth': {'raw': -0.0039062423165887594, 'lambda': 1.0, 'weighted': -0.0039062423165887594}, 'cvar': {'raw': -0.0012970608659088612, 'lambda': 0.0, 'weighted': 0.0}, 'turnover': {'raw': 0.0007692812359891832, 'lambda': 0.0, 'weighted': 0.0}, 'volatility': {'raw': 0.00030446163145825267, 'lambda': 0.0, 'weighted': 0.0}, 'vol_excess': {'raw': 0.026991575956344604, 'lambda': 0.0, 'weighted': 0.0}, 'weight_path': {'raw': 4.74909597869555e-07, 'lambda': 0.0, 'weighted': 0.0}, 'diversify': {'raw': 0.08297670632600784, 'lambda': 0.0, 'weighted': 0.0}}",0.0003,699,951,cadence,1,cadence_accept,-3.026798367500305e-09,-7.74861305588371e-07,252
1,-0.0020411028526723385,-0.003271842608228326,0.00215049902908504,0.0020411028526723385,0.0020411028526723385,0.00010122839012183249,0.008750338107347488,0.00021682455553673208,0.0,6.438619311666116e-05,0.08275876194238663,0.0034290540497750044,0.003271842608228326,0.003271842608228326,0.0006317738443613052,0.0007639297982677817,0.0003088094526901841,0.028962314128875732,4.6494776029248897e-07,0.08312913775444031,0.00033048822660930455,0.00033048822660930455,0.00033048822660930455,0.00033048822660930455,0,0,0,"{'mean': {'raw': -0.00215049902908504, 'lambda': 0.0, 'weighted': 0.0}, 'log_growth': {'raw': -0.0020411028526723385, 'lambda': 1.0, 'weighted': -0.0020411028526723385}, 'cvar': {'raw': -0.00010122839012183249, 'lambda': 0.0, 'weighted': 0.0}, 'turnover': {'raw': 0.008750338107347488, 'lambda': 0.0, 'weighted': 0.0}, 'volatility': {'raw': 0.00021682455553673208, 'lambda': 0.0, 'weighted': 0.0}, 'vol_excess': {'raw': 0.0, 'lambda': 0.0, 'weighted': 0.0}, 'weight_path': {'raw': 6.438619311666116e-05, 'lambda': 0.0, 'weighted': 0.0}, 'diversify': {'raw': 0.08275876194238663, 'lambda': 0.0, 'weighted': 0.0}}","{'mean': {'raw': -0.0034290540497750044, 'lambda': 0.0, 'weighted': 0.0}, 'log_growth': {'raw': -0.003271842608228326, 'lambda': 1.0, 'weighted': -0.003271842608228326}, 'cvar': {'raw': -0.0006317738443613052, 'lambda': 0.0, 'weighted': 0.0}, 'turnover': {'raw': 0.0007639297982677817, 'lambda': 0.0, 'weighted': 0.0}, 'volatility': {'raw': 0.0003088094526901841, 'lambda': 0.0, 'weighted': 0.0}, 'vol_excess': {'raw': 0.028962314128875732, 'lambda': 0.0, 'weighted': 0.0}, 'weight_path': {'raw': 4.6494776029248897e-07, 'lambda': 0.0, 'weighted': 0.0}, 'diversify': {'raw': 0.08312913775444031, 'lambda': 0.0, 'weighted': 0.0}}",0.0003,704,956,cadence,1,cadence_accept,1.2223608791828156e-07,3.736001468209723e-05,252
2,-0.0020394830498844385,-0.003271964844316244,0.002149036852642894,0.0020394830498844385,0.0020394830498844385,9.683310054242611e-05,0.009120588190853596,0.00021715484035667032,0.0,8.01498899818398e-05,0.08285678178071976,0.0034291862975806,0.003271964844316244,0.003271964844316244,0.0006317440420389175,0.0007611590554006398,0.0003088287194259465,0.028971046209335327,4.6158768896020774e-07,0.08317217230796814,0.0003440396685618907,0.0003440396685618907,0.0003440396685618907,0.0003440396685618907,0,0,0,"{'mean': {'raw': -0.002149036852642894, 'lambda': 0.0, 'weighted': 0.0}, 'log_growth': {'raw': -0.0020394830498844385, 'lambda': 1.0, 'weighted': -0.0020394830498844385}, 'cvar': {'raw': -9.683310054242611e-05, 'lambda': 0.0, 'weighted': 0.0}, 'turnover': {'raw': 0.009120588190853596, 'lambda': 0.0, 'weighted': 0.0}, 'volatility': {'raw': 0.00021715484035667032, 'lambda': 0.0, 'weighted': 0.0}, 'vol_excess': {'raw': 0.0, 'lambda': 0.0, 'weighted': 0.0}, 'weight_path': {'raw': 8.01498899818398e-05, 'lambda': 0.0, 'weighted': 0.0}, 'diversify': {'raw': 0.08285678178071976, 'lambda': 0.0, 'weighted': 0.0}}","{'mean': {'raw': -0.0034291862975806, 'lambda': 0.0, 'weighted': 0.0}, 'log_growth': {'raw': -0.003271964844316244, 'lambda': 1.0, 'weighted': -0.003271964844316244}, 'cvar': {'raw': -0.0006317440420389175, 'lambda': 0.0, 'weighted': 0.0}, 'turnover': {'raw': 0.0007611590554006398, 'lambda': 0.0, 'weighted': 0.0}, 'volatility': {'raw': 0.0003088287194259465, 'lambda': 0.0, 'weighted': 0.0}, 'vol_excess': {'raw': 0.028971046209335327, 'lambda': 0.0, 'weighted': 0.0}, 'weight_path': {'raw': 4.6158768896020774e-07, 'lambda': 0.0, 'weighted': 0.0}, 'diversify': {'raw': 0.08317217230796814, 'lambda': 0.0, 'weighted': 0.0}}",0.0003,704,956,cadence,1,cadence_accept,1.2223608791828156e-07,3.736001468209723e-05,252
1,-0.002105163875967264,-0.004166036378592253,0.002215045038610697,0.002105163875967264,0.002105163875967264,0.00015619542682543397,0.008569443598389626,0.00021750773885287344,0.0,5.806018816656433e-05,0.0825616791844368,0.004351641517132521,0.004166036378592253,0.004166036378592253,0.0011451018508523703,0.0008139593410305679,0.00036099078715778887,0.05161181092262268,5.146339390194044e-07,0.08316783607006073,0.00038309500087052584,0.00038309500087052584,0.00038309500087052584,0.00038309500087052584,0,0,0,"{'mean': {'raw': -0.002215045038610697, 'lambda': 0.0, 'weighted': 0.0}, 'log_growth': {'raw': -0.002105163875967264, 'lambda': 1.0, 'weighted': -0.002105163875967264}, 'cvar': {'raw': -0.00015619542682543397, 'lambda': 0.0, 'weighted': 0.0}, 'turnover': {'raw': 0.008569443598389626, 'lambda': 0.0, 'weighted': 0.0}, 'volatility': {'raw': 0.00021750773885287344, 'lambda': 0.0, 'weighted': 0.0}, 'vol_excess': {'raw': 0.0, 'lambda': 0.0, 'weighted': 0.0}, 'weight_path': {'raw': 5.806018816656433e-05, 'lambda': 0.0, 'weighted': 0.0}, 'diversify': {'raw': 0.0825616791844368, 'lambda': 0.0, 'weighted': 0.0}}","{'mean': {'raw': -0.004351641517132521, 'lambda': 0.0, 'weighted': 0.0}, 'log_growth': {'raw': -0.004166036378592253, 'lambda': 1.0, 'weighted': -0.004166036378592253}, 'cvar': {'raw': -0.0011451018508523703, 'lambda': 0.0, 'weighted': 0.0}, 'turnover': {'raw': 0.0008139593410305679, 'lambda': 0.0, 'weighted': 0.0}, 'volatility': {'raw': 0.00036099078715778887, 'lambda': 0.0, 'weighted': 0.0}, 'vol_excess': {'raw': 0.05161181092262268, 'lambda': 0.0, 'weighted': 0.0}, 'weight_path': {'raw': 5.146339390194044e-07, 'lambda': 0.0, 'weighted': 0.0}, 'diversify': {'raw': 0.08316783607006073, 'lambda': 0.0, 'weighted': 0.0}}",0.0003,709,961,cadence,1,cadence_accept,2.5564804673194885e-07,6.136481380341911e-05,252
2,-0.0021173267159610987,-0.004166292026638985,0.0022271883208304644,0.0021173267159610987,0.0021173267159610987,0.00017064838903024793,0.010090156458318233,0.00021744331752415746,0.0,8.5542953456752e-05,0.0826307088136673,0.004351918585598469,0.004166292026638985,0.004166292026638985,0.0011450473684817553,0.000808984856121242,0.0003610321437008679,0.051629066467285156,5.08344612626388e-07,0.08324169367551804,0.0002559571003075689,0.0002559571003075689,0.0002559571003075689,0.0002559571003075689,0,0,0,"{'mean': {'raw': -0.0022271883208304644, 'lambda': 0.0, 'weighted': 0.0}, 'log_growth': {'raw': -0.0021173267159610987, 'lambda': 1.0, 'weighted': -0.0021173267159610987}, 'cvar': {'raw': -0.00017064838903024793, 'lambda': 0.0, 'weighted': 0.0}, 'turnover': {'raw': 0.010090156458318233, 'lambda': 0.0, 'weighted': 0.0}, 'volatility': {'raw': 0.00021744331752415746, 'lambda': 0.0, 'weighted': 0.0}, 'vol_excess': {'raw': 0.0, 'lambda': 0.0, 'weighted': 0.0}, 'weight_path': {'raw': 8.5542953456752e-05, 'lambda': 0.0, 'weighted': 0.0}, 'diversify': {'raw': 0.0826307088136673, 'lambda': 0.0, 'weighted': 0.0}}","{'mean': {'raw': -0.004351918585598469, 'lambda': 0.0, 'weighted': 0.0}, 'log_growth': {'raw': -0.004166292026638985, 'lambda': 1.0, 'weighted': -0.004166292026638985}, 'cvar': {'raw': -0.0011450473684817553, 'lambda': 0.0, 'weighted': 0.0}, 'turnover': {'raw': 0.000808984856121242, 'lambda': 0.0, 'weighted': 0.0}, 'volatility': {'raw': 0.0003610321437008679, 'lambda': 0.0, 'weighted': 0.0}, 'vol_excess': {'raw': 0.051629066467285156, 'lambda': 0.0, 'weighted': 0.0}, 'weight_path': {'raw': 5.08344612626388e-07, 'lambda': 0.0, 'weighted': 0.0}, 'diversify': {'raw': 0.08324169367551804, 'lambda': 0.0, 'weighted': 0.0}}",0.0003,709,961,cadence,1,cadence_accept,2.5564804673194885e-07,6.136481380341911e-05,252
1,-0.0021080775186419487,-0.004197056405246258,0.0022169158328324556,0.0021080775186419487,0.0021080775186419487,0.00017754838336259127,0.008884892798960209,0.00021538602595683187,0.0,6.760386168025434e-05,0.0823274627327919,0.00437524076551199,0.004197056405246258,0.004197056405246258,0.0013113421155139804,0.0008327463292516768,0.00034575065365061164,0.04517650604248047,5.25174016274832e-07,0.08320021629333496,0.00038986935396678746,0.00038986935396678746,0.00038986935396678746,0.00038986935396678746,0,0,0,"{'mean': {'raw': -0.0022169158328324556, 'lambda': 0.0, 'weighted': 0.0}, 'log_growth': {'raw': -0.0021080775186419487, 'lambda': 1.0, 'weighted': -0.0021080775186419487}, 'cvar': {'raw': -0.00017754838336259127, 'lambda': 0.0, 'weighted': 0.0}, 'turnover': {'raw': 0.008884892798960209, 'lambda': 0.0, 'weighted': 0.0}, 'volatility': {'raw': 0.00021538602595683187, 'lambda': 0.0, 'weighted': 0.0}, 'vol_excess': {'raw': 0.0, 'lambda': 0.0, 'weighted': 0.0}, 'weight_path': {'raw': 6.760386168025434e-05, 'lambda': 0.0, 'weighted': 0.0}, 'diversify': {'raw': 0.0823274627327919, 'lambda': 0.0, 'weighted': 0.0}}","{'mean': {'raw': -0.00437524076551199, 'lambda': 0.0, 'weighted': 0.0}, 'log_growth': {'raw': -0.004197056405246258, 'lambda': 1.0, 'weighted': -0.004197056405246258}, 'cvar': {'raw': -0.0013113421155139804, 'lambda': 0.0, 'weighted': 0.0}, 'turnover': {'raw': 0.0008327463292516768, 'lambda': 0.0, 'weighted': 0.0}, 'volatility': {'raw': 0.00034575065365061164, 'lambda': 0.0, 'weighted': 0.0}, 'vol_excess': {'raw': 0.04517650604248047, 'lambda': 0.0, 'weighted': 0.0}, 'weight_path': {'raw': 5.25174016274832e-07, 'lambda': 0.0, 'weighted': 0.0}, 'diversify': {'raw': 0.08320021629333496, 'lambda': 0.0, 'weighted': 0.0}}",0.0003,714,966,cadence,1,cadence_accept,3.9581209421157837e-07,9.430707045597768e-05,252
2,-0.0021052786614745855,-0.004197452217340469,0.0022137810010463,0.0021052786614745855,0.0021052786614745855,0.0001800985191948712,0.010051584802567959,0.00021470394858624786,0.0,8.317713945871219e-05,0.08223597705364227,0.004375668242573738,0.004197452217340469,0.004197452217340469,0.0013112727319821715,0.0008248545927926898,0.00034581273212097585,0.04520297050476074,5.152167545929842e-07,0.08331622928380966,0.00043017545249313116,0.00043017545249313116,0.00043017545249313116,0.00043017545249313116,0,0,0,"{'mean': {'raw': -0.0022137810010463, 'lambda': 0.0, 'weighted': 0.0}, 'log_growth': {'raw': -0.0021052786614745855, 'lambda': 1.0, 'weighted': -0.0021052786614745855}, 'cvar': {'raw': -0.0001800985191948712, 'lambda': 0.0, 'weighted': 0.0}, 'turnover': {'raw': 0.010051584802567959, 'lambda': 0.0, 'weighted': 0.0}, 'volatility': {'raw': 0.00021470394858624786, 'lambda': 0.0, 'weighted': 0.0}, 'vol_excess': {'raw': 0.0, 'lambda': 0.0, 'weighted': 0.0}, 'weight_path': {'raw': 8.317713945871219e-05, 'lambda': 0.0, 'weighted': 0.0}, 'diversify': {'raw': 0.08223597705364227, 'lambda': 0.0, 'weighted': 0.0}}","{'mean': {'raw': -0.004375668242573738, 'lambda': 0.0, 'weighted': 0.0}, 'log_growth': {'raw': -0.004197452217340469, 'lambda': 1.0, 'weighted': -0.004197452217340469}, 'cvar': {'raw': -0.0013112727319821715, 'lambda': 0.0, 'weighted': 0.0}, 'turnover': {'raw': 0.0008248545927926898, 'lambda': 0.0, 'weighted': 0.0}, 'volatility': {'raw': 0.00034581273212097585, 'lambda': 0.0, 'weighted': 0.0}, 'vol_excess': {'raw': 0.04520297050476074, 'lambda': 0.0, 'weighted': 0.0}, 'weight_path': {'raw': 5.152167545929842e-07, 'lambda': 0.0, 'weighted': 0.0}, 'diversify': {'raw': 0.08331622928380966, 'lambda': 0.0, 'weighted': 0.0}}",0.0003,714,966,cadence,1,cadence_accept,3.9581209421157837e-07,9.430707045597768e-05,252
1,-0.002137374132871628,-0.004408962558954954,0.002245308132842183,0.002137374132871628,0.002137374132871628,0.00022702920250594616,0.008489193394780159,0.00021347861911635846,0.0,5.902530756429769e-05,0.08329898864030838,0.004584816750138998,0.004408962558954954,0.004408962558954954,0.0015818745596334338,0.0008281765040010214,0.00033926116884686053,0.042393267154693604,5.191852210373327e-07,0.0830407589673996,0.00031176244374364614,0.00031176244374364614,0.00031176244374364614,0.00031176244374364614,0,0,0,"{'mean': {'raw': -0.002245308132842183, 'lambda': 0.0, 'weighted': 0.0}, 'log_growth': {'raw': -0.002137374132871628, 'lambda': 1.0, 'weighted': -0.002137374132871628}, 'cvar': {'raw': -0.00022702920250594616, 'lambda': 0.0, 'weighted': 0.0}, 'turnover': {'raw': 0.008489193394780159, 'lambda': 0.0, 'weighted': 0.0}, 'volatility': {'raw': 0.00021347861911635846, 'lambda': 0.0, 'weighted': 0.0}, 'vol_excess': {'raw': 0.0, 'lambda': 0.0, 'weighted': 0.0}, 'weight_path': {'raw': 5.902530756429769e-05, 'lambda': 0.0, 'weighted': 0.0}, 'diversify': {'raw': 0.08329898864030838, 'lambda': 0.0, 'weighted': 0.0}}","{'mean': {'raw': -0.004584816750138998, 'lambda': 0.0, 'weighted': 0.0}, 'log_growth': {'raw': -0.004408962558954954, 'lambda': 1.0, 'weighted': -0.004408962558954954}, 'cvar': {'raw': -0.0015818745596334338, 'lambda': 0.0, 'weighted': 0.0}, 'turnover': {'raw': 0.0008281765040010214, 'lambda': 0.0, 'weighted': 0.0}, 'volatility': {'raw': 0.00033926116884686053, 'lambda': 0.0, 'weighted': 0.0}, 'vol_excess': {'raw': 0.042393267154693604, 'lambda': 0.0, 'weighted': 0.0}, 'weight_path': {'raw': 5.191852210373327e-07, 'lambda': 0.0, 'weighted': 0.0}, 'diversify': {'raw': 0.0830407589673996, 'lambda': 0.0, 'weighted': 0.0}}",0.0003,719,971,cadence,1,cadence_accept,5.192123353481293e-07,0.00011776292683089465,252
2,-0.0021316693164408207,-0.004409481771290302,0.002239666413515806,0.0021316693164408207,0.0021316693164408207,0.00021964305778965354,0.008282538503408432,0.00021362598636187613,0.0,5.910937034059316e-05,0.08310243487358093,0.004585373215377331,0.004409481771290302,0.004409481771290302,0.0015818593092262745,0.0008188685169443488,0.00033933285158127546,0.042424142360687256,5.075404487797641e-07,0.08318156003952026,0.00037383672315627337,0.00037383672315627337,0.00037383672315627337,0.00037383672315627337,0,0,0,"{'mean': {'raw': -0.002239666413515806, 'lambda': 0.0, 'weighted': 0.0}, 'log_growth': {'raw': -0.0021316693164408207, 'lambda': 1.0, 'weighted': -0.0021316693164408207}, 'cvar': {'raw': -0.00021964305778965354, 'lambda': 0.0, 'weighted': 0.0}, 'turnover': {'raw': 0.008282538503408432, 'lambda': 0.0, 'weighted': 0.0}, 'volatility': {'raw': 0.00021362598636187613, 'lambda': 0.0, 'weighted': 0.0}, 'vol_excess': {'raw': 0.0, 'lambda': 0.0, 'weighted': 0.0}, 'weight_path': {'raw': 5.910937034059316e-05, 'lambda': 0.0, 'weighted': 0.0}, 'diversify': {'raw': 0.08310243487358093, 'lambda': 0.0, 'weighted': 0.0}}","{'mean': {'raw': -0.004585373215377331, 'lambda': 0.0, 'weighted': 0.0}, 'log_growth': {'raw': -0.004409481771290302, 'lambda': 1.0, 'weighted': -0.004409481771290302}, 'cvar': {'raw': -0.0015818593092262745, 'lambda': 0.0, 'weighted': 0.0}, 'turnover': {'raw': 0.0008188685169443488, 'lambda': 0.0, 'weighted': 0.0}, 'volatility': {'raw': 0.00033933285158127546, 'lambda': 0.0, 'weighted': 0.0}, 'vol_excess': {'raw': 0.042424142360687256, 'lambda': 0.0, 'weighted': 0.0}, 'weight_path': {'raw': 5.075404487797641e-07, 'lambda': 0.0, 'weighted': 0.0}, 'diversify': {'raw': 0.08318156003952026, 'lambda': 0.0, 'weighted': 0.0}}",0.0003,719,971,cadence,1,cadence_accept,5.192123353481293e-07,0.00011776292683089465,252
1,-0.002364745130762458,-0.0044103385880589485,0.0024724311660975218,0.002364745130762458,0.002364745130762458,0.000467443693196401,0.008577154017984867,0.00021198026661295444,0.0,5.828935536555946e-05,0.0832989364862442,0.0045853364281356335,0.0044103385880589485,0.0044103385880589485,0.0015964987687766552,0.0009041299927048385,0.0003374860680196434,0.041627317667007446,6.151879006210947e-07,0.0831388458609581,0.00039420914254151285,0.00039420914254151285,0.00039420914254151285,0.00039420914254151285,0,0,0,"{'mean': {'raw': -0.0024724311660975218, 'lambda': 0.0, 'weighted': 0.0}, 'log_growth': {'raw': -0.002364745130762458, 'lambda': 1.0, 'weighted': -0.002364745130762458}, 'cvar': {'raw': -0.000467443693196401, 'lambda': 0.0, 'weighted': 0.0}, 'turnover': {'raw': 0.008577154017984867, 'lambda': 0.0, 'weighted': 0.0}, 'volatility': {'raw': 0.00021198026661295444, 'lambda': 0.0, 'weighted': 0.0}, 'vol_excess': {'raw': 0.0, 'lambda': 0.0, 'weighted': 0.0}, 'weight_path': {'raw': 5.828935536555946e-05, 'lambda': 0.0, 'weighted': 0.0}, 'diversify': {'raw': 0.0832989364862442, 'lambda': 0.0, 'weighted': 0.0}}","{'mean': {'raw': -0.0045853364281356335, 'lambda': 0.0, 'weighted': 0.0}, 'log_growth': {'raw': -0.0044103385880589485, 'lambda': 1.0, 'weighted': -0.0044103385880589485}, 'cvar': {'raw': -0.0015964987687766552, 'lambda': 0.0, 'weighted': 0.0}, 'turnover': {'raw': 0.0009041299927048385, 'lambda': 0.0, 'weighted': 0.0}, 'volatility': {'raw': 0.0003374860680196434, 'lambda': 0.0, 'weighted': 0.0}, 'vol_excess': {'raw': 0.041627317667007446, 'lambda': 0.0, 'weighted': 0.0}, 'weight_path': {'raw': 6.151879006210947e-07, 'lambda': 0.0, 'weighted': 0.0}, 'diversify': {'raw': 0.0831388458609581, 'lambda': 0.0, 'weighted': 0.0}}",0.0003,723,975,cadence,1,cadence_accept,7.390044629573822e-07,0.00016756184316339904,252
2,-0.002351687988266349,-0.004411077592521906,0.0024588860105723143,0.002351687988266349,0.002351687988266349,0.00045936621609143913,0.00972948782145977,0.000210992744541727,0.0,8.032323239604011e-05,0.08333587646484375,0.004586121998727322,0.004411077592521906,0.004411077592521906,0.0015965572092682123,0.00089129654224962,0.0003375765518285334,0.0416664183139801,5.977993851047358e-07,0.0833180621266365,0.0005375666078180075,0.0005375666078180075,0.0005375666078180075,0.0005375666078180075,0,0,0,"{'mean': {'raw': -0.0024588860105723143, 'lambda': 0.0, 'weighted': 0.0}, 'log_growth': {'raw': -0.002351687988266349, 'lambda': 1.0, 'weighted': -0.002351687988266349}, 'cvar': {'raw': -0.00045936621609143913, 'lambda': 0.0, 'weighted': 0.0}, 'turnover': {'raw': 0.00972948782145977, 'lambda': 0.0, 'weighted': 0.0}, 'volatility': {'raw': 0.000210992744541727, 'lambda': 0.0, 'weighted': 0.0}, 'vol_excess': {'raw': 0.0, 'lambda': 0.0, 'weighted': 0.0}, 'weight_path': {'raw': 8.032323239604011e-05, 'lambda': 0.0, 'weighted': 0.0}, 'diversify': {'raw': 0.08333587646484375, 'lambda': 0.0, 'weighted': 0.0}}","{'mean': {'raw': -0.004586121998727322, 'lambda': 0.0, 'weighted': 0.0}, 'log_growth': {'raw': -0.004411077592521906, 'lambda': 1.0, 'weighted': -0.004411077592521906}, 'cvar': {'raw': -0.0015965572092682123, 'lambda': 0.0, 'weighted': 0.0}, 'turnover': {'raw': 0.00089129654224962, 'lambda': 0.0, 'weighted': 0.0}, 'volatility': {'raw': 0.0003375765518285334, 'lambda': 0.0, 'weighted': 0.0}, 'vol_excess': {'raw': 0.0416664183139801, 'lambda': 0.0, 'weighted': 0.0}, 'weight_path': {'raw': 5.977993851047358e-07, 'lambda': 0.0, 'weighted': 0.0}, 'diversify': {'raw': 0.0833180621266365, 'lambda': 0.0, 'weighted': 0.0}}",0.0003,723,975,cadence,1,cadence_accept,7.390044629573822e-07,0.00016756184316339904,252
1,-0.0025024996139109135,-0.0034102946519851685,0.00261330627836287,0.0025024996139109135,0.0025024996139109135,0.0005594376707449555,0.009479288943111897,0.00021770669263787568,0.0,7.483382796635851e-05,0.08295153826475143,0.0035732698161154985,0.0034102946519851685,0.0034102946519851685,0.0007435241714119911,0.0008996021933853626,0.00032085683778859675,0.03435176610946655,5.93456206843257e-07,0.08346185833215714,0.00044575368519872427,0.00044575368519872427,0.00044575368519872427,0.00044575368519872427,0,0,0,"{'mean': {'raw': -0.00261330627836287, 'lambda': 0.0, 'weighted': 0.0}, 'log_growth': {'raw': -0.0025024996139109135, 'lambda': 1.0, 'weighted': -0.0025024996139109135}, 'cvar': {'raw': -0.0005594376707449555, 'lambda': 0.0, 'weighted': 0.0}, 'turnover': {'raw': 0.009479288943111897, 'lambda': 0.0, 'weighted': 0.0}, 'volatility': {'raw': 0.00021770669263787568, 'lambda': 0.0, 'weighted': 0.0}, 'vol_excess': {'raw': 0.0, 'lambda': 0.0, 'weighted': 0.0}, 'weight_path': {'raw': 7.483382796635851e-05, 'lambda': 0.0, 'weighted': 0.0}, 'diversify': {'raw': 0.08295153826475143, 'lambda': 0.0, 'weighted': 0.0}}","{'mean': {'raw': -0.0035732698161154985, 'lambda': 0.0, 'weighted': 0.0}, 'log_growth': {'raw': -0.0034102946519851685, 'lambda': 1.0, 'weighted': -0.0034102946519851685}, 'cvar': {'raw': -0.0007435241714119911, 'lambda': 0.0, 'weighted': 0.0}, 'turnover': {'raw': 0.0008996021933853626, 'lambda': 0.0, 'weighted': 0.0}, 'volatility': {'raw': 0.00032085683778859675, 'lambda': 0.0, 'weighted': 0.0}, 'vol_excess': {'raw': 0.03435176610946655, 'lambda': 0.0, 'weighted': 0.0}, 'weight_path': {'raw': 5.93456206843257e-07, 'lambda': 0.0, 'weighted': 0.0}, 'diversify': {'raw': 0.08346185833215714, 'lambda': 0.0, 'weighted': 0.0}}",0.0003,728,980,cadence,1,cadence_accept,5.823094397783279e-07,0.00017075047731392038,252
2,-0.00250274152494967,-0.003410876961424947,0.002613427583128214,0.00250274152494967,0.00250274152494967,0.0005602862220257521,0.009616507217288017,0.00021743391698691994,0.0,8.517366950400174e-05,0.08316090703010559,0.0035738986916840076,0.003410876961424947,0.003410876961424947,0.0007434235885739326,0.000884990266058594,0.00032094831112772226,0.03439229726791382,5.742532493968611e-07,0.08366450667381287,0.0004375432035885751,0.0004375432035885751,0.0004375432035885751,0.0004375432035885751,0,0,0,"{'mean': {'raw': -0.002613427583128214, 'lambda': 0.0, 'weighted': 0.0}, 'log_growth': {'raw': -0.00250274152494967, 'lambda': 1.0, 'weighted': -0.00250274152494967}, 'cvar': {'raw': -0.0005602862220257521, 'lambda': 0.0, 'weighted': 0.0}, 'turnover': {'raw': 0.009616507217288017, 'lambda': 0.0, 'weighted': 0.0}, 'volatility': {'raw': 0.00021743391698691994, 'lambda': 0.0, 'weighted': 0.0}, 'vol_excess': {'raw': 0.0, 'lambda': 0.0, 'weighted': 0.0}, 'weight_path': {'raw': 8.517366950400174e-05, 'lambda': 0.0, 'weighted': 0.0}, 'diversify': {'raw': 0.08316090703010559, 'lambda': 0.0, 'weighted': 0.0}}","{'mean': {'raw': -0.0035738986916840076, 'lambda': 0.0, 'weighted': 0.0}, 'log_growth': {'raw': -0.003410876961424947, 'lambda': 1.0, 'weighted': -0.003410876961424947}, 'cvar': {'raw': -0.0007434235885739326, 'lambda': 0.0, 'weighted': 0.0}, 'turnover': {'raw': 0.000884990266058594, 'lambda': 0.0, 'weighted': 0.0}, 'volatility': {'raw': 0.00032094831112772226, 'lambda': 0.0, 'weighted': 0.0}, 'vol_excess': {'raw': 0.03439229726791382, 'lambda': 0.0, 'weighted': 0.0}, 'weight_path': {'raw': 5.742532493968611e-07, 'lambda': 0.0, 'weighted': 0.0}, 'diversify': {'raw': 0.08366450667381287, 'lambda': 0.0, 'weighted': 0.0}}",0.0003,728,980,cadence,1,cadence_accept,5.823094397783279e-07,0.00017075047731392038,252
1,-0.0022632754407823086,-0.004191111773252487,0.0023744283244013786,0.0022632754407823086,0.0022632754407823086,0.0003075731510762125,0.008264548145234585,0.00021956949785817415,0.0,6.025644688634202e-05,0.08405904471874237,0.004357932601124048,0.004191111773252487,0.004191111773252487,0.0014826010446995497,0.0008390252478420734,0.000322406820487231,0.03503775596618652,4.977175649401033e-07,0.08369503915309906,0.00039779586950317025,0.00039779586950317025,0.00039779586950317025,0.00039779586950317025,0,0,0,"{'mean': {'raw': -0.0023744283244013786, 'lambda': 0.0, 'weighted': 0.0}, 'log_growth': {'raw': -0.0022632754407823086, 'lambda': 1.0, 'weighted': -0.0022632754407823086}, 'cvar': {'raw': -0.0003075731510762125, 'lambda': 0.0, 'weighted': 0.0}, 'turnover': {'raw': 0.008264548145234585, 'lambda': 0.0, 'weighted': 0.0}, 'volatility': {'raw': 0.00021956949785817415, 'lambda': 0.0, 'weighted': 0.0}, 'vol_excess': {'raw': 0.0, 'lambda': 0.0, 'weighted': 0.0}, 'weight_path': {'raw': 6.025644688634202e-05, 'lambda': 0.0, 'weighted': 0.0}, 'diversify': {'raw': 0.08405904471874237, 'lambda': 0.0, 'weighted': 0.0}}","{'mean': {'raw': -0.004357932601124048, 'lambda': 0.0, 'weighted': 0.0}, 'log_growth': {'raw': -0.004191111773252487, 'lambda': 1.0, 'weighted': -0.004191111773252487}, 'cvar': {'raw': -0.0014826010446995497, 'lambda': 0.0, 'weighted': 0.0}, 'turnover': {'raw': 0.0008390252478420734, 'lambda': 0.0, 'weighted': 0.0}, 'volatility': {'raw': 0.000322406820487231, 'lambda': 0.0, 'weighted': 0.0}, 'vol_excess': {'raw': 0.03503775596618652, 'lambda': 0.0, 'weighted': 0.0}, 'weight_path': {'raw': 4.977175649401033e-07, 'lambda': 0.0, 'weighted': 0.0}, 'diversify': {'raw': 0.08369503915309906, 'lambda': 0.0, 'weighted': 0.0}}",0.0003,733,985,cadence,1,cadence_accept,6.281770765781403e-07,0.000149883159985677,252
2,-0.002262691268697381,-0.004191739950329065,0.0023738183081150055,0.002262691268697381,0.002262691268697381,0.0003072096442338079,0.008554216474294662,0.00021951680537313223,0.0,6.973137351451442e-05,0.0837274119257927,0.0043586124666035175,0.004191739950329065,0.004191739950329065,0.001482464955188334,0.0008243598276749253,0.0003225069376640022,0.03508201241493225,4.80432959193422e-07,0.08391091227531433,0.00040995492599904537,0.00040995492599904537,0.00040995492599904537,0.00040995492599904537,0,0,0,"{'mean': {'raw': -0.0023738183081150055, 'lambda': 0.0, 'weighted': 0.0}, 'log_growth': {'raw': -0.002262691268697381, 'lambda': 1.0, 'weighted': -0.002262691268697381}, 'cvar': {'raw': -0.0003072096442338079, 'lambda': 0.0, 'weighted': 0.0}, 'turnover': {'raw': 0.008554216474294662, 'lambda': 0.0, 'weighted': 0.0}, 'volatility': {'raw': 0.00021951680537313223, 'lambda': 0.0, 'weighted': 0.0}, 'vol_excess': {'raw': 0.0, 'lambda': 0.0, 'weighted': 0.0}, 'weight_path': {'raw': 6.973137351451442e-05, 'lambda': 0.0, 'weighted': 0.0}, 'diversify': {'raw': 0.0837274119257927, 'lambda': 0.0, 'weighted': 0.0}}","{'mean': {'raw': -0.0043586124666035175, 'lambda': 0.0, 'weighted': 0.0}, 'log_growth': {'raw': -0.004191739950329065, 'lambda': 1.0, 'weighted': -0.004191739950329065}, 'cvar': {'raw': -0.001482464955188334, 'lambda': 0.0, 'weighted': 0.0}, 'turnover': {'raw': 0.0008243598276749253, 'lambda': 0.0, 'weighted': 0.0}, 'volatility': {'raw': 0.0003225069376640022, 'lambda': 0.0, 'weighted': 0.0}, 'vol_excess': {'raw': 0.03508201241493225, 'lambda': 0.0, 'weighted': 0.0}, 'weight_path': {'raw': 4.80432959193422e-07, 'lambda': 0.0, 'weighted': 0.0}, 'diversify': {'raw': 0.08391091227531433, 'lambda': 0.0, 'weighted': 0.0}}",0.0003,733,985,cadence,1,cadence_accept,6.281770765781403e-07,0.000149883159985677,252
1,-0.0020543511491268873,-0.004264888819307089,0.002166371326893568,0.0020543511491268873,0.0020543511491268873,7.770545198582113e-05,0.00804240070283413,0.00022222998086363077,0.0,5.513670839718543e-05,0.08404169976711273,0.004427021834999323,0.004264888819307089,0.004264888819307089,0.001653506071306765,0.0008377778576686978,0.00031244082492776215,0.0305977463722229,4.843641931984166e-07,0.08381590247154236,0.0003775489458348602,0.0003775489458348602,0.0003775489458348602,0.0003775489458348602,0,0,0,"{'mean': {'raw': -0.002166371326893568, 'lambda': 0.0, 'weighted': 0.0}, 'log_growth': {'raw': -0.0020543511491268873, 'lambda': 1.0, 'weighted': -0.0020543511491268873}, 'cvar': {'raw': -7.770545198582113e-05, 'lambda': 0.0, 'weighted': 0.0}, 'turnover': {'raw': 0.00804240070283413, 'lambda': 0.0, 'weighted': 0.0}, 'volatility': {'raw': 0.00022222998086363077, 'lambda': 0.0, 'weighted': 0.0}, 'vol_excess': {'raw': 0.0, 'lambda': 0.0, 'weighted': 0.0}, 'weight_path': {'raw': 5.513670839718543e-05, 'lambda': 0.0, 'weighted': 0.0}, 'diversify': {'raw': 0.08404169976711273, 'lambda': 0.0, 'weighted': 0.0}}","{'mean': {'raw': -0.004427021834999323, 'lambda': 0.0, 'weighted': 0.0}, 'log_growth': {'raw': -0.004264888819307089, 'lambda': 1.0, 'weighted': -0.004264888819307089}, 'cvar': {'raw': -0.001653506071306765, 'lambda': 0.0, 'weighted': 0.0}, 'turnover': {'raw': 0.0008377778576686978, 'lambda': 0.0, 'weighted': 0.0}, 'volatility': {'raw': 0.00031244082492776215, 'lambda': 0.0, 'weighted': 0.0}, 'vol_excess': {'raw': 0.0305977463722229, 'lambda': 0.0, 'weighted': 0.0}, 'weight_path': {'raw': 4.843641931984166e-07, 'lambda': 0.0, 'weighted': 0.0}, 'diversify': {'raw': 0.08381590247154236, 'lambda': 0.0, 'weighted': 0.0}}",0.0003,737,989,cadence,1,cadence_accept,5.722977221012115e-07,0.00013418819252127744,252
2,-0.0020580640994012356,-0.00426546111702919,0.0021701164077967405,0.0020580640994012356,0.0020580640994012356,8.081548730842769e-05,0.007424904033541679,0.00022227910812944174,0.0,4.6193632442737e-05,0.08473678678274155,0.004427643492817879,0.00426546111702919,0.00426546111702919,0.0016533306334167719,0.0008228771621361375,0.0003125392831861973,0.030641943216323853,4.6724781554985384e-07,0.08403539657592773,0.0003412918304093182,0.0003412918304093182,0.0003412918304093182,0.0003412918304093182,0,0,0,"{'mean': {'raw': -0.0021701164077967405, 'lambda': 0.0, 'weighted': 0.0}, 'log_growth': {'raw': -0.0020580640994012356, 'lambda': 1.0, 'weighted': -0.0020580640994012356}, 'cvar': {'raw': -8.081548730842769e-05, 'lambda': 0.0, 'weighted': 0.0}, 'turnover': {'raw': 0.007424904033541679, 'lambda': 0.0, 'weighted': 0.0}, 'volatility': {'raw': 0.00022227910812944174, 'lambda': 0.0, 'weighted': 0.0}, 'vol_excess': {'raw': 0.0, 'lambda': 0.0, 'weighted': 0.0}, 'weight_path': {'raw': 4.6193632442737e-05, 'lambda': 0.0, 'weighted': 0.0}, 'diversify': {'raw': 0.08473678678274155, 'lambda': 0.0, 'weighted': 0.0}}","{'mean': {'raw': -0.004427643492817879, 'lambda': 0.0, 'weighted': 0.0}, 'log_growth': {'raw': -0.00426546111702919, 'lambda': 1.0, 'weighted': -0.00426546111702919}, 'cvar': {'raw': -0.0016533306334167719, 'lambda': 0.0, 'weighted': 0.0}, 'turnover': {'raw': 0.0008228771621361375, 'lambda': 0.0, 'weighted': 0.0}, 'volatility': {'raw': 0.0003125392831861973, 'lambda': 0.0, 'weighted': 0.0}, 'vol_excess': {'raw': 0.030641943216323853, 'lambda': 0.0, 'weighted': 0.0}, 'weight_path': {'raw': 4.6724781554985384e-07, 'lambda': 0.0, 'weighted': 0.0}, 'diversify': {'raw': 0.08403539657592773, 'lambda': 0.0, 'weighted': 0.0}}",0.0003,737,989,cadence,1,cadence_accept,5.722977221012115e-07,0.00013418819252127744,252
1,-0.0018526122439652681,-0.005287989974021912,0.001968236407265067,0.0018526122439652681,0.0018526122439652681,-0.00020182877779006958,0.008548484183847904,0.00023015766055323184,0.0,6.537328590638936e-05,0.08435031026601791,0.0054327803663909435,0.005287989974021912,0.005287989974021912,0.003109314013272524,0.0007793952245265245,0.00026816874742507935,0.00995868444442749,4.09483618568629e-07,0.08384548872709274,0.0004122424579691142,0.0004122424579691142,0.0004122424579691142,0.0004122424579691142,0,0,0,"{'mean': {'raw': -0.001968236407265067, 'lambda': 0.0, 'weighted': 0.0}, 'log_growth': {'raw': -0.0018526122439652681, 'lambda': 1.0, 'weighted': -0.0018526122439652681}, 'cvar': {'raw': 0.00020182877779006958, 'lambda': 0.0, 'weighted': 0.0}, 'turnover': {'raw': 0.008548484183847904, 'lambda': 0.0, 'weighted': 0.0}, 'volatility': {'raw': 0.00023015766055323184, 'lambda': 0.0, 'weighted': 0.0}, 'vol_excess': {'raw': 0.0, 'lambda': 0.0, 'weighted': 0.0}, 'weight_path': {'raw': 6.537328590638936e-05, 'lambda': 0.0, 'weighted': 0.0}, 'diversify': {'raw': 0.08435031026601791, 'lambda': 0.0, 'weighted': 0.0}}","{'mean': {'raw': -0.0054327803663909435, 'lambda': 0.0, 'weighted': 0.0}, 'log_growth': {'raw': -0.005287989974021912, 'lambda': 1.0, 'weighted': -0.005287989974021912}, 'cvar': {'raw': -0.003109314013272524, 'lambda': 0.0, 'weighted': 0.0}, 'turnover': {'raw': 0.0007793952245265245, 'lambda': 0.0, 'weighted': 0.0}, 'volatility': {'raw': 0.00026816874742507935, 'lambda': 0.0, 'weighted': 0.0}, 'vol_excess': {'raw': 0.00995868444442749, 'lambda': 0.0, 'weighted': 0.0}, 'weight_path': {'raw': 4.09483618568629e-07, 'lambda': 0.0, 'weighted': 0.0}, 'diversify': {'raw': 0.08384548872709274, 'lambda': 0.0, 'weighted': 0.0}}",0.0003,742,994,cadence,1,cadence_accept,6.752088665962219e-07,0.00012768724407300413,252
2,-0.0018613745924085379,-0.005288665182888508,0.0019773594103753567,0.0018613745924085379,0.0018613745924085379,-0.00019876949954777956,0.008485064841806889,0.00023086497094482183,0.0,7.112103048712015e-05,0.08464482426643372,0.0054335021413862705,0.005288665182888508,0.005288665182888508,0.0031093244906514883,0.0007652583881281316,0.000268258125288412,0.0100020170211792,3.9473957258451264e-07,0.08407098799943924,0.00031935141305439174,0.00031935141305439174,0.00031935141305439174,0.00031935141305439174,0,0,0,"{'mean': {'raw': -0.0019773594103753567, 'lambda': 0.0, 'weighted': 0.0}, 'log_growth': {'raw': -0.0018613745924085379, 'lambda': 1.0, 'weighted': -0.0018613745924085379}, 'cvar': {'raw': 0.00019876949954777956, 'lambda': 0.0, 'weighted': 0.0}, 'turnover': {'raw': 0.008485064841806889, 'lambda': 0.0, 'weighted': 0.0}, 'volatility': {'raw': 0.00023086497094482183, 'lambda': 0.0, 'weighted': 0.0}, 'vol_excess': {'raw': 0.0, 'lambda': 0.0, 'weighted': 0.0}, 'weight_path': {'raw': 7.112103048712015e-05, 'lambda': 0.0, 'weighted': 0.0}, 'diversify': {'raw': 0.08464482426643372, 'lambda': 0.0, 'weighted': 0.0}}","{'mean': {'raw': -0.0054335021413862705, 'lambda': 0.0, 'weighted': 0.0}, 'log_growth': {'raw': -0.005288665182888508, 'lambda': 1.0, 'weighted': -0.005288665182888508}, 'cvar': {'raw': -0.0031093244906514883, 'lambda': 0.0, 'weighted': 0.0}, 'turnover': {'raw': 0.0007652583881281316, 'lambda': 0.0, 'weighted': 0.0}, 'volatility': {'raw': 0.000268258125288412, 'lambda': 0.0, 'weighted': 0.0}, 'vol_excess': {'raw': 0.0100020170211792, 'lambda': 0.0, 'weighted': 0.0}, 'weight_path': {'raw': 3.9473957258451264e-07, 'lambda': 0.0, 'weighted': 0.0}, 'diversify': {'raw': 0.08407098799943924, 'lambda': 0.0, 'weighted': 0.0}}",0.0003,742,994,cadence,1,cadence_accept,6.752088665962219e-07,0.00012768724407300413,252
1,-0.0023416553158313036,-0.0036726207472383976,0.0024704185780137777,0.0023416553158313036,0.0023416553158313036,9.856949327513576e-05,0.007310875691473484,0.0002552752266637981,0.0036323368549346924,4.630305920727551e-05,0.08533986657857895,0.003763665212318301,0.0036726207472383976,0.0036726207472383976,0.0022273410577327013,0.000736305839382112,0.0001718671410344541,0.0,3.6866359209852817e-07,0.08381129056215286,0.00045207602670416236,0.00045207602670416236,0.00045207602670416236,0.00045207602670416236,0,0,0,"{'mean': {'raw': -0.0024704185780137777, 'lambda': 0.0, 'weighted': 0.0}, 'log_growth': {'raw': -0.0023416553158313036, 'lambda': 1.0, 'weighted': -0.0023416553158313036}, 'cvar': {'raw': -9.856949327513576e-05, 'lambda': 0.0, 'weighted': 0.0}, 'turnover': {'raw': 0.007310875691473484, 'lambda': 0.0, 'weighted': 0.0}, 'volatility': {'raw': 0.0002552752266637981, 'lambda': 0.0, 'weighted': 0.0}, 'vol_excess': {'raw': 0.0036323368549346924, 'lambda': 0.0, 'weighted': 0.0}, 'weight_path': {'raw': 4.630305920727551e-05, 'lambda': 0.0, 'weighted': 0.0}, 'diversify': {'raw': 0.08533986657857895, 'lambda': 0.0, 'weighted': 0.0}}","{'mean': {'raw': -0.003763665212318301, 'lambda': 0.0, 'weighted': 0.0}, 'log_growth': {'raw': -0.0036726207472383976, 'lambda': 1.0, 'weighted': -0.0036726207472383976}, 'cvar': {'raw': -0.0022273410577327013, 'lambda': 0.0, 'weighted': 0.0}, 'turnover': {'raw': 0.000736305839382112, 'lambda': 0.0, 'weighted': 0.0}, 'volatility': {'raw': 0.0001718671410344541, 'lambda': 0.0, 'weighted': 0.0}, 'vol_excess': {'raw': 0.0, 'lambda': 0.0, 'weighted': 0.0}, 'weight_path': {'raw': 3.6866359209852817e-07, 'lambda': 0.0, 'weighted': 0.0}, 'diversify': {'raw': 0.08381129056215286, 'lambda': 0.0, 'weighted': 0.0}}",0.0003,746,998,cadence,1,cadence_accept,4.1583552956581116e-07,0.00011322582920255788,252
2,-0.002347659319639206,-0.0036730365827679634,0.0024766195565462112,0.002347659319639206,0.002347659319639206,0.00010215723887085915,0.007982875220477581,0.0002556621911935508,0.003824472427368164,5.304347359924577e-05,0.08550074696540833,0.0037641150411218405,0.0036730365827679634,0.0036730365827679634,0.002227249788120389,0.0007225502049550414,0.00017193204257637262,0.0,3.5498453598847846e-07,0.08404909819364548,0.0003784630389418453,0.0003784630389418453,0.0003784630389418453,0.0003784630389418453,0,0,0,"{'mean': {'raw': -0.0024766195565462112, 'lambda': 0.0, 'weighted': 0.0}, 'log_growth': {'raw': -0.002347659319639206, 'lambda': 1.0, 'weighted': -0.002347659319639206}, 'cvar': {'raw': -0.00010215723887085915, 'lambda': 0.0, 'weighted': 0.0}, 'turnover': {'raw': 0.007982875220477581, 'lambda': 0.0, 'weighted': 0.0}, 'volatility': {'raw': 0.0002556621911935508, 'lambda': 0.0, 'weighted': 0.0}, 'vol_excess': {'raw': 0.003824472427368164, 'lambda': 0.0, 'weighted': 0.0}, 'weight_path': {'raw': 5.304347359924577e-05, 'lambda': 0.0, 'weighted': 0.0}, 'diversify': {'raw': 0.08550074696540833, 'lambda': 0.0, 'weighted': 0.0}}","{'mean': {'raw': -0.0037641150411218405, 'lambda': 0.0, 'weighted': 0.0}, 'log_growth': {'raw': -0.0036730365827679634, 'lambda': 1.0, 'weighted': -0.0036730365827679634}, 'cvar': {'raw': -0.002227249788120389, 'lambda': 0.0, 'weighted': 0.0}, 'turnover': {'raw': 0.0007225502049550414, 'lambda': 0.0, 'weighted': 0.0}, 'volatility': {'raw': 0.00017193204257637262, 'lambda': 0.0, 'weighted': 0.0}, 'vol_excess': {'raw': 0.0, 'lambda': 0.0, 'weighted': 0.0}, 'weight_path': {'raw': 3.5498453598847846e-07, 'lambda': 0.0, 'weighted': 0.0}, 'diversify': {'raw': 0.08404909819364548, 'lambda': 0.0, 'weighted': 0.0}}",0.0003,746,998,cadence,1,cadence_accept,4.1583552956581116e-07,0.00011322582920255788,252
1,-0.002335982397198677,-0.0037236905191093683,0.0024678842164576054,0.002335982397198677,0.002335982397198677,4.4263957533985376e-05,0.007994038984179497,0.000261770241195336,0.006838679313659668,5.5387419706676155e-05,0.08493252843618393,0.003801964223384857,0.0037236905191093683,0.0037236905191093683,0.0024812985211610794,0.0006932169198989868,0.00014513739733956754,0.0,3.3513020980535657e-07,0.08385474979877472,0.0004921219078823924,0.0004921219078823924,0.0004921219078823924,0.0004921219078823924,0,0,0,"{'mean': {'raw': -0.0024678842164576054, 'lambda': 0.0, 'weighted': 0.0}, 'log_growth': {'raw': -0.002335982397198677, 'lambda': 1.0, 'weighted': -0.002335982397198677}, 'cvar': {'raw': -4.4263957533985376e-05, 'lambda': 0.0, 'weighted': 0.0}, 'turnover': {'raw': 0.007994038984179497, 'lambda': 0.0, 'weighted': 0.0}, 'volatility': {'raw': 0.000261770241195336, 'lambda': 0.0, 'weighted': 0.0}, 'vol_excess': {'raw': 0.006838679313659668, 'lambda': 0.0, 'weighted': 0.0}, 'weight_path': {'raw': 5.5387419706676155e-05, 'lambda': 0.0, 'weighted': 0.0}, 'diversify': {'raw': 0.08493252843618393, 'lambda': 0.0, 'weighted': 0.0}}","{'mean': {'raw': -0.003801964223384857, 'lambda': 0.0, 'weighted': 0.0}, 'log_growth': {'raw': -0.0037236905191093683, 'lambda': 1.0, 'weighted': -0.0037236905191093683}, 'cvar': {'raw': -0.0024812985211610794, 'lambda': 0.0, 'weighted': 0.0}, 'turnover': {'raw': 0.0006932169198989868, 'lambda': 0.0, 'weighted': 0.0}, 'volatility': {'raw': 0.00014513739733956754, 'lambda': 0.0, 'weighted': 0.0}, 'vol_excess': {'raw': 0.0, 'lambda': 0.0, 'weighted': 0.0}, 'weight_path': {'raw': 3.3513020980535657e-07, 'lambda': 0.0, 'weighted': 0.0}, 'diversify': {'raw': 0.08385474979877472, 'lambda': 0.0, 'weighted': 0.0}}",0.0003,751,1003,cadence,1,cadence_accept,3.8230791687965393e-07,0.00010266908992974668,252
2,-0.0023457224015146494,-0.003724072827026248,0.002477986039593816,0.0023457224015146494,0.0023457224015146494,4.864681977778673e-05,0.007812798954546452,0.0002624724875204265,0.007182955741882324,4.86632707179524e-05,0.08598078042268753,0.00380237796343863,0.003724072827026248,0.003724072827026248,0.002481169067323208,0.0006797899259254336,0.0001452006836188957,0.0,3.2223215384874493e-07,0.0841050073504448,0.0003767076414078474,0.0003767076414078474,0.0003767076414078474,0.0003767076414078474,0,0,0,"{'mean': {'raw': -0.002477986039593816, 'lambda': 0.0, 'weighted': 0.0}, 'log_growth': {'raw': -0.0023457224015146494, 'lambda': 1.0, 'weighted': -0.0023457224015146494}, 'cvar': {'raw': -4.864681977778673e-05, 'lambda': 0.0, 'weighted': 0.0}, 'turnover': {'raw': 0.007812798954546452, 'lambda': 0.0, 'weighted': 0.0}, 'volatility': {'raw': 0.0002624724875204265, 'lambda': 0.0, 'weighted': 0.0}, 'vol_excess': {'raw': 0.007182955741882324, 'lambda': 0.0, 'weighted': 0.0}, 'weight_path': {'raw': 4.86632707179524e-05, 'lambda': 0.0, 'weighted': 0.0}, 'diversify': {'raw': 0.08598078042268753, 'lambda': 0.0, 'weighted': 0.0}}","{'mean': {'raw': -0.00380237796343863, 'lambda': 0.0, 'weighted': 0.0}, 'log_growth': {'raw': -0.003724072827026248, 'lambda': 1.0, 'weighted': -0.003724072827026248}, 'cvar': {'raw': -0.002481169067323208, 'lambda': 0.0, 'weighted': 0.0}, 'turnover': {'raw': 0.0006797899259254336, 'lambda': 0.0, 'weighted': 0.0}, 'volatility': {'raw': 0.0001452006836188957, 'lambda': 0.0, 'weighted': 0.0}, 'vol_excess': {'raw': 0.0, 'lambda': 0.0, 'weighted': 0.0}, 'weight_path': {'raw': 3.2223215384874493e-07, 'lambda': 0.0, 'weighted': 0.0}, 'diversify': {'raw': 0.0841050073504448, 'lambda': 0.0, 'weighted': 0.0}}",0.0003,751,1003,cadence,1,cadence_accept,3.8230791687965393e-07,0.00010266908992974668,252
1,-0.0024543548934161663,-0.0033461758866906166,0.002588474890217185,0.0024543548934161663,0.0024543548934161663,0.00012425941531546414,0.008731156587600708,0.00026564986910670996,0.008734941482543945,7.008225657045841e-05,0.08558294177055359,0.0034239853266626596,0.0033461758866906166,0.0033461758866906166,0.0020936988294124603,0.0007024349179118872,0.00014695708523504436,0.0,3.569734587927087e-07,0.08415592461824417,0.0004358399601187557,0.0004358399601187557,0.0004358399601187557,0.0004358399601187557,0,0,0,"{'mean': {'raw': -0.002588474890217185, 'lambda': 0.0, 'weighted': 0.0}, 'log_growth': {'raw': -0.0024543548934161663, 'lambda': 1.0, 'weighted': -0.0024543548934161663}, 'cvar': {'raw': -0.00012425941531546414, 'lambda': 0.0, 'weighted': 0.0}, 'turnover': {'raw': 0.008731156587600708, 'lambda': 0.0, 'weighted': 0.0}, 'volatility': {'raw': 0.00026564986910670996, 'lambda': 0.0, 'weighted': 0.0}, 'vol_excess': {'raw': 0.008734941482543945, 'lambda': 0.0, 'weighted': 0.0}, 'weight_path': {'raw': 7.008225657045841e-05, 'lambda': 0.0, 'weighted': 0.0}, 'diversify': {'raw': 0.08558294177055359, 'lambda': 0.0, 'weighted': 0.0}}","{'mean': {'raw': -0.0034239853266626596, 'lambda': 0.0, 'weighted': 0.0}, 'log_growth': {'raw': -0.0033461758866906166, 'lambda': 1.0, 'weighted': -0.0033461758866906166}, 'cvar': {'raw': -0.0020936988294124603, 'lambda': 0.0, 'weighted': 0.0}, 'turnover': {'raw': 0.0007024349179118872, 'lambda': 0.0, 'weighted': 0.0}, 'volatility': {'raw': 0.00014695708523504436, 'lambda': 0.0, 'weighted': 0.0}, 'vol_excess': {'raw': 0.0, 'lambda': 0.0, 'weighted': 0.0}, 'weight_path': {'raw': 3.569734587927087e-07, 'lambda': 0.0, 'weighted': 0.0}, 'diversify': {'raw': 0.08415592461824417, 'lambda': 0.0, 'weighted': 0.0}}",0.0003,756,1008,cadence,1,cadence_accept,5.080364644527435e-07,0.00015182598927977094,252
2,-0.0024531856179237366,-0.0033466839231550694,0.002587241120636463,0.0024531856179237366,0.0024531856179237366,0.00012325463467277586,0.006731612142175436,0.0002655067073646933,0.008665204048156738,3.722689507412724e-05,0.08646070212125778,0.0034245264250785112,0.0033466839231550694,0.0033466839231550694,0.002093689050525427,0.0006882554152980447,0.00014702176849823445,0.0,3.4266457760168123e-07,0.08441469818353653,0.00046765204751864076,0.00046765204751864076,0.00046765204751864076,0.00046765204751864076,0,0,0,"{'mean': {'raw': -0.002587241120636463, 'lambda': 0.0, 'weighted': 0.0}, 'log_growth': {'raw': -0.0024531856179237366, 'lambda': 1.0, 'weighted': -0.0024531856179237366}, 'cvar': {'raw': -0.00012325463467277586, 'lambda': 0.0, 'weighted': 0.0}, 'turnover': {'raw': 0.006731612142175436, 'lambda': 0.0, 'weighted': 0.0}, 'volatility': {'raw': 0.0002655067073646933, 'lambda': 0.0, 'weighted': 0.0}, 'vol_excess': {'raw': 0.008665204048156738, 'lambda': 0.0, 'weighted': 0.0}, 'weight_path': {'raw': 3.722689507412724e-05, 'lambda': 0.0, 'weighted': 0.0}, 'diversify': {'raw': 0.08646070212125778, 'lambda': 0.0, 'weighted': 0.0}}","{'mean': {'raw': -0.0034245264250785112, 'lambda': 0.0, 'weighted': 0.0}, 'log_growth': {'raw': -0.0033466839231550694, 'lambda': 1.0, 'weighted': -0.0033466839231550694}, 'cvar': {'raw': -0.002093689050525427, 'lambda': 0.0, 'weighted': 0.0}, 'turnover': {'raw': 0.0006882554152980447, 'lambda': 0.0, 'weighted': 0.0}, 'volatility': {'raw': 0.00014702176849823445, 'lambda': 0.0, 'weighted': 0.0}, 'vol_excess': {'raw': 0.0, 'lambda': 0.0, 'weighted': 0.0}, 'weight_path': {'raw': 3.4266457760168123e-07, 'lambda': 0.0, 'weighted': 0.0}, 'diversify': {'raw': 0.08441469818353653, 'lambda': 0.0, 'weighted': 0.0}}",0.0003,756,1008,cadence,1,cadence_accept,5.080364644527435e-07,0.00015182598927977094,252
1,-0.002898183884099126,-0.0019799747969955206,0.0030400839168578386,0.002898183884099126,0.002898183884099126,0.0004617118975147605,0.0074128396809101105,0.0002793047751765698,0.015301346778869629,4.5970598876010627e-05,0.08642031252384186,0.0020338038448244333,0.0019799747969955206,0.0019799747969955206,0.0009950005915015936,0.0007069901330396533,0.00010393345291959122,0.0,3.7548977616097545e-07,0.08493153750896454,0.0006226339028216898,0.0006226339028216898,0.0006226339028216898,0.0006226339028216898,0,0,0,"{'mean': {'raw': -0.0030400839168578386, 'lambda': 0.0, 'weighted': 0.0}, 'log_growth': {'raw': -0.002898183884099126, 'lambda': 1.0, 'weighted': -0.002898183884099126}, 'cvar': {'raw': -0.0004617118975147605, 'lambda': 0.0, 'weighted': 0.0}, 'turnover': {'raw': 0.0074128396809101105, 'lambda': 0.0, 'weighted': 0.0}, 'volatility': {'raw': 0.0002793047751765698, 'lambda': 0.0, 'weighted': 0.0}, 'vol_excess': {'raw': 0.015301346778869629, 'lambda': 0.0, 'weighted': 0.0}, 'weight_path': {'raw': 4.5970598876010627e-05, 'lambda': 0.0, 'weighted': 0.0}, 'diversify': {'raw': 0.08642031252384186, 'lambda': 0.0, 'weighted': 0.0}}","{'mean': {'raw': -0.0020338038448244333, 'lambda': 0.0, 'weighted': 0.0}, 'log_growth': {'raw': -0.0019799747969955206, 'lambda': 1.0, 'weighted': -0.0019799747969955206}, 'cvar': {'raw': -0.0009950005915015936, 'lambda': 0.0, 'weighted': 0.0}, 'turnover': {'raw': 0.0007069901330396533, 'lambda': 0.0, 'weighted': 0.0}, 'volatility': {'raw': 0.00010393345291959122, 'lambda': 0.0, 'weighted': 0.0}, 'vol_excess': {'raw': 0.0, 'lambda': 0.0, 'weighted': 0.0}, 'weight_path': {'raw': 3.7548977616097545e-07, 'lambda': 0.0, 'weighted': 0.0}, 'diversify': {'raw': 0.08493153750896454, 'lambda': 0.0, 'weighted': 0.0}}",0.0003,761,1013,cadence,1,cadence_accept,2.551823854446411e-07,0.00012888163309097758,252
2,-0.0029103702399879694,-0.0019802299793809652,0.0030528195202350616,0.0029103702399879694,0.0029103702399879694,0.000466608558781445,0.007238524965941906,0.000280385953374207,0.01581433415412903,4.3421488953754306e-05,0.08670631051063538,0.002034079050645232,0.0019802299793809652,0.0019802299793809652,0.0009948896476998925,0.0006914445548318326,0.00010397304140496999,0.0,3.5913515716856637e-07,0.08519842475652695,0.0004689674242399633,0.0004689674242399633,0.0004689674242399633,0.0004689674242399633,0,0,0,"{'mean': {'raw': -0.0030528195202350616, 'lambda': 0.0, 'weighted': 0.0}, 'log_growth': {'raw': -0.0029103702399879694, 'lambda': 1.0, 'weighted': -0.0029103702399879694}, 'cvar': {'raw': -0.000466608558781445, 'lambda': 0.0, 'weighted': 0.0}, 'turnover': {'raw': 0.007238524965941906, 'lambda': 0.0, 'weighted': 0.0}, 'volatility': {'raw': 0.000280385953374207, 'lambda': 0.0, 'weighted': 0.0}, 'vol_excess': {'raw': 0.01581433415412903, 'lambda': 0.0, 'weighted': 0.0}, 'weight_path': {'raw': 4.3421488953754306e-05, 'lambda': 0.0, 'weighted': 0.0}, 'diversify': {'raw': 0.08670631051063538, 'lambda': 0.0, 'weighted': 0.0}}","{'mean': {'raw': -0.002034079050645232, 'lambda': 0.0, 'weighted': 0.0}, 'log_growth': {'raw': -0.0019802299793809652, 'lambda': 1.0, 'weighted': -0.0019802299793809652}, 'cvar': {'raw': -0.0009948896476998925, 'lambda': 0.0, 'weighted': 0.0}, 'turnover': {'raw': 0.0006914445548318326, 'lambda': 0.0, 'weighted': 0.0}, 'volatility': {'raw': 0.00010397304140496999, 'lambda': 0.0, 'weighted': 0.0}, 'vol_excess': {'raw': 0.0, 'lambda': 0.0, 'weighted': 0.0}, 'weight_path': {'raw': 3.5913515716856637e-07, 'lambda': 0.0, 'weighted': 0.0}, 'diversify': {'raw': 0.08519842475652695, 'lambda': 0.0, 'weighted': 0.0}}",0.0003,761,1013,cadence,1,cadence_accept,2.551823854446411e-07,0.00012888163309097758,252
1,-0.0029820818454027176,-0.0009006125619634986,0.003124218201264739,0.0029820818454027176,0.0029820818454027176,0.0005466975271701813,0.007137773092836142,0.00027932992088608444,0.015313297510147095,4.3959891627309844e-05,0.08657427877187729,0.0009693776955828071,0.0009006125619634986,0.0009006125619634986,-0.00042057118844240904,0.0006446994957514107,0.0001364929339615628,0.0,3.251634552725591e-07,0.08586365729570389,0.00039666349766775966,0.00039666349766775966,0.00039666349766775966,0.00039666349766775966,0,0,0,"{'mean': {'raw': -0.003124218201264739, 'lambda': 0.0, 'weighted': 0.0}, 'log_growth': {'raw': -0.0029820818454027176, 'lambda': 1.0, 'weighted': -0.0029820818454027176}, 'cvar': {'raw': -0.0005466975271701813, 'lambda': 0.0, 'weighted': 0.0}, 'turnover': {'raw': 0.007137773092836142, 'lambda': 0.0, 'weighted': 0.0}, 'volatility': {'raw': 0.00027932992088608444, 'lambda': 0.0, 'weighted': 0.0}, 'vol_excess': {'raw': 0.015313297510147095, 'lambda': 0.0, 'weighted': 0.0}, 'weight_path': {'raw': 4.3959891627309844e-05, 'lambda': 0.0, 'weighted': 0.0}, 'diversify': {'raw': 0.08657427877187729, 'lambda': 0.0, 'weighted': 0.0}}","{'mean': {'raw': -0.0009693776955828071, 'lambda': 0.0, 'weighted': 0.0}, 'log_growth': {'raw': -0.0009006125619634986, 'lambda': 1.0, 'weighted': -0.0009006125619634986}, 'cvar': {'raw': 0.00042057118844240904, 'lambda': 0.0, 'weighted': 0.0}, 'turnover': {'raw': 0.0006446994957514107, 'lambda': 0.0, 'weighted': 0.0}, 'volatility': {'raw': 0.0001364929339615628, 'lambda': 0.0, 'weighted': 0.0}, 'vol_excess': {'raw': 0.0, 'lambda': 0.0, 'weighted': 0.0}, 'weight_path': {'raw': 3.251634552725591e-07, 'lambda': 0.0, 'weighted': 0.0}, 'diversify': {'raw': 0.08586365729570389, 'lambda': 0.0, 'weighted': 0.0}}",0.0003,766,1018,cadence,1,cadence_accept,1.8812716007232666e-07,0.00020888800335328142,252
2,-0.0029751292895525694,-0.0009008006891235709,0.003117069136351347,0.0029751292895525694,0.0029751292895525694,0.0005416229832917452,0.006874672137200832,0.00027894892264157534,0.015132278203964233,3.830720379482955e-05,0.08702593296766281,0.0009695878834463656,0.0009008006891235709,0.0009008006891235709,-0.0004207905731163919,0.0006302972324192524,0.00013653640053234994,0.0,3.108015391717345e-07,0.08611691743135452,0.00048814626643434167,0.00048814626643434167,0.00048814626643434167,0.00048814626643434167,0,0,0,"{'mean': {'raw': -0.003117069136351347, 'lambda': 0.0, 'weighted': 0.0}, 'log_growth': {'raw': -0.0029751292895525694, 'lambda': 1.0, 'weighted': -0.0029751292895525694}, 'cvar': {'raw': -0.0005416229832917452, 'lambda': 0.0, 'weighted': 0.0}, 'turnover': {'raw': 0.006874672137200832, 'lambda': 0.0, 'weighted': 0.0}, 'volatility': {'raw': 0.00027894892264157534, 'lambda': 0.0, 'weighted': 0.0}, 'vol_excess': {'raw': 0.015132278203964233, 'lambda': 0.0, 'weighted': 0.0}, 'weight_path': {'raw': 3.830720379482955e-05, 'lambda': 0.0, 'weighted': 0.0}, 'diversify': {'raw': 0.08702593296766281, 'lambda': 0.0, 'weighted': 0.0}}","{'mean': {'raw': -0.0009695878834463656, 'lambda': 0.0, 'weighted': 0.0}, 'log_growth': {'raw': -0.0009008006891235709, 'lambda': 1.0, 'weighted': -0.0009008006891235709}, 'cvar': {'raw': 0.0004207905731163919, 'lambda': 0.0, 'weighted': 0.0}, 'turnover': {'raw': 0.0006302972324192524, 'lambda': 0.0, 'weighted': 0.0}, 'volatility': {'raw': 0.00013653640053234994, 'lambda': 0.0, 'weighted': 0.0}, 'vol_excess': {'raw': 0.0, 'lambda': 0.0, 'weighted': 0.0}, 'weight_path': {'raw': 3.108015391717345e-07, 'lambda': 0.0, 'weighted': 0.0}, 'diversify': {'raw': 0.08611691743135452, 'lambda': 0.0, 'weighted': 0.0}}",0.0003,766,1018,cadence,1,cadence_accept,1.8812716007232666e-07,0.00020888800335328142,252
1,-0.003155361395329237,-0.0006314326892606914,0.003297384362667799,0.003155361395329237,0.003155361395329237,0.0007259792182594538,0.0067447577603161335,0.00027797205257229507,0.014667630195617676,4.421719131642021e-05,0.08736151456832886,0.0007161326939240098,0.0006314326892606914,0.0006314326892606914,-0.0009846917819231749,0.0005980984424240887,0.00016891793347895145,0.0,2.8695464493466716e-07,0.08701619505882263,0.0005760933272540569,0.0005760933272540569,0.0005760933272540569,0.0005760933272540569,0,0,0,"{'mean': {'raw': -0.003297384362667799, 'lambda': 0.0, 'weighted': 0.0}, 'log_growth': {'raw': -0.003155361395329237, 'lambda': 1.0, 'weighted': -0.003155361395329237}, 'cvar': {'raw': -0.0007259792182594538, 'lambda': 0.0, 'weighted': 0.0}, 'turnover': {'raw': 0.0067447577603161335, 'lambda': 0.0, 'weighted': 0.0}, 'volatility': {'raw': 0.00027797205257229507, 'lambda': 0.0, 'weighted': 0.0}, 'vol_excess': {'raw': 0.014667630195617676, 'lambda': 0.0, 'weighted': 0.0}, 'weight_path': {'raw': 4.421719131642021e-05, 'lambda': 0.0, 'weighted': 0.0}, 'diversify': {'raw': 0.08736151456832886, 'lambda': 0.0, 'weighted': 0.0}}","{'mean': {'raw': -0.0007161326939240098, 'lambda': 0.0, 'weighted': 0.0}, 'log_growth': {'raw': -0.0006314326892606914, 'lambda': 1.0, 'weighted': -0.0006314326892606914}, 'cvar': {'raw': 0.0009846917819231749, 'lambda': 0.0, 'weighted': 0.0}, 'turnover': {'raw': 0.0005980984424240887, 'lambda': 0.0, 'weighted': 0.0}, 'volatility': {'raw': 0.00016891793347895145, 'lambda': 0.0, 'weighted': 0.0}, 'vol_excess': {'raw': 0.0, 'lambda': 0.0, 'weighted': 0.0}, 'weight_path': {'raw': 2.8695464493466716e-07, 'lambda': 0.0, 'weighted': 0.0}, 'diversify': {'raw': 0.08701619505882263, 'lambda': 0.0, 'weighted': 0.0}}",0.0003,771,1023,cadence,1,cadence_accept,3.498280420899391e-08,5.5402269709145116e-05,252
2,-0.0031603684183210135,-0.0006314676720649004,0.0033027632161974907,0.0031603684183210135,0.0031603684183210135,0.0007256148965097964,0.006493140943348408,0.0002787149860523641,0.015021085739135742,3.703939000843093e-05,0.08728832006454468,0.0007161899120546877,0.0006314676720649004,0.0006314676720649004,-0.0009850668720901012,0.0005839115474373102,0.00016896230226848274,0.0,2.7345777198206633e-07,0.08726108819246292,0.0005114006344228983,0.0005114006344228983,0.0005114006344228983,0.0005114006344228983,0,0,0,"{'mean': {'raw': -0.0033027632161974907, 'lambda': 0.0, 'weighted': 0.0}, 'log_growth': {'raw': -0.0031603684183210135, 'lambda': 1.0, 'weighted': -0.0031603684183210135}, 'cvar': {'raw': -0.0007256148965097964, 'lambda': 0.0, 'weighted': 0.0}, 'turnover': {'raw': 0.006493140943348408, 'lambda': 0.0, 'weighted': 0.0}, 'volatility': {'raw': 0.0002787149860523641, 'lambda': 0.0, 'weighted': 0.0}, 'vol_excess': {'raw': 0.015021085739135742, 'lambda': 0.0, 'weighted': 0.0}, 'weight_path': {'raw': 3.703939000843093e-05, 'lambda': 0.0, 'weighted': 0.0}, 'diversify': {'raw': 0.08728832006454468, 'lambda': 0.0, 'weighted': 0.0}}","{'mean': {'raw': -0.0007161899120546877, 'lambda': 0.0, 'weighted': 0.0}, 'log_growth': {'raw': -0.0006314676720649004, 'lambda': 1.0, 'weighted': -0.0006314676720649004}, 'cvar': {'raw': 0.0009850668720901012, 'lambda': 0.0, 'weighted': 0.0}, 'turnover': {'raw': 0.0005839115474373102, 'lambda': 0.0, 'weighted': 0.0}, 'volatility': {'raw': 0.00016896230226848274, 'lambda': 0.0, 'weighted': 0.0}, 'vol_excess': {'raw': 0.0, 'lambda': 0.0, 'weighted': 0.0}, 'weight_path': {'raw': 2.7345777198206633e-07, 'lambda': 0.0, 'weighted': 0.0}, 'diversify': {'raw': 0.08726108819246292, 'lambda': 0.0, 'weighted': 0.0}}",0.0003,771,1023,cadence,1,cadence_accept,3.498280420899391e-08,5.5402269709145116e-05,252
1,-0.003326515667140484,-0.0013937295880168676,0.0034689188469201326,0.003326515667140484,0.003326515667140484,0.0008968632901087403,0.007009559310972691,0.0002776090695988387,0.014494776725769043,4.014453588752076e-05,0.08732235431671143,0.0014891237951815128,0.0013937295880168676,0.0013937295880168676,-0.00039173613185994327,0.0005917554371990263,0.00018922367598861456,0.0,2.7515659439814044e-07,0.08790329098701477,0.0006135444855317473,0.0006135444855317473,0.0006135444855317473,0.0006135444855317473,0,0,0,"{'mean': {'raw': -0.0034689188469201326, 'lambda': 0.0, 'weighted': 0.0}, 'log_growth': {'raw': -0.003326515667140484, 'lambda': 1.0, 'weighted': -0.003326515667140484}, 'cvar': {'raw': -0.0008968632901087403, 'lambda': 0.0, 'weighted': 0.0}, 'turnover': {'raw': 0.007009559310972691, 'lambda': 0.0, 'weighted': 0.0}, 'volatility': {'raw': 0.0002776090695988387, 'lambda': 0.0, 'weighted': 0.0}, 'vol_excess': {'raw': 0.014494776725769043, 'lambda': 0.0, 'weighted': 0.0}, 'weight_path': {'raw': 4.014453588752076e-05, 'lambda': 0.0, 'weighted': 0.0}, 'diversify': {'raw': 0.08732235431671143, 'lambda': 0.0, 'weighted': 0.0}}","{'mean': {'raw': -0.0014891237951815128, 'lambda': 0.0, 'weighted': 0.0}, 'log_growth': {'raw': -0.0013937295880168676, 'lambda': 1.0, 'weighted': -0.0013937295880168676}, 'cvar': {'raw': 0.00039173613185994327, 'lambda': 0.0, 'weighted': 0.0}, 'turnover': {'raw': 0.0005917554371990263, 'lambda': 0.0, 'weighted': 0.0}, 'volatility': {'raw': 0.00018922367598861456, 'lambda': 0.0, 'weighted': 0.0}, 'vol_excess': {'raw': 0.0, 'lambda': 0.0, 'weighted': 0.0}, 'weight_path': {'raw': 2.7515659439814044e-07, 'lambda': 0.0, 'weighted': 0.0}, 'diversify': {'raw': 0.08790329098701477, 'lambda': 0.0, 'weighted': 0.0}}",0.0003,776,1028,cadence,1,cadence_accept,7.648486644029617e-08,5.487783788406785e-05,252
2,-0.0033348887227475643,-0.001393806072883308,0.003477487713098526,0.0033348887227475643,0.0033348887227475643,0.0009026795160025358,0.008062474429607391,0.0002779606729745865,0.014662235975265503,6.240677612368017e-05,0.08775737136602402,0.0014892227482050657,0.001393806072883308,0.001393806072883308,-0.0003920679446309805,0.0005769215058535337,0.00018926843767985702,0.0,2.6149223231186625e-07,0.08814360946416855,0.0005102178547531366,0.0005102178547531366,0.0005102178547531366,0.0005102178547531366,0,0,0,"{'mean': {'raw': -0.003477487713098526, 'lambda': 0.0, 'weighted': 0.0}, 'log_growth': {'raw': -0.0033348887227475643, 'lambda': 1.0, 'weighted': -0.0033348887227475643}, 'cvar': {'raw': -0.0009026795160025358, 'lambda': 0.0, 'weighted': 0.0}, 'turnover': {'raw': 0.008062474429607391, 'lambda': 0.0, 'weighted': 0.0}, 'volatility': {'raw': 0.0002779606729745865, 'lambda': 0.0, 'weighted': 0.0}, 'vol_excess': {'raw': 0.014662235975265503, 'lambda': 0.0, 'weighted': 0.0}, 'weight_path': {'raw': 6.240677612368017e-05, 'lambda': 0.0, 'weighted': 0.0}, 'diversify': {'raw': 0.08775737136602402, 'lambda': 0.0, 'weighted': 0.0}}","{'mean': {'raw': -0.0014892227482050657, 'lambda': 0.0, 'weighted': 0.0}, 'log_growth': {'raw': -0.001393806072883308, 'lambda': 1.0, 'weighted': -0.001393806072883308}, 'cvar': {'raw': 0.0003920679446309805, 'lambda': 0.0, 'weighted': 0.0}, 'turnover': {'raw': 0.0005769215058535337, 'lambda': 0.0, 'weighted': 0.0}, 'volatility': {'raw': 0.00018926843767985702, 'lambda': 0.0, 'weighted': 0.0}, 'vol_excess': {'raw': 0.0, 'lambda': 0.0, 'weighted': 0.0}, 'weight_path': {'raw': 2.6149223231186625e-07, 'lambda': 0.0, 'weighted': 0.0}, 'diversify': {'raw': 0.08814360946416855, 'lambda': 0.0, 'weighted': 0.0}}",0.0003,776,1028,cadence,1,cadence_accept,7.648486644029617e-08,5.487783788406785e-05,252
1,-0.003302107099443674,-0.002244800329208374,0.0034445933997631073,0.003302107099443674,0.003302107099443674,0.0008703770581632853,0.006601826287806034,0.0002779498172458261,0.014657050371170044,3.961348920711316e-05,0.08797229081392288,0.0023639437276870012,0.002244800329208374,0.002244800329208374,4.698388511314988e-05,0.0005748316179960966,0.00023398734629154205,0.0,2.548960651438392e-07,0.08868124336004257,0.0005303301732055843,0.0005303301732055843,0.0005303301732055843,0.0005303301732055843,0,0,0,"{'mean': {'raw': -0.0034445933997631073, 'lambda': 0.0, 'weighted': 0.0}, 'log_growth': {'raw': -0.003302107099443674, 'lambda': 1.0, 'weighted': -0.003302107099443674}, 'cvar': {'raw': -0.0008703770581632853, 'lambda': 0.0, 'weighted': 0.0}, 'turnover': {'raw': 0.006601826287806034, 'lambda': 0.0, 'weighted': 0.0}, 'volatility': {'raw': 0.0002779498172458261, 'lambda': 0.0, 'weighted': 0.0}, 'vol_excess': {'raw': 0.014657050371170044, 'lambda': 0.0, 'weighted': 0.0}, 'weight_path': {'raw': 3.961348920711316e-05, 'lambda': 0.0, 'weighted': 0.0}, 'diversify': {'raw': 0.08797229081392288, 'lambda': 0.0, 'weighted': 0.0}}","{'mean': {'raw': -0.0023639437276870012, 'lambda': 0.0, 'weighted': 0.0}, 'log_growth': {'raw': -0.002244800329208374, 'lambda': 1.0, 'weighted': -0.002244800329208374}, 'cvar': {'raw': -4.698388511314988e-05, 'lambda': 0.0, 'weighted': 0.0}, 'turnover': {'raw': 0.0005748316179960966, 'lambda': 0.0, 'weighted': 0.0}, 'volatility': {'raw': 0.00023398734629154205, 'lambda': 0.0, 'weighted': 0.0}, 'vol_excess': {'raw': 0.0, 'lambda': 0.0, 'weighted': 0.0}, 'weight_path': {'raw': 2.548960651438392e-07, 'lambda': 0.0, 'weighted': 0.0}, 'diversify': {'raw': 0.08868124336004257, 'lambda': 0.0, 'weighted': 0.0}}",0.0003,781,1033,cadence,1,cadence_accept,2.2212043404579163e-07,9.894886019781245e-05,252
2,-0.0032980707474052906,-0.00224502244964242,0.0034406185150146484,0.0032980707474052906,0.0032980707474052906,0.0008647168870083988,0.007067766971886158,0.0002780956565402448,0.014726489782333374,4.4615786464419216e-05,0.08828658610582352,0.0023641949519515038,0.00224502244964242,0.00224502244964242,4.6686822315678e-05,0.0005597166600637138,0.00023404450621455908,0.0,2.4162994805010385e-07,0.08891598880290985,0.0005829802248626947,0.0005829802248626947,0.0005829802248626947,0.0005829802248626947,0,0,0,"{'mean': {'raw': -0.0034406185150146484, 'lambda': 0.0, 'weighted': 0.0}, 'log_growth': {'raw': -0.0032980707474052906, 'lambda': 1.0, 'weighted': -0.0032980707474052906}, 'cvar': {'raw': -0.0008647168870083988, 'lambda': 0.0, 'weighted': 0.0}, 'turnover': {'raw': 0.007067766971886158, 'lambda': 0.0, 'weighted': 0.0}, 'volatility': {'raw': 0.0002780956565402448, 'lambda': 0.0, 'weighted': 0.0}, 'vol_excess': {'raw': 0.014726489782333374, 'lambda': 0.0, 'weighted': 0.0}, 'weight_path': {'raw': 4.4615786464419216e-05, 'lambda': 0.0, 'weighted': 0.0}, 'diversify': {'raw': 0.08828658610582352, 'lambda': 0.0, 'weighted': 0.0}}","{'mean': {'raw': -0.0023641949519515038, 'lambda': 0.0, 'weighted': 0.0}, 'log_growth': {'raw': -0.00224502244964242, 'lambda': 1.0, 'weighted': -0.00224502244964242}, 'cvar': {'raw': -4.6686822315678e-05, 'lambda': 0.0, 'weighted': 0.0}, 'turnover': {'raw': 0.0005597166600637138, 'lambda': 0.0, 'weighted': 0.0}, 'volatility': {'raw': 0.00023404450621455908, 'lambda': 0.0, 'weighted': 0.0}, 'vol_excess': {'raw': 0.0, 'lambda': 0.0, 'weighted': 0.0}, 'weight_path': {'raw': 2.4162994805010385e-07, 'lambda': 0.0, 'weighted': 0.0}, 'diversify': {'raw': 0.08891598880290985, 'lambda': 0.0, 'weighted': 0.0}}",0.0003,781,1033,cadence,1,cadence_accept,2.2212043404579163e-07,9.894886019781245e-05,252
1,-0.003150214673951268,-0.0029729234520345926,0.0032925617415457964,0.003150214673951268,0.003150214673951268,0.0007172852638177574,0.006208629347383976,0.00027870514895766973,0.015016406774520874,3.333324639243074e-05,0.08868596702814102,0.0031017661094665527,0.0029729234520345926,0.0029729234520345926,0.0005903285928070545,0.0005255734431557357,0.00024921863223426044,0.0006054341793060303,2.1971398211917403e-07,0.08948434889316559,0.00045929342741146684,0.00045929342741146684,0.00045929342741146684,0.00045929342741146684,0,0,0,"{'mean': {'raw': -0.0032925617415457964, 'lambda': 0.0, 'weighted': 0.0}, 'log_growth': {'raw': -0.003150214673951268, 'lambda': 1.0, 'weighted': -0.003150214673951268}, 'cvar': {'raw': -0.0007172852638177574, 'lambda': 0.0, 'weighted': 0.0}, 'turnover': {'raw': 0.006208629347383976, 'lambda': 0.0, 'weighted': 0.0}, 'volatility': {'raw': 0.00027870514895766973, 'lambda': 0.0, 'weighted': 0.0}, 'vol_excess': {'raw': 0.015016406774520874, 'lambda': 0.0, 'weighted': 0.0}, 'weight_path': {'raw': 3.333324639243074e-05, 'lambda': 0.0, 'weighted': 0.0}, 'diversify': {'raw': 0.08868596702814102, 'lambda': 0.0, 'weighted': 0.0}}","{'mean': {'raw': -0.0031017661094665527, 'lambda': 0.0, 'weighted': 0.0}, 'log_growth': {'raw': -0.0029729234520345926, 'lambda': 1.0, 'weighted': -0.0029729234520345926}, 'cvar': {'raw': -0.0005903285928070545, 'lambda': 0.0, 'weighted': 0.0}, 'turnover': {'raw': 0.0005255734431557357, 'lambda': 0.0, 'weighted': 0.0}, 'volatility': {'raw': 0.00024921863223426044, 'lambda': 0.0, 'weighted': 0.0}, 'vol_excess': {'raw': 0.0006054341793060303, 'lambda': 0.0, 'weighted': 0.0}, 'weight_path': {'raw': 2.1971398211917403e-07, 'lambda': 0.0, 'weighted': 0.0}, 'diversify': {'raw': 0.08948434889316559, 'lambda': 0.0, 'weighted': 0.0}}",0.0003,786,1038,cadence,1,cadence_accept,4.470348358154297e-07,0.00015036876760453477,252
2,-0.003153056837618351,-0.002973370486870408,0.003295399248600006,0.003153056837618351,0.003153056837618351,0.0007208366296254098,0.006735574919730425,0.00027868489269167185,0.015006780624389648,3.554587601684034e-05,0.08849632740020752,0.003102242248132825,0.002973370486870408,0.002973370486870408,0.0005902500124648213,0.0005121451104059815,0.00024927439517341554,0.0006335079669952393,2.086066501760797e-07,0.08969581872224808,0.00042952923104166985,0.00042952923104166985,0.00042952923104166985,0.00042952923104166985,0,0,0,"{'mean': {'raw': -0.003295399248600006, 'lambda': 0.0, 'weighted': 0.0}, 'log_growth': {'raw': -0.003153056837618351, 'lambda': 1.0, 'weighted': -0.003153056837618351}, 'cvar': {'raw': -0.0007208366296254098, 'lambda': 0.0, 'weighted': 0.0}, 'turnover': {'raw': 0.006735574919730425, 'lambda': 0.0, 'weighted': 0.0}, 'volatility': {'raw': 0.00027868489269167185, 'lambda': 0.0, 'weighted': 0.0}, 'vol_excess': {'raw': 0.015006780624389648, 'lambda': 0.0, 'weighted': 0.0}, 'weight_path': {'raw': 3.554587601684034e-05, 'lambda': 0.0, 'weighted': 0.0}, 'diversify': {'raw': 0.08849632740020752, 'lambda': 0.0, 'weighted': 0.0}}","{'mean': {'raw': -0.003102242248132825, 'lambda': 0.0, 'weighted': 0.0}, 'log_growth': {'raw': -0.002973370486870408, 'lambda': 1.0, 'weighted': -0.002973370486870408}, 'cvar': {'raw': -0.0005902500124648213, 'lambda': 0.0, 'weighted': 0.0}, 'turnover': {'raw': 0.0005121451104059815, 'lambda': 0.0, 'weighted': 0.0}, 'volatility': {'raw': 0.00024927439517341554, 'lambda': 0.0, 'weighted': 0.0}, 'vol_excess': {'raw': 0.0006335079669952393, 'lambda': 0.0, 'weighted': 0.0}, 'weight_path': {'raw': 2.086066501760797e-07, 'lambda': 0.0, 'weighted': 0.0}, 'diversify': {'raw': 0.08969581872224808, 'lambda': 0.0, 'weighted': 0.0}}",0.0003,786,1038,cadence,1,cadence_accept,4.470348358154297e-07,0.00015036876760453477,252
1,-0.0032602257560938597,-0.0021096321288496256,0.003401704365387559,0.0032602257560938597,0.0032602257560938597,0.000849285745061934,0.006182088516652584,0.00027627000235952437,0.013856083154678345,3.2233681849902496e-05,0.08901483565568924,0.00226038065738976,0.0021096321288496256,0.0021096321288496256,-0.0007697286200709641,0.0005391273880377412,0.0002966630563605577,0.02342107892036438,2.3547784167021746e-07,0.09015382081270218,0.0004350563685875386,0.0004350563685875386,0.0004350563685875386,0.0004350563685875386,0,0,0,"{'mean': {'raw': -0.003401704365387559, 'lambda': 0.0, 'weighted': 0.0}, 'log_growth': {'raw': -0.0032602257560938597, 'lambda': 1.0, 'weighted': -0.0032602257560938597}, 'cvar': {'raw': -0.000849285745061934, 'lambda': 0.0, 'weighted': 0.0}, 'turnover': {'raw': 0.006182088516652584, 'lambda': 0.0, 'weighted': 0.0}, 'volatility': {'raw': 0.00027627000235952437, 'lambda': 0.0, 'weighted': 0.0}, 'vol_excess': {'raw': 0.013856083154678345, 'lambda': 0.0, 'weighted': 0.0}, 'weight_path': {'raw': 3.2233681849902496e-05, 'lambda': 0.0, 'weighted': 0.0}, 'diversify': {'raw': 0.08901483565568924, 'lambda': 0.0, 'weighted': 0.0}}","{'mean': {'raw': -0.00226038065738976, 'lambda': 0.0, 'weighted': 0.0}, 'log_growth': {'raw': -0.0021096321288496256, 'lambda': 1.0, 'weighted': -0.0021096321288496256}, 'cvar': {'raw': 0.0007697286200709641, 'lambda': 0.0, 'weighted': 0.0}, 'turnover': {'raw': 0.0005391273880377412, 'lambda': 0.0, 'weighted': 0.0}, 'volatility': {'raw': 0.0002966630563605577, 'lambda': 0.0, 'weighted': 0.0}, 'vol_excess': {'raw': 0.02342107892036438, 'lambda': 0.0, 'weighted': 0.0}, 'weight_path': {'raw': 2.3547784167021746e-07, 'lambda': 0.0, 'weighted': 0.0}, 'diversify': {'raw': 0.09015382081270218, 'lambda': 0.0, 'weighted': 0.0}}",0.0003,790,1042,cadence,1,cadence_accept,3.9814040064811707e-07,0.00018872503647187838,252
2,-0.0032608278561383486,-0.0021100302692502737,0.003402377013117075,0.0032608278561383486,0.0032608278561383486,0.0008481423719786108,0.005698664579540491,0.0002763982047326863,0.013917297124862671,3.325205034343526e-05,0.08928599208593369,0.002260810462757945,0.0021100302692502737,0.0021100302692502737,-0.0007699194829910994,0.0005257953307591379,0.0002967241161968559,0.023449242115020752,2.2391526499632164e-07,0.09034629166126251,0.0004261975991539657,0.0004261975991539657,0.0004261975991539657,0.0004261975991539657,0,0,0,"{'mean': {'raw': -0.003402377013117075, 'lambda': 0.0, 'weighted': 0.0}, 'log_growth': {'raw': -0.0032608278561383486, 'lambda': 1.0, 'weighted': -0.0032608278561383486}, 'cvar': {'raw': -0.0008481423719786108, 'lambda': 0.0, 'weighted': 0.0}, 'turnover': {'raw': 0.005698664579540491, 'lambda': 0.0, 'weighted': 0.0}, 'volatility': {'raw': 0.0002763982047326863, 'lambda': 0.0, 'weighted': 0.0}, 'vol_excess': {'raw': 0.013917297124862671, 'lambda': 0.0, 'weighted': 0.0}, 'weight_path': {'raw': 3.325205034343526e-05, 'lambda': 0.0, 'weighted': 0.0}, 'diversify': {'raw': 0.08928599208593369, 'lambda': 0.0, 'weighted': 0.0}}","{'mean': {'raw': -0.002260810462757945, 'lambda': 0.0, 'weighted': 0.0}, 'log_growth': {'raw': -0.0021100302692502737, 'lambda': 1.0, 'weighted': -0.0021100302692502737}, 'cvar': {'raw': 0.0007699194829910994, 'lambda': 0.0, 'weighted': 0.0}, 'turnover': {'raw': 0.0005257953307591379, 'lambda': 0.0, 'weighted': 0.0}, 'volatility': {'raw': 0.0002967241161968559, 'lambda': 0.0, 'weighted': 0.0}, 'vol_excess': {'raw': 0.023449242115020752, 'lambda': 0.0, 'weighted': 0.0}, 'weight_path': {'raw': 2.2391526499632164e-07, 'lambda': 0.0, 'weighted': 0.0}, 'diversify': {'raw': 0.09034629166126251, 'lambda': 0.0, 'weighted': 0.0}}",0.0003,790,1042,cadence,1,cadence_accept,3.9814040064811707e-07,0.00018872503647187838,252
1,-0.003602241165935993,-0.0023595192469656467,0.003738759784027934,0.003602241165935993,0.003602241165935993,0.0013169506564736366,0.005876046139746904,0.000264170317677781,0.008013397455215454,3.1584200769430026e-05,0.08924949169158936,0.002514180028811097,0.0023595192469656467,0.0023595192469656467,-0.0005908334860578179,0.0005180912557989359,0.0003033303946722299,0.026476502418518066,2.1447266362883965e-07,0.09094351530075073,0.0004953682655468583,0.0004953682655468583,0.0004953682655468583,0.0004953682655468583,0,0,0,"{'mean': {'raw': -0.003738759784027934, 'lambda': 0.0, 'weighted': 0.0}, 'log_growth': {'raw': -0.003602241165935993, 'lambda': 1.0, 'weighted': -0.003602241165935993}, 'cvar': {'raw': -0.0013169506564736366, 'lambda': 0.0, 'weighted': 0.0}, 'turnover': {'raw': 0.005876046139746904, 'lambda': 0.0, 'weighted': 0.0}, 'volatility': {'raw': 0.000264170317677781, 'lambda': 0.0, 'weighted': 0.0}, 'vol_excess': {'raw': 0.008013397455215454, 'lambda': 0.0, 'weighted': 0.0}, 'weight_path': {'raw': 3.1584200769430026e-05, 'lambda': 0.0, 'weighted': 0.0}, 'diversify': {'raw': 0.08924949169158936, 'lambda': 0.0, 'weighted': 0.0}}","{'mean': {'raw': -0.002514180028811097, 'lambda': 0.0, 'weighted': 0.0}, 'log_growth': {'raw': -0.0023595192469656467, 'lambda': 1.0, 'weighted': -0.0023595192469656467}, 'cvar': {'raw': 0.0005908334860578179, 'lambda': 0.0, 'weighted': 0.0}, 'turnover': {'raw': 0.0005180912557989359, 'lambda': 0.0, 'weighted': 0.0}, 'volatility': {'raw': 0.0003033303946722299, 'lambda': 0.0, 'weighted': 0.0}, 'vol_excess': {'raw': 0.026476502418518066, 'lambda': 0.0, 'weighted': 0.0}, 'weight_path': {'raw': 2.1447266362883965e-07, 'lambda': 0.0, 'weighted': 0.0}, 'diversify': {'raw': 0.09094351530075073, 'lambda': 0.0, 'weighted': 0.0}}",0.0003,795,1047,cadence,1,cadence_accept,3.234017640352249e-07,0.00013706256658599356,252
2,-0.003600805066525936,-0.002359842648729682,0.003737354651093483,0.003600805066525936,0.003600805066525936,0.001314477063715458,0.006294312886893749,0.00026423478266224265,0.008044898509979248,3.376172389835119e-05,0.0893741101026535,0.0025145336985588074,0.002359842648729682,0.002359842648729682,-0.0005910869222134352,0.0005050140316598117,0.0003033902030438185,0.026503771543502808,2.0375888709622814e-07,0.09112241864204407,0.0005112081998959184,0.0005112081998959184,0.0005112081998959184,0.0005112081998959184,0,0,0,"{'mean': {'raw': -0.003737354651093483, 'lambda': 0.0, 'weighted': 0.0}, 'log_growth': {'raw': -0.003600805066525936, 'lambda': 1.0, 'weighted': -0.003600805066525936}, 'cvar': {'raw': -0.001314477063715458, 'lambda': 0.0, 'weighted': 0.0}, 'turnover': {'raw': 0.006294312886893749, 'lambda': 0.0, 'weighted': 0.0}, 'volatility': {'raw': 0.00026423478266224265, 'lambda': 0.0, 'weighted': 0.0}, 'vol_excess': {'raw': 0.008044898509979248, 'lambda': 0.0, 'weighted': 0.0}, 'weight_path': {'raw': 3.376172389835119e-05, 'lambda': 0.0, 'weighted': 0.0}, 'diversify': {'raw': 0.0893741101026535, 'lambda': 0.0, 'weighted': 0.0}}","{'mean': {'raw': -0.0025145336985588074, 'lambda': 0.0, 'weighted': 0.0}, 'log_growth': {'raw': -0.002359842648729682, 'lambda': 1.0, 'weighted': -0.002359842648729682}, 'cvar': {'raw': 0.0005910869222134352, 'lambda': 0.0, 'weighted': 0.0}, 'turnover': {'raw': 0.0005050140316598117, 'lambda': 0.0, 'weighted': 0.0}, 'volatility': {'raw': 0.0003033902030438185, 'lambda': 0.0, 'weighted': 0.0}, 'vol_excess': {'raw': 0.026503771543502808, 'lambda': 0.0, 'weighted': 0.0}, 'weight_path': {'raw': 2.0375888709622814e-07, 'lambda': 0.0, 'weighted': 0.0}, 'diversify': {'raw': 0.09112241864204407, 'lambda': 0.0, 'weighted': 0.0}}",0.0003,795,1047,cadence,1,cadence_accept,3.234017640352249e-07,0.00013706256658599356,252
1,-0.0038123244885355234,-0.0021905272733420134,0.003948178607970476,0.0038123244885355234,0.0038123244885355234,0.0015509555814787745,0.006194780580699444,0.0002612622338347137,0.006589323282241821,3.4345815947744995e-05,0.08934211730957031,0.002342445310205221,0.0021905272733420134,0.0021905272733420134,-0.0007138283690437675,0.00049193250015378,0.00029858434572815895,0.02430504560470581,1.9405899820412742e-07,0.0916525200009346,0.0005472179036587477,0.0005472179036587477,0.0005472179036587477,0.0005472179036587477,0,0,0,"{'mean': {'raw': -0.003948178607970476, 'lambda': 0.0, 'weighted': 0.0}, 'log_growth': {'raw': -0.0038123244885355234, 'lambda': 1.0, 'weighted': -0.0038123244885355234}, 'cvar': {'raw': -0.0015509555814787745, 'lambda': 0.0, 'weighted': 0.0}, 'turnover': {'raw': 0.006194780580699444, 'lambda': 0.0, 'weighted': 0.0}, 'volatility': {'raw': 0.0002612622338347137, 'lambda': 0.0, 'weighted': 0.0}, 'vol_excess': {'raw': 0.006589323282241821, 'lambda': 0.0, 'weighted': 0.0}, 'weight_path': {'raw': 3.4345815947744995e-05, 'lambda': 0.0, 'weighted': 0.0}, 'diversify': {'raw': 0.08934211730957031, 'lambda': 0.0, 'weighted': 0.0}}","{'mean': {'raw': -0.002342445310205221, 'lambda': 0.0, 'weighted': 0.0}, 'log_growth': {'raw': -0.0021905272733420134, 'lambda': 1.0, 'weighted': -0.0021905272733420134}, 'cvar': {'raw': 0.0007138283690437675, 'lambda': 0.0, 'weighted': 0.0}, 'turnover': {'raw': 0.00049193250015378, 'lambda': 0.0, 'weighted': 0.0}, 'volatility': {'raw': 0.00029858434572815895, 'lambda': 0.0, 'weighted': 0.0}, 'vol_excess': {'raw': 0.02430504560470581, 'lambda': 0.0, 'weighted': 0.0}, 'weight_path': {'raw': 1.9405899820412742e-07, 'lambda': 0.0, 'weighted': 0.0}, 'diversify': {'raw': 0.0916525200009346, 'lambda': 0.0, 'weighted': 0.0}}",0.0003,800,1052,cadence,1,cadence_accept,2.9010698199272156e-07,0.00013243705540250046,252
2,-0.003812904469668865,-0.002190817380324006,0.003948981408029795,0.003812904469668865,0.003812904469668865,0.001547986059449613,0.006002815440297127,0.00026171712670475245,0.006812632083892822,3.258565629948862e-05,0.08990965783596039,0.0023427645210176706,0.002190817380324006,0.002190817380324006,-0.0007140797097235918,0.0004791811225004494,0.0002986399922519922,0.024330615997314453,1.8410659663459228e-07,0.09182123094797134,0.000538265856448561,0.000538265856448561,0.000538265856448561,0.000538265856448561,0,0,0,"{'mean': {'raw': -0.003948981408029795, 'lambda': 0.0, 'weighted': 0.0}, 'log_growth': {'raw': -0.003812904469668865, 'lambda': 1.0, 'weighted': -0.003812904469668865}, 'cvar': {'raw': -0.001547986059449613, 'lambda': 0.0, 'weighted': 0.0}, 'turnover': {'raw': 0.006002815440297127, 'lambda': 0.0, 'weighted': 0.0}, 'volatility': {'raw': 0.00026171712670475245, 'lambda': 0.0, 'weighted': 0.0}, 'vol_excess': {'raw': 0.006812632083892822, 'lambda': 0.0, 'weighted': 0.0}, 'weight_path': {'raw': 3.258565629948862e-05, 'lambda': 0.0, 'weighted': 0.0}, 'diversify': {'raw': 0.08990965783596039, 'lambda': 0.0, 'weighted': 0.0}}","{'mean': {'raw': -0.0023427645210176706, 'lambda': 0.0, 'weighted': 0.0}, 'log_growth': {'raw': -0.002190817380324006, 'lambda': 1.0, 'weighted': -0.002190817380324006}, 'cvar': {'raw': 0.0007140797097235918, 'lambda': 0.0, 'weighted': 0.0}, 'turnover': {'raw': 0.0004791811225004494, 'lambda': 0.0, 'weighted': 0.0}, 'volatility': {'raw': 0.0002986399922519922, 'lambda': 0.0, 'weighted': 0.0}, 'vol_excess': {'raw': 0.024330615997314453, 'lambda': 0.0, 'weighted': 0.0}, 'weight_path': {'raw': 1.8410659663459228e-07, 'lambda': 0.0, 'weighted': 0.0}, 'diversify': {'raw': 0.09182123094797134, 'lambda': 0.0, 'weighted': 0.0}}",0.0003,800,1052,cadence,1,cadence_accept,2.9010698199272156e-07,0.00013243705540250046,252
1,-0.004014546517282724,-0.0020432702731341124,0.004152362234890461,0.004014546517282724,0.004014546517282724,0.001726991613395512,0.005732527934014797,0.00026358943432569504,0.007729589939117432,2.583894456620328e-05,0.09024962782859802,0.002185889519751072,0.0020432702731341124,0.0020432702731341124,-0.0006889058859087527,0.0004250862402841449,0.0002806028351187706,0.01591712236404419,1.4579815399429208e-07,0.09220654517412186,0.00047212778008542955,0.00047212778008542955,0.00047212778008542955,0.00047212778008542955,0,0,0,"{'mean': {'raw': -0.004152362234890461, 'lambda': 0.0, 'weighted': 0.0}, 'log_growth': {'raw': -0.004014546517282724, 'lambda': 1.0, 'weighted': -0.004014546517282724}, 'cvar': {'raw': -0.001726991613395512, 'lambda': 0.0, 'weighted': 0.0}, 'turnover': {'raw': 0.005732527934014797, 'lambda': 0.0, 'weighted': 0.0}, 'volatility': {'raw': 0.00026358943432569504, 'lambda': 0.0, 'weighted': 0.0}, 'vol_excess': {'raw': 0.007729589939117432, 'lambda': 0.0, 'weighted': 0.0}, 'weight_path': {'raw': 2.583894456620328e-05, 'lambda': 0.0, 'weighted': 0.0}, 'diversify': {'raw': 0.09024962782859802, 'lambda': 0.0, 'weighted': 0.0}}","{'mean': {'raw': -0.002185889519751072, 'lambda': 0.0, 'weighted': 0.0}, 'log_growth': {'raw': -0.0020432702731341124, 'lambda': 1.0, 'weighted': -0.0020432702731341124}, 'cvar': {'raw': 0.0006889058859087527, 'lambda': 0.0, 'weighted': 0.0}, 'turnover': {'raw': 0.0004250862402841449, 'lambda': 0.0, 'weighted': 0.0}, 'volatility': {'raw': 0.0002806028351187706, 'lambda': 0.0, 'weighted': 0.0}, 'vol_excess': {'raw': 0.01591712236404419, 'lambda': 0.0, 'weighted': 0.0}, 'weight_path': {'raw': 1.4579815399429208e-07, 'lambda': 0.0, 'weighted': 0.0}, 'diversify': {'raw': 0.09220654517412186, 'lambda': 0.0, 'weighted': 0.0}}",0.0003,805,1057,cadence,1,cadence_accept,2.0186416804790497e-07,9.87946482672e-05,252
2,-0.004012353252619505,-0.0020434721373021603,0.00415010517463088,0.004012353252619505,0.004012353252619505,0.0017255665734410286,0.0063959467224776745,0.00026347406674176455,0.007673174142837524,3.42750245181378e-05,0.08980881422758102,0.0021861165296286345,0.0020434721373021603,0.0020434721373021603,-0.0006891840603202581,0.0004141130193602294,0.0002806522243190557,0.015940546989440918,1.3834031165060878e-07,0.09236345440149307,0.000497205532155931,0.000497205532155931,0.000497205532155931,0.000497205532155931,0,0,0,"{'mean': {'raw': -0.00415010517463088, 'lambda': 0.0, 'weighted': 0.0}, 'log_growth': {'raw': -0.004012353252619505, 'lambda': 1.0, 'weighted': -0.004012353252619505}, 'cvar': {'raw': -0.0017255665734410286, 'lambda': 0.0, 'weighted': 0.0}, 'turnover': {'raw': 0.0063959467224776745, 'lambda': 0.0, 'weighted': 0.0}, 'volatility': {'raw': 0.00026347406674176455, 'lambda': 0.0, 'weighted': 0.0}, 'vol_excess': {'raw': 0.007673174142837524, 'lambda': 0.0, 'weighted': 0.0}, 'weight_path': {'raw': 3.42750245181378e-05, 'lambda': 0.0, 'weighted': 0.0}, 'diversify': {'raw': 0.08980881422758102, 'lambda': 0.0, 'weighted': 0.0}}","{'mean': {'raw': -0.0021861165296286345, 'lambda': 0.0, 'weighted': 0.0}, 'log_growth': {'raw': -0.0020434721373021603, 'lambda': 1.0, 'weighted': -0.0020434721373021603}, 'cvar': {'raw': 0.0006891840603202581, 'lambda': 0.0, 'weighted': 0.0}, 'turnover': {'raw': 0.0004141130193602294, 'lambda': 0.0, 'weighted': 0.0}, 'volatility': {'raw': 0.0002806522243190557, 'lambda': 0.0, 'weighted': 0.0}, 'vol_excess': {'raw': 0.015940546989440918, 'lambda': 0.0, 'weighted': 0.0}, 'weight_path': {'raw': 1.3834031165060878e-07, 'lambda': 0.0, 'weighted': 0.0}, 'diversify': {'raw': 0.09236345440149307, 'lambda': 0.0, 'weighted': 0.0}}",0.0003,805,1057,cadence,1,cadence_accept,2.0186416804790497e-07,9.87946482672e-05,252
1,-0.0040279109962284565,-0.002268805168569088,0.004166809376329184,0.0040279109962284565,0.0040279109962284565,0.001720466185361147,0.004972853232175112,0.00026565100415609777,0.008735507726669312,2.4706218027858995e-05,0.09072449058294296,0.0024105971679091454,0.002268805168569088,0.002268805168569088,-0.0004350966773927212,0.00038639132981188595,0.00027809356106445193,0.014725476503372192,1.1620757334185328e-07,0.0926164835691452,0.0004851460689678788,0.0004851460689678788,0.0004851460689678788,0.0004851460689678788,0,0,0,"{'mean': {'raw': -0.004166809376329184, 'lambda': 0.0, 'weighted': 0.0}, 'log_growth': {'raw': -0.0040279109962284565, 'lambda': 1.0, 'weighted': -0.0040279109962284565}, 'cvar': {'raw': -0.001720466185361147, 'lambda': 0.0, 'weighted': 0.0}, 'turnover': {'raw': 0.004972853232175112, 'lambda': 0.0, 'weighted': 0.0}, 'volatility': {'raw': 0.00026565100415609777, 'lambda': 0.0, 'weighted': 0.0}, 'vol_excess': {'raw': 0.008735507726669312, 'lambda': 0.0, 'weighted': 0.0}, 'weight_path': {'raw': 2.4706218027858995e-05, 'lambda': 0.0, 'weighted': 0.0}, 'diversify': {'raw': 0.09072449058294296, 'lambda': 0.0, 'weighted': 0.0}}","{'mean': {'raw': -0.0024105971679091454, 'lambda': 0.0, 'weighted': 0.0}, 'log_growth': {'raw': -0.002268805168569088, 'lambda': 1.0, 'weighted': -0.002268805168569088}, 'cvar': {'raw': 0.0004350966773927212, 'lambda': 0.0, 'weighted': 0.0}, 'turnover': {'raw': 0.00038639132981188595, 'lambda': 0.0, 'weighted': 0.0}, 'volatility': {'raw': 0.00027809356106445193, 'lambda': 0.0, 'weighted': 0.0}, 'vol_excess': {'raw': 0.014725476503372192, 'lambda': 0.0, 'weighted': 0.0}, 'weight_path': {'raw': 1.1620757334185328e-07, 'lambda': 0.0, 'weighted': 0.0}, 'diversify': {'raw': 0.0926164835691452, 'lambda': 0.0, 'weighted': 0.0}}",0.0003,810,1062,cadence,1,cadence_accept,1.371372491121292e-07,6.044470056376659e-05,252
2,-0.004025645088404417,-0.0022689423058182,0.004164496436715126,0.004025645088404417,0.004025645088404417,0.0017185802571475506,0.005217009223997593,0.000265569775365293,0.008695930242538452,2.2211583200260065e-05,0.09068270027637482,0.00241075805388391,0.0022689423058182,0.0022689423058182,-0.00043542368803173304,0.00037638022331520915,0.00027814117493107915,0.01474812626838684,1.102346800507803e-07,0.09276654571294785,0.0005211263196542859,0.0005211263196542859,0.0005211263196542859,0.0005211263196542859,0,0,0,"{'mean': {'raw': -0.004164496436715126, 'lambda': 0.0, 'weighted': 0.0}, 'log_growth': {'raw': -0.004025645088404417, 'lambda': 1.0, 'weighted': -0.004025645088404417}, 'cvar': {'raw': -0.0017185802571475506, 'lambda': 0.0, 'weighted': 0.0}, 'turnover': {'raw': 0.005217009223997593, 'lambda': 0.0, 'weighted': 0.0}, 'volatility': {'raw': 0.000265569775365293, 'lambda': 0.0, 'weighted': 0.0}, 'vol_excess': {'raw': 0.008695930242538452, 'lambda': 0.0, 'weighted': 0.0}, 'weight_path': {'raw': 2.2211583200260065e-05, 'lambda': 0.0, 'weighted': 0.0}, 'diversify': {'raw': 0.09068270027637482, 'lambda': 0.0, 'weighted': 0.0}}","{'mean': {'raw': -0.00241075805388391, 'lambda': 0.0, 'weighted': 0.0}, 'log_growth': {'raw': -0.0022689423058182, 'lambda': 1.0, 'weighted': -0.0022689423058182}, 'cvar': {'raw': 0.00043542368803173304, 'lambda': 0.0, 'weighted': 0.0}, 'turnover': {'raw': 0.00037638022331520915, 'lambda': 0.0, 'weighted': 0.0}, 'volatility': {'raw': 0.00027814117493107915, 'lambda': 0.0, 'weighted': 0.0}, 'vol_excess': {'raw': 0.01474812626838684, 'lambda': 0.0, 'weighted': 0.0}, 'weight_path': {'raw': 1.102346800507803e-07, 'lambda': 0.0, 'weighted': 0.0}, 'diversify': {'raw': 0.09276654571294785, 'lambda': 0.0, 'weighted': 0.0}}",0.0003,810,1062,cadence,1,cadence_accept,1.371372491121292e-07,6.044470056376659e-05,252
1,-0.004024224821478128,-0.003807954490184784,0.004165139980614185,0.004024224821478128,0.004024224821478128,0.001671631122007966,0.005439144093543291,0.0002696335141081363,0.010667681694030762,2.6403742594993673e-05,0.09078934043645859,0.003971889615058899,0.003807954490184784,0.003807954490184784,0.0008733565919101238,0.0003563259670045227,0.0003152951830998063,0.03187653422355652,1.0311736531321003e-07,0.0930030569434166,0.00045709346886724234,0.00045709346886724234,0.00045709346886724234,0.00045709346886724234,0,0,0,"{'mean': {'raw': -0.004165139980614185, 'lambda': 0.0, 'weighted': 0.0}, 'log_growth': {'raw': -0.004024224821478128, 'lambda': 1.0, 'weighted': -0.004024224821478128}, 'cvar': {'raw': -0.001671631122007966, 'lambda': 0.0, 'weighted': 0.0}, 'turnover': {'raw': 0.005439144093543291, 'lambda': 0.0, 'weighted': 0.0}, 'volatility': {'raw': 0.0002696335141081363, 'lambda': 0.0, 'weighted': 0.0}, 'vol_excess': {'raw': 0.010667681694030762, 'lambda': 0.0, 'weighted': 0.0}, 'weight_path': {'raw': 2.6403742594993673e-05, 'lambda': 0.0, 'weighted': 0.0}, 'diversify': {'raw': 0.09078934043645859, 'lambda': 0.0, 'weighted': 0.0}}","{'mean': {'raw': -0.003971889615058899, 'lambda': 0.0, 'weighted': 0.0}, 'log_growth': {'raw': -0.003807954490184784, 'lambda': 1.0, 'weighted': -0.003807954490184784}, 'cvar': {'raw': -0.0008733565919101238, 'lambda': 0.0, 'weighted': 0.0}, 'turnover': {'raw': 0.0003563259670045227, 'lambda': 0.0, 'weighted': 0.0}, 'volatility': {'raw': 0.0003152951830998063, 'lambda': 0.0, 'weighted': 0.0}, 'vol_excess': {'raw': 0.03187653422355652, 'lambda': 0.0, 'weighted': 0.0}, 'weight_path': {'raw': 1.0311736531321003e-07, 'lambda': 0.0, 'weighted': 0.0}, 'diversify': {'raw': 0.0930030569434166, 'lambda': 0.0, 'weighted': 0.0}}",0.0003,815,1067,cadence,1,cadence_accept,3.1688250601291656e-07,8.32159383066376e-05,252
2,-0.004025123082101345,-0.003808271372690797,0.004166269209235907,0.004025123082101345,0.004025123082101345,0.0016689831390976906,0.004804279189556837,0.0002701042394619435,0.010895133018493652,1.8724978872342035e-05,0.09113721549510956,0.003972235135734081,0.003808271372690797,0.003808271372690797,0.0008731790585443377,0.0003473791584838182,0.00031535024754703045,0.031901150941848755,9.79602674533453e-08,0.09314265847206116,0.0004443882207851857,0.0004443882207851857,0.0004443882207851857,0.0004443882207851857,0,0,0,"{'mean': {'raw': -0.004166269209235907, 'lambda': 0.0, 'weighted': 0.0}, 'log_growth': {'raw': -0.004025123082101345, 'lambda': 1.0, 'weighted': -0.004025123082101345}, 'cvar': {'raw': -0.0016689831390976906, 'lambda': 0.0, 'weighted': 0.0}, 'turnover': {'raw': 0.004804279189556837, 'lambda': 0.0, 'weighted': 0.0}, 'volatility': {'raw': 0.0002701042394619435, 'lambda': 0.0, 'weighted': 0.0}, 'vol_excess': {'raw': 0.010895133018493652, 'lambda': 0.0, 'weighted': 0.0}, 'weight_path': {'raw': 1.8724978872342035e-05, 'lambda': 0.0, 'weighted': 0.0}, 'diversify': {'raw': 0.09113721549510956, 'lambda': 0.0, 'weighted': 0.0}}","{'mean': {'raw': -0.003972235135734081, 'lambda': 0.0, 'weighted': 0.0}, 'log_growth': {'raw': -0.003808271372690797, 'lambda': 1.0, 'weighted': -0.003808271372690797}, 'cvar': {'raw': -0.0008731790585443377, 'lambda': 0.0, 'weighted': 0.0}, 'turnover': {'raw': 0.0003473791584838182, 'lambda': 0.0, 'weighted': 0.0}, 'volatility': {'raw': 0.00031535024754703045, 'lambda': 0.0, 'weighted': 0.0}, 'vol_excess': {'raw': 0.031901150941848755, 'lambda': 0.0, 'weighted': 0.0}, 'weight_path': {'raw': 9.79602674533453e-08, 'lambda': 0.0, 'weighted': 0.0}, 'diversify': {'raw': 0.09314265847206116, 'lambda': 0.0, 'weighted': 0.0}}",0.0003,815,1067,cadence,1,cadence_accept,3.1688250601291656e-07,8.32159383066376e-05,252
1,-0.0039829071611166,-0.004778248257935047,0.004128217231482267,0.0039829071611166,0.0039829071611166,0.0015443481970578432,0.004882285371422768,0.00027877496904693544,0.015049606561660767,2.1529111108975485e-05,0.0912184864282608,0.0049246447160840034,0.004778248257935047,0.004778248257935047,0.002242898801341653,0.00030193038401193917,0.00027181743644177914,0.011721223592758179,7.541507329733577e-08,0.09327211230993271,0.0004594002093654126,0.0004594002093654126,0.0004594002093654126,0.0004594002093654126,0,0,0,"{'mean': {'raw': -0.004128217231482267, 'lambda': 0.0, 'weighted': 0.0}, 'log_growth': {'raw': -0.0039829071611166, 'lambda': 1.0, 'weighted': -0.0039829071611166}, 'cvar': {'raw': -0.0015443481970578432, 'lambda': 0.0, 'weighted': 0.0}, 'turnover': {'raw': 0.004882285371422768, 'lambda': 0.0, 'weighted': 0.0}, 'volatility': {'raw': 0.00027877496904693544, 'lambda': 0.0, 'weighted': 0.0}, 'vol_excess': {'raw': 0.015049606561660767, 'lambda': 0.0, 'weighted': 0.0}, 'weight_path': {'raw': 2.1529111108975485e-05, 'lambda': 0.0, 'weighted': 0.0}, 'diversify': {'raw': 0.0912184864282608, 'lambda': 0.0, 'weighted': 0.0}}","{'mean': {'raw': -0.0049246447160840034, 'lambda': 0.0, 'weighted': 0.0}, 'log_growth': {'raw': -0.004778248257935047, 'lambda': 1.0, 'weighted': -0.004778248257935047}, 'cvar': {'raw': -0.002242898801341653, 'lambda': 0.0, 'weighted': 0.0}, 'turnover': {'raw': 0.00030193038401193917, 'lambda': 0.0, 'weighted': 0.0}, 'volatility': {'raw': 0.00027181743644177914, 'lambda': 0.0, 'weighted': 0.0}, 'vol_excess': {'raw': 0.011721223592758179, 'lambda': 0.0, 'weighted': 0.0}, 'weight_path': {'raw': 7.541507329733577e-08, 'lambda': 0.0, 'weighted': 0.0}, 'diversify': {'raw': 0.09327211230993271, 'lambda': 0.0, 'weighted': 0.0}}",0.0003,820,1072,cadence,1,cadence_accept,3.4598633646965027e-07,7.240861456343878e-05,252
2,-0.003983556758612394,-0.004778594244271517,0.004128977190703154,0.003983556758612394,0.003983556758612394,0.0015435843961313367,0.005034468602389097,0.00027900439454242587,0.015158653259277344,2.3510841856477782e-05,0.09132558107376099,0.0049250186420977116,0.004778594244271517,0.004778594244271517,0.0022427733056247234,0.00029452668968588114,0.00027186900842934847,0.011746048927307129,7.174712379764969e-08,0.09340579807758331,0.0004507169942371547,0.0004507169942371547,0.0004507169942371547,0.0004507169942371547,0,0,0,"{'mean': {'raw': -0.004128977190703154, 'lambda': 0.0, 'weighted': 0.0}, 'log_growth': {'raw': -0.003983556758612394, 'lambda': 1.0, 'weighted': -0.003983556758612394}, 'cvar': {'raw': -0.0015435843961313367, 'lambda': 0.0, 'weighted': 0.0}, 'turnover': {'raw': 0.005034468602389097, 'lambda': 0.0, 'weighted': 0.0}, 'volatility': {'raw': 0.00027900439454242587, 'lambda': 0.0, 'weighted': 0.0}, 'vol_excess': {'raw': 0.015158653259277344, 'lambda': 0.0, 'weighted': 0.0}, 'weight_path': {'raw': 2.3510841856477782e-05, 'lambda': 0.0, 'weighted': 0.0}, 'diversify': {'raw': 0.09132558107376099, 'lambda': 0.0, 'weighted': 0.0}}","{'mean': {'raw': -0.0049250186420977116, 'lambda': 0.0, 'weighted': 0.0}, 'log_growth': {'raw': -0.004778594244271517, 'lambda': 1.0, 'weighted': -0.004778594244271517}, 'cvar': {'raw': -0.0022427733056247234, 'lambda': 0.0, 'weighted': 0.0}, 'turnover': {'raw': 0.00029452668968588114, 'lambda': 0.0, 'weighted': 0.0}, 'volatility': {'raw': 0.00027186900842934847, 'lambda': 0.0, 'weighted': 0.0}, 'vol_excess': {'raw': 0.011746048927307129, 'lambda': 0.0, 'weighted': 0.0}, 'weight_path': {'raw': 7.174712379764969e-08, 'lambda': 0.0, 'weighted': 0.0}, 'diversify': {'raw': 0.09340579807758331, 'lambda': 0.0, 'weighted': 0.0}}",0.0003,820,1072,cadence,1,cadence_accept,3.4598633646965027e-07,7.240861456343878e-05,252
1,-0.004349555820226669,-0.0038237315602600574,0.004496708046644926,0.004349555820226669,0.004349555820226669,0.0019033771241083741,0.005023500882089138,0.0002794603060465306,0.015375226736068726,2.474705979693681e-05,0.09143761545419693,0.003954020328819752,0.0038237315602600574,0.0038237315602600574,0.0015185090014711022,0.0002513876825105399,0.0002475819201208651,0.0,5.494830190855282e-08,0.09350758790969849,0.0004995503695681691,0.0004995503695681691,0.0004995503695681691,0.0004995503695681691,0,0,0,"{'mean': {'raw': -0.004496708046644926, 'lambda': 0.0, 'weighted': 0.0}, 'log_growth': {'raw': -0.004349555820226669, 'lambda': 1.0, 'weighted': -0.004349555820226669}, 'cvar': {'raw': -0.0019033771241083741, 'lambda': 0.0, 'weighted': 0.0}, 'turnover': {'raw': 0.005023500882089138, 'lambda': 0.0, 'weighted': 0.0}, 'volatility': {'raw': 0.0002794603060465306, 'lambda': 0.0, 'weighted': 0.0}, 'vol_excess': {'raw': 0.015375226736068726, 'lambda': 0.0, 'weighted': 0.0}, 'weight_path': {'raw': 2.474705979693681e-05, 'lambda': 0.0, 'weighted': 0.0}, 'diversify': {'raw': 0.09143761545419693, 'lambda': 0.0, 'weighted': 0.0}}","{'mean': {'raw': -0.003954020328819752, 'lambda': 0.0, 'weighted': 0.0}, 'log_growth': {'raw': -0.0038237315602600574, 'lambda': 1.0, 'weighted': -0.0038237315602600574}, 'cvar': {'raw': -0.0015185090014711022, 'lambda': 0.0, 'weighted': 0.0}, 'turnover': {'raw': 0.0002513876825105399, 'lambda': 0.0, 'weighted': 0.0}, 'volatility': {'raw': 0.0002475819201208651, 'lambda': 0.0, 'weighted': 0.0}, 'vol_excess': {'raw': 0.0, 'lambda': 0.0, 'weighted': 0.0}, 'weight_path': {'raw': 5.494830190855282e-08, 'lambda': 0.0, 'weighted': 0.0}, 'diversify': {'raw': 0.09350758790969849, 'lambda': 0.0, 'weighted': 0.0}}",0.0003,825,1077,cadence,1,cadence_accept,3.466848284006119e-07,9.066662312622351e-05,252
2,-0.004350818227976561,-0.003824078245088458,0.004498010501265526,0.004350818227976561,0.004350818227976561,0.0019043934298679233,0.0048054056242108345,0.00027953743119724095,0.015411823987960815,2.0218662029947154e-05,0.09186180680990219,0.003954391460865736,0.003824078245088458,0.003824078245088458,0.001518426463007927,0.00024516592384316027,0.000247629068326205,0.0,5.2252374871386564e-08,0.09363869577646255,0.0004724549362435937,0.0004724549362435937,0.0004724549362435937,0.0004724549362435937,0,0,0,"{'mean': {'raw': -0.004498010501265526, 'lambda': 0.0, 'weighted': 0.0}, 'log_growth': {'raw': -0.004350818227976561, 'lambda': 1.0, 'weighted': -0.004350818227976561}, 'cvar': {'raw': -0.0019043934298679233, 'lambda': 0.0, 'weighted': 0.0}, 'turnover': {'raw': 0.0048054056242108345, 'lambda': 0.0, 'weighted': 0.0}, 'volatility': {'raw': 0.00027953743119724095, 'lambda': 0.0, 'weighted': 0.0}, 'vol_excess': {'raw': 0.015411823987960815, 'lambda': 0.0, 'weighted': 0.0}, 'weight_path': {'raw': 2.0218662029947154e-05, 'lambda': 0.0, 'weighted': 0.0}, 'diversify': {'raw': 0.09186180680990219, 'lambda': 0.0, 'weighted': 0.0}}","{'mean': {'raw': -0.003954391460865736, 'lambda': 0.0, 'weighted': 0.0}, 'log_growth': {'raw': -0.003824078245088458, 'lambda': 1.0, 'weighted': -0.003824078245088458}, 'cvar': {'raw': -0.001518426463007927, 'lambda': 0.0, 'weighted': 0.0}, 'turnover': {'raw': 0.00024516592384316027, 'lambda': 0.0, 'weighted': 0.0}, 'volatility': {'raw': 0.000247629068326205, 'lambda': 0.0, 'weighted': 0.0}, 'vol_excess': {'raw': 0.0, 'lambda': 0.0, 'weighted': 0.0}, 'weight_path': {'raw': 5.2252374871386564e-08, 'lambda': 0.0, 'weighted': 0.0}, 'diversify': {'raw': 0.09363869577646255, 'lambda': 0.0, 'weighted': 0.0}}",0.0003,825,1077,cadence,1,cadence_accept,3.466848284006119e-07,9.066662312622351e-05,252
1,-0.004588857293128967,-0.003987877629697323,0.004738658666610718,0.004588857293128967,0.004588857293128967,0.002114014234393835,0.004950266797095537,0.000282698922092095,0.016908466815948486,2.049989598162938e-05,0.09178593754768372,0.004113806877285242,0.003987877629697323,0.003987877629697323,0.0017987265018746257,0.00021770448074676096,0.000237933752941899,0.0,4.3862954157702916e-08,0.09386706352233887,0.00042407732689753175,0.00042407732689753175,0.00042407732689753175,0.00042407732689753175,0,0,0,"{'mean': {'raw': -0.004738658666610718, 'lambda': 0.0, 'weighted': 0.0}, 'log_growth': {'raw': -0.004588857293128967, 'lambda': 1.0, 'weighted': -0.004588857293128967}, 'cvar': {'raw': -0.002114014234393835, 'lambda': 0.0, 'weighted': 0.0}, 'turnover': {'raw': 0.004950266797095537, 'lambda': 0.0, 'weighted': 0.0}, 'volatility': {'raw': 0.000282698922092095, 'lambda': 0.0, 'weighted': 0.0}, 'vol_excess': {'raw': 0.016908466815948486, 'lambda': 0.0, 'weighted': 0.0}, 'weight_path': {'raw': 2.049989598162938e-05, 'lambda': 0.0, 'weighted': 0.0}, 'diversify': {'raw': 0.09178593754768372, 'lambda': 0.0, 'weighted': 0.0}}","{'mean': {'raw': -0.004113806877285242, 'lambda': 0.0, 'weighted': 0.0}, 'log_growth': {'raw': -0.003987877629697323, 'lambda': 1.0, 'weighted': -0.003987877629697323}, 'cvar': {'raw': -0.0017987265018746257, 'lambda': 0.0, 'weighted': 0.0}, 'turnover': {'raw': 0.00021770448074676096, 'lambda': 0.0, 'weighted': 0.0}, 'volatility': {'raw': 0.000237933752941899, 'lambda': 0.0, 'weighted': 0.0}, 'vol_excess': {'raw': 0.0, 'lambda': 0.0, 'weighted': 0.0}, 'weight_path': {'raw': 4.3862954157702916e-08, 'lambda': 0.0, 'weighted': 0.0}, 'diversify': {'raw': 0.09386706352233887, 'lambda': 0.0, 'weighted': 0.0}}",0.0003,830,1082,cadence,1,cadence_accept,3.7206336855888367e-07,9.329859213704719e-05,252
2,-0.004589250776916742,-0.003988249693065882,0.004739039111882448,0.004589250776916742,0.004589250776916742,0.0021146307699382305,0.004214607644826174,0.00028266748995520175,0.016893625259399414,1.4675802049168851e-05,0.092103511095047,0.004114201758056879,0.003988249693065882,0.003988249693065882,0.001798722194507718,0.00021251864382065833,0.00023797628819011152,0.0,4.179010915095205e-08,0.09398814290761948,0.0004208872269373387,0.0004208872269373387,0.0004208872269373387,0.0004208872269373387,0,0,0,"{'mean': {'raw': -0.004739039111882448, 'lambda': 0.0, 'weighted': 0.0}, 'log_growth': {'raw': -0.004589250776916742, 'lambda': 1.0, 'weighted': -0.004589250776916742}, 'cvar': {'raw': -0.0021146307699382305, 'lambda': 0.0, 'weighted': 0.0}, 'turnover': {'raw': 0.004214607644826174, 'lambda': 0.0, 'weighted': 0.0}, 'volatility': {'raw': 0.00028266748995520175, 'lambda': 0.0, 'weighted': 0.0}, 'vol_excess': {'raw': 0.016893625259399414, 'lambda': 0.0, 'weighted': 0.0}, 'weight_path': {'raw': 1.4675802049168851e-05, 'lambda': 0.0, 'weighted': 0.0}, 'diversify': {'raw': 0.092103511095047, 'lambda': 0.0, 'weighted': 0.0}}","{'mean': {'raw': -0.004114201758056879, 'lambda': 0.0, 'weighted': 0.0}, 'log_growth': {'raw': -0.003988249693065882, 'lambda': 1.0, 'weighted': -0.003988249693065882}, 'cvar': {'raw': -0.001798722194507718, 'lambda': 0.0, 'weighted': 0.0}, 'turnover': {'raw': 0.00021251864382065833, 'lambda': 0.0, 'weighted': 0.0}, 'volatility': {'raw': 0.00023797628819011152, 'lambda': 0.0, 'weighted': 0.0}, 'vol_excess': {'raw': 0.0, 'lambda': 0.0, 'weighted': 0.0}, 'weight_path': {'raw': 4.179010915095205e-08, 'lambda': 0.0, 'weighted': 0.0}, 'diversify': {'raw': 0.09398814290761948, 'lambda': 0.0, 'weighted': 0.0}}",0.0003,830,1082,cadence,1,cadence_accept,3.7206336855888367e-07,9.329859213704719e-05,252
1,-0.0045350082218647,-0.005564715713262558,0.004685102496296167,0.0045350082218647,0.0045350082218647,0.002045499626547098,0.005406866781413555,0.00028369890060275793,0.017380118370056152,2.6711988539318554e-05,0.09184267371892929,0.005714532919228077,0.005564715713262558,0.005564715713262558,0.003143900539726019,0.00022265836014412344,0.0002723715442698449,0.011987835168838501,4.965168898252159e-08,0.09418830275535583,0.000516219181008637,0.000516219181008637,0.000516219181008637,0.000516219181008637,0,0,0,"{'mean': {'raw': -0.004685102496296167, 'lambda': 0.0, 'weighted': 0.0}, 'log_growth': {'raw': -0.0045350082218647, 'lambda': 1.0, 'weighted': -0.0045350082218647}, 'cvar': {'raw': -0.002045499626547098, 'lambda': 0.0, 'weighted': 0.0}, 'turnover': {'raw': 0.005406866781413555, 'lambda': 0.0, 'weighted': 0.0}, 'volatility': {'raw': 0.00028369890060275793, 'lambda': 0.0, 'weighted': 0.0}, 'vol_excess': {'raw': 0.017380118370056152, 'lambda': 0.0, 'weighted': 0.0}, 'weight_path': {'raw': 2.6711988539318554e-05, 'lambda': 0.0, 'weighted': 0.0}, 'diversify': {'raw': 0.09184267371892929, 'lambda': 0.0, 'weighted': 0.0}}","{'mean': {'raw': -0.005714532919228077, 'lambda': 0.0, 'weighted': 0.0}, 'log_growth': {'raw': -0.005564715713262558, 'lambda': 1.0, 'weighted': -0.005564715713262558}, 'cvar': {'raw': -0.003143900539726019, 'lambda': 0.0, 'weighted': 0.0}, 'turnover': {'raw': 0.00022265836014412344, 'lambda': 0.0, 'weighted': 0.0}, 'volatility': {'raw': 0.0002723715442698449, 'lambda': 0.0, 'weighted': 0.0}, 'vol_excess': {'raw': 0.011987835168838501, 'lambda': 0.0, 'weighted': 0.0}, 'weight_path': {'raw': 4.965168898252159e-08, 'lambda': 0.0, 'weighted': 0.0}, 'diversify': {'raw': 0.09418830275535583, 'lambda': 0.0, 'weighted': 0.0}}",0.0003,835,1087,cadence,1,cadence_accept,4.544854164123535e-07,8.167271065572887e-05,252
2,-0.00453823572024703,-0.00556517019867897,0.004688585642725229,0.00453823572024703,0.00453823572024703,0.0020449135918170214,0.005227834917604923,0.00028419797308743,0.017615169286727905,2.382843376835808e-05,0.0922209843993187,0.005715011153370142,0.00556517019867897,0.00556517019867897,0.0031439713202416897,0.00021729423315264285,0.00027241770294494927,0.012010037899017334,4.727470681586965e-08,0.09430599957704544,0.000474377564387396,0.000474377564387396,0.000474377564387396,0.000474377564387396,0,0,0,"{'mean': {'raw': -0.004688585642725229, 'lambda': 0.0, 'weighted': 0.0}, 'log_growth': {'raw': -0.00453823572024703, 'lambda': 1.0, 'weighted': -0.00453823572024703}, 'cvar': {'raw': -0.0020449135918170214, 'lambda': 0.0, 'weighted': 0.0}, 'turnover': {'raw': 0.005227834917604923, 'lambda': 0.0, 'weighted': 0.0}, 'volatility': {'raw': 0.00028419797308743, 'lambda': 0.0, 'weighted': 0.0}, 'vol_excess': {'raw': 0.017615169286727905, 'lambda': 0.0, 'weighted': 0.0}, 'weight_path': {'raw': 2.382843376835808e-05, 'lambda': 0.0, 'weighted': 0.0}, 'diversify': {'raw': 0.0922209843993187, 'lambda': 0.0, 'weighted': 0.0}}","{'mean': {'raw': -0.005715011153370142, 'lambda': 0.0, 'weighted': 0.0}, 'log_growth': {'raw': -0.00556517019867897, 'lambda': 1.0, 'weighted': -0.00556517019867897}, 'cvar': {'raw': -0.0031439713202416897, 'lambda': 0.0, 'weighted': 0.0}, 'turnover': {'raw': 0.00021729423315264285, 'lambda': 0.0, 'weighted': 0.0}, 'volatility': {'raw': 0.00027241770294494927, 'lambda': 0.0, 'weighted': 0.0}, 'vol_excess': {'raw': 0.012010037899017334, 'lambda': 0.0, 'weighted': 0.0}, 'weight_path': {'raw': 4.727470681586965e-08, 'lambda': 0.0, 'weighted': 0.0}, 'diversify': {'raw': 0.09430599957704544, 'lambda': 0.0, 'weighted': 0.0}}",0.0003,835,1087,cadence,1,cadence_accept,4.544854164123535e-07,8.167271065572887e-05,252
1,-0.004217270761728287,-0.004836119245737791,0.004369023256003857,0.004217270761728287,0.004217270761728287,0.0016605413984507322,0.004681565798819065,0.00028962717624381185,0.020159274339675903,1.9566317860153504e-05,0.09241829067468643,0.004978465847671032,0.004836119245737791,0.004836119245737791,0.0025506531819701195,0.00019729383348021656,0.00026577251264825463,0.008794665336608887,3.502044876313448e-08,0.0943617895245552,0.0004650843038689345,0.0004650843038689345,0.0004650843038689345,0.0004650843038689345,0,0,0,"{'mean': {'raw': -0.004369023256003857, 'lambda': 0.0, 'weighted': 0.0}, 'log_growth': {'raw': -0.004217270761728287, 'lambda': 1.0, 'weighted': -0.004217270761728287}, 'cvar': {'raw': -0.0016605413984507322, 'lambda': 0.0, 'weighted': 0.0}, 'turnover': {'raw': 0.004681565798819065, 'lambda': 0.0, 'weighted': 0.0}, 'volatility': {'raw': 0.00028962717624381185, 'lambda': 0.0, 'weighted': 0.0}, 'vol_excess': {'raw': 0.020159274339675903, 'lambda': 0.0, 'weighted': 0.0}, 'weight_path': {'raw': 1.9566317860153504e-05, 'lambda': 0.0, 'weighted': 0.0}, 'diversify': {'raw': 0.09241829067468643, 'lambda': 0.0, 'weighted': 0.0}}","{'mean': {'raw': -0.004978465847671032, 'lambda': 0.0, 'weighted': 0.0}, 'log_growth': {'raw': -0.004836119245737791, 'lambda': 1.0, 'weighted': -0.004836119245737791}, 'cvar': {'raw': -0.0025506531819701195, 'lambda': 0.0, 'weighted': 0.0}, 'turnover': {'raw': 0.00019729383348021656, 'lambda': 0.0, 'weighted': 0.0}, 'volatility': {'raw': 0.00026577251264825463, 'lambda': 0.0, 'weighted': 0.0}, 'vol_excess': {'raw': 0.008794665336608887, 'lambda': 0.0, 'weighted': 0.0}, 'weight_path': {'raw': 3.502044876313448e-08, 'lambda': 0.0, 'weighted': 0.0}, 'diversify': {'raw': 0.0943617895245552, 'lambda': 0.0, 'weighted': 0.0}}",0.0003,840,1092,cadence,1,cadence_accept,3.105960786342621e-07,6.422423906188312e-05,252
2,-0.004220073577016592,-0.004836429841816425,0.004371986724436283,0.004220073577016592,0.004220073577016592,0.0016610990278422832,0.004419869277626276,0.0002899360260926187,0.020303308963775635,1.7561769709573127e-05,0.09273464977741241,0.004978799726814032,0.004836429841816425,0.004836429841816425,0.00255058822222054,0.00019261606212239712,0.00026581884594634175,0.008817225694656372,3.33785834527589e-08,0.0944763645529747,0.00042270953417755663,0.00042270953417755663,0.00042270953417755663,0.00042270953417755663,0,0,0,"{'mean': {'raw': -0.004371986724436283, 'lambda': 0.0, 'weighted': 0.0}, 'log_growth': {'raw': -0.004220073577016592, 'lambda': 1.0, 'weighted': -0.004220073577016592}, 'cvar': {'raw': -0.0016610990278422832, 'lambda': 0.0, 'weighted': 0.0}, 'turnover': {'raw': 0.004419869277626276, 'lambda': 0.0, 'weighted': 0.0}, 'volatility': {'raw': 0.0002899360260926187, 'lambda': 0.0, 'weighted': 0.0}, 'vol_excess': {'raw': 0.020303308963775635, 'lambda': 0.0, 'weighted': 0.0}, 'weight_path': {'raw': 1.7561769709573127e-05, 'lambda': 0.0, 'weighted': 0.0}, 'diversify': {'raw': 0.09273464977741241, 'lambda': 0.0, 'weighted': 0.0}}","{'mean': {'raw': -0.004978799726814032, 'lambda': 0.0, 'weighted': 0.0}, 'log_growth': {'raw': -0.004836429841816425, 'lambda': 1.0, 'weighted': -0.004836429841816425}, 'cvar': {'raw': -0.00255058822222054, 'lambda': 0.0, 'weighted': 0.0}, 'turnover': {'raw': 0.00019261606212239712, 'lambda': 0.0, 'weighted': 0.0}, 'volatility': {'raw': 0.00026581884594634175, 'lambda': 0.0, 'weighted': 0.0}, 'vol_excess': {'raw': 0.008817225694656372, 'lambda': 0.0, 'weighted': 0.0}, 'weight_path': {'raw': 3.33785834527589e-08, 'lambda': 0.0, 'weighted': 0.0}, 'diversify': {'raw': 0.0944763645529747, 'lambda': 0.0, 'weighted': 0.0}}",0.0003,840,1092,cadence,1,cadence_accept,3.105960786342621e-07,6.422423906188312e-05,252
1,-0.004143170081079006,-0.005566755309700966,0.004295500926673412,0.004143170081079006,0.004143170081079006,0.0015728555154055357,0.004388927482068539,0.0002914459037128836,0.021006226539611816,1.5977664588717744e-05,0.0929161086678505,0.005714207887649536,0.005566755309700966,0.005566755309700966,0.003247519489377737,0.0001953717292053625,0.00026837116456590593,0.010056793689727783,3.444506901928435e-08,0.09450937062501907,0.0003659144858829677,0.0003659144858829677,0.0003659144858829677,0.0003659144858829677,0,0,0,"{'mean': {'raw': -0.004295500926673412, 'lambda': 0.0, 'weighted': 0.0}, 'log_growth': {'raw': -0.004143170081079006, 'lambda': 1.0, 'weighted': -0.004143170081079006}, 'cvar': {'raw': -0.0015728555154055357, 'lambda': 0.0, 'weighted': 0.0}, 'turnover': {'raw': 0.004388927482068539, 'lambda': 0.0, 'weighted': 0.0}, 'volatility': {'raw': 0.0002914459037128836, 'lambda': 0.0, 'weighted': 0.0}, 'vol_excess': {'raw': 0.021006226539611816, 'lambda': 0.0, 'weighted': 0.0}, 'weight_path': {'raw': 1.5977664588717744e-05, 'lambda': 0.0, 'weighted': 0.0}, 'diversify': {'raw': 0.0929161086678505, 'lambda': 0.0, 'weighted': 0.0}}","{'mean': {'raw': -0.005714207887649536, 'lambda': 0.0, 'weighted': 0.0}, 'log_growth': {'raw': -0.005566755309700966, 'lambda': 1.0, 'weighted': -0.005566755309700966}, 'cvar': {'raw': -0.003247519489377737, 'lambda': 0.0, 'weighted': 0.0}, 'turnover': {'raw': 0.0001953717292053625, 'lambda': 0.0, 'weighted': 0.0}, 'volatility': {'raw': 0.00026837116456590593, 'lambda': 0.0, 'weighted': 0.0}, 'vol_excess': {'raw': 0.010056793689727783, 'lambda': 0.0, 'weighted': 0.0}, 'weight_path': {'raw': 3.444506901928435e-08, 'lambda': 0.0, 'weighted': 0.0}, 'diversify': {'raw': 0.09450937062501907, 'lambda': 0.0, 'weighted': 0.0}}",0.0003,845,1097,cadence,1,cadence_accept,4.2282044887542725e-07,7.595455975272347e-05,252
2,-0.004143030382692814,-0.005567178130149841,0.00429535424336791,0.004143030382692814,0.004143030382692814,0.0015727269928902388,0.004850595258176327,0.00029143085703253746,0.020999222993850708,2.076376767945476e-05,0.0928712859749794,0.00571465352550149,0.005567178130149841,0.005567178130149841,0.0032475809566676617,0.00019101999350823462,0.0002684152277652174,0.01007816195487976,3.2928465287795916e-08,0.09461776912212372,0.00036432978231459856,0.00036432978231459856,0.00036432978231459856,0.00036432978231459856,0,0,0,"{'mean': {'raw': -0.00429535424336791, 'lambda': 0.0, 'weighted': 0.0}, 'log_growth': {'raw': -0.004143030382692814, 'lambda': 1.0, 'weighted': -0.004143030382692814}, 'cvar': {'raw': -0.0015727269928902388, 'lambda': 0.0, 'weighted': 0.0}, 'turnover': {'raw': 0.004850595258176327, 'lambda': 0.0, 'weighted': 0.0}, 'volatility': {'raw': 0.00029143085703253746, 'lambda': 0.0, 'weighted': 0.0}, 'vol_excess': {'raw': 0.020999222993850708, 'lambda': 0.0, 'weighted': 0.0}, 'weight_path': {'raw': 2.076376767945476e-05, 'lambda': 0.0, 'weighted': 0.0}, 'diversify': {'raw': 0.0928712859749794, 'lambda': 0.0, 'weighted': 0.0}}","{'mean': {'raw': -0.00571465352550149, 'lambda': 0.0, 'weighted': 0.0}, 'log_growth': {'raw': -0.005567178130149841, 'lambda': 1.0, 'weighted': -0.005567178130149841}, 'cvar': {'raw': -0.0032475809566676617, 'lambda': 0.0, 'weighted': 0.0}, 'turnover': {'raw': 0.00019101999350823462, 'lambda': 0.0, 'weighted': 0.0}, 'volatility': {'raw': 0.0002684152277652174, 'lambda': 0.0, 'weighted': 0.0}, 'vol_excess': {'raw': 0.01007816195487976, 'lambda': 0.0, 'weighted': 0.0}, 'weight_path': {'raw': 3.2928465287795916e-08, 'lambda': 0.0, 'weighted': 0.0}, 'diversify': {'raw': 0.09461776912212372, 'lambda': 0.0, 'weighted': 0.0}}",0.0003,845,1097,cadence,1,cadence_accept,4.2282044887542725e-07,7.595455975272347e-05,252
1,-0.004007515497505665,-0.008865833282470703,0.004158830735832453,0.004007515497505665,0.004007515497505665,0.0014488240703940392,0.004323539789766073,0.00029053009347990155,0.02058008313179016,1.562913166708313e-05,0.09318123012781143,0.009205682203173637,0.008865833282470703,0.008865833282470703,0.00467665446922183,0.00020374605082906783,0.0006378748803399503,0.1509295105934143,3.5273856724415964e-08,0.09466733783483505,0.00035436387406662107,0.00035436387406662107,0.00035436387406662107,0.00035436387406662107,0,0,0,"{'mean': {'raw': -0.004158830735832453, 'lambda': 0.0, 'weighted': 0.0}, 'log_growth': {'raw': -0.004007515497505665, 'lambda': 1.0, 'weighted': -0.004007515497505665}, 'cvar': {'raw': -0.0014488240703940392, 'lambda': 0.0, 'weighted': 0.0}, 'turnover': {'raw': 0.004323539789766073, 'lambda': 0.0, 'weighted': 0.0}, 'volatility': {'raw': 0.00029053009347990155, 'lambda': 0.0, 'weighted': 0.0}, 'vol_excess': {'raw': 0.02058008313179016, 'lambda': 0.0, 'weighted': 0.0}, 'weight_path': {'raw': 1.562913166708313e-05, 'lambda': 0.0, 'weighted': 0.0}, 'diversify': {'raw': 0.09318123012781143, 'lambda': 0.0, 'weighted': 0.0}}","{'mean': {'raw': -0.009205682203173637, 'lambda': 0.0, 'weighted': 0.0}, 'log_growth': {'raw': -0.008865833282470703, 'lambda': 1.0, 'weighted': -0.008865833282470703}, 'cvar': {'raw': -0.00467665446922183, 'lambda': 0.0, 'weighted': 0.0}, 'turnover': {'raw': 0.00020374605082906783, 'lambda': 0.0, 'weighted': 0.0}, 'volatility': {'raw': 0.0006378748803399503, 'lambda': 0.0, 'weighted': 0.0}, 'vol_excess': {'raw': 0.1509295105934143, 'lambda': 0.0, 'weighted': 0.0}, 'weight_path': {'raw': 3.5273856724415964e-08, 'lambda': 0.0, 'weighted': 0.0}, 'diversify': {'raw': 0.09466733783483505, 'lambda': 0.0, 'weighted': 0.0}}",0.0003,849,1101,cadence,1,cadence_accept,7.59027898311615e-07,8.561269697307896e-05,252
2,-0.004007306415587664,-0.008866592310369015,0.004158602561801672,0.004007306415587664,0.004007306415587664,0.0014484210405498743,0.003958009649068117,0.0002904846624005586,0.020558923482894897,1.2829525985580403e-05,0.09332279860973358,0.009206503629684448,0.008866592310369015,0.008866592310369015,0.004676787182688713,0.00019946687098126858,0.0006379989208653569,0.1509685218334198,3.3810032107339794e-08,0.09476970881223679,0.00036036226083524525,0.00036036226083524525,0.00036036226083524525,0.00036036226083524525,0,0,0,"{'mean': {'raw': -0.004158602561801672, 'lambda': 0.0, 'weighted': 0.0}, 'log_growth': {'raw': -0.004007306415587664, 'lambda': 1.0, 'weighted': -0.004007306415587664}, 'cvar': {'raw': -0.0014484210405498743, 'lambda': 0.0, 'weighted': 0.0}, 'turnover': {'raw': 0.003958009649068117, 'lambda': 0.0, 'weighted': 0.0}, 'volatility': {'raw': 0.0002904846624005586, 'lambda': 0.0, 'weighted': 0.0}, 'vol_excess': {'raw': 0.020558923482894897, 'lambda': 0.0, 'weighted': 0.0}, 'weight_path': {'raw': 1.2829525985580403e-05, 'lambda': 0.0, 'weighted': 0.0}, 'diversify': {'raw': 0.09332279860973358, 'lambda': 0.0, 'weighted': 0.0}}","{'mean': {'raw': -0.009206503629684448, 'lambda': 0.0, 'weighted': 0.0}, 'log_growth': {'raw': -0.008866592310369015, 'lambda': 1.0, 'weighted': -0.008866592310369015}, 'cvar': {'raw': -0.004676787182688713, 'lambda': 0.0, 'weighted': 0.0}, 'turnover': {'raw': 0.00019946687098126858, 'lambda': 0.0, 'weighted': 0.0}, 'volatility': {'raw': 0.0006379989208653569, 'lambda': 0.0, 'weighted': 0.0}, 'vol_excess': {'raw': 0.1509685218334198, 'lambda': 0.0, 'weighted': 0.0}, 'weight_path': {'raw': 3.3810032107339794e-08, 'lambda': 0.0, 'weighted': 0.0}, 'diversify': {'raw': 0.09476970881223679, 'lambda': 0.0, 'weighted': 0.0}}",0.0003,849,1101,cadence,1,cadence_accept,7.59027898311615e-07,8.561269697307896e-05,252
1,-0.004071056842803955,-0.010459971614181995,0.004219598602503538,0.004071056842803955,0.004071056842803955,0.0015676969196647406,0.004456768743693829,0.00028444037889130414,0.01772928237915039,1.8618973626871593e-05,0.09337318688631058,0.010833361186087132,0.010459971614181995,0.010459971614181995,0.00589821208268404,0.00019727193284779787,0.0006742325494997203,0.1621972918510437,3.361284939273901e-08,0.09476995468139648,0.0003581291239243001,0.0003581291239243001,0.0003581291239243001,0.0003581291239243001,0,0,0,"{'mean': {'raw': -0.004219598602503538, 'lambda': 0.0, 'weighted': 0.0}, 'log_growth': {'raw': -0.004071056842803955, 'lambda': 1.0, 'weighted': -0.004071056842803955}, 'cvar': {'raw': -0.0015676969196647406, 'lambda': 0.0, 'weighted': 0.0}, 'turnover': {'raw': 0.004456768743693829, 'lambda': 0.0, 'weighted': 0.0}, 'volatility': {'raw': 0.00028444037889130414, 'lambda': 0.0, 'weighted': 0.0}, 'vol_excess': {'raw': 0.01772928237915039, 'lambda': 0.0, 'weighted': 0.0}, 'weight_path': {'raw': 1.8618973626871593e-05, 'lambda': 0.0, 'weighted': 0.0}, 'diversify': {'raw': 0.09337318688631058, 'lambda': 0.0, 'weighted': 0.0}}","{'mean': {'raw': -0.010833361186087132, 'lambda': 0.0, 'weighted': 0.0}, 'log_growth': {'raw': -0.010459971614181995, 'lambda': 1.0, 'weighted': -0.010459971614181995}, 'cvar': {'raw': -0.00589821208268404, 'lambda': 0.0, 'weighted': 0.0}, 'turnover': {'raw': 0.00019727193284779787, 'lambda': 0.0, 'weighted': 0.0}, 'volatility': {'raw': 0.0006742325494997203, 'lambda': 0.0, 'weighted': 0.0}, 'vol_excess': {'raw': 0.1621972918510437, 'lambda': 0.0, 'weighted': 0.0}, 'weight_path': {'raw': 3.361284939273901e-08, 'lambda': 0.0, 'weighted': 0.0}, 'diversify': {'raw': 0.09476995468139648, 'lambda': 0.0, 'weighted': 0.0}}",0.0003,854,1106,cadence,1,cadence_accept,9.117648005485535e-07,8.716704347698074e-05,252
2,-0.004071956500411034,-0.010460883378982544,0.004220535978674889,0.004071956500411034,0.004071956500411034,0.0015679833013564348,0.00415717251598835,0.0002845094713848084,0.017761796712875366,1.5312651157728396e-05,0.09357187151908875,0.010834340937435627,0.010460883378982544,0.010460883378982544,0.005898436531424522,0.0001933448074851185,0.0006743595586158335,0.16223612427711487,3.228807443633741e-08,0.0948682576417923,0.00034217810025438666,0.00034217810025438666,0.00034217810025438666,0.00034217810025438666,0,0,0,"{'mean': {'raw': -0.004220535978674889, 'lambda': 0.0, 'weighted': 0.0}, 'log_growth': {'raw': -0.004071956500411034, 'lambda': 1.0, 'weighted': -0.004071956500411034}, 'cvar': {'raw': -0.0015679833013564348, 'lambda': 0.0, 'weighted': 0.0}, 'turnover': {'raw': 0.00415717251598835, 'lambda': 0.0, 'weighted': 0.0}, 'volatility': {'raw': 0.0002845094713848084, 'lambda': 0.0, 'weighted': 0.0}, 'vol_excess': {'raw': 0.017761796712875366, 'lambda': 0.0, 'weighted': 0.0}, 'weight_path': {'raw': 1.5312651157728396e-05, 'lambda': 0.0, 'weighted': 0.0}, 'diversify': {'raw': 0.09357187151908875, 'lambda': 0.0, 'weighted': 0.0}}","{'mean': {'raw': -0.010834340937435627, 'lambda': 0.0, 'weighted': 0.0}, 'log_growth': {'raw': -0.010460883378982544, 'lambda': 1.0, 'weighted': -0.010460883378982544}, 'cvar': {'raw': -0.005898436531424522, 'lambda': 0.0, 'weighted': 0.0}, 'turnover': {'raw': 0.0001933448074851185, 'lambda': 0.0, 'weighted': 0.0}, 'volatility': {'raw': 0.0006743595586158335, 'lambda': 0.0, 'weighted': 0.0}, 'vol_excess': {'raw': 0.16223612427711487, 'lambda': 0.0, 'weighted': 0.0}, 'weight_path': {'raw': 3.228807443633741e-08, 'lambda': 0.0, 'weighted': 0.0}, 'diversify': {'raw': 0.0948682576417923, 'lambda': 0.0, 'weighted': 0.0}}",0.0003,854,1106,cadence,1,cadence_accept,9.117648005485535e-07,8.716704347698074e-05,252
1,-0.003655830631032586,-0.009871319867670536,0.0038002864457666874,0.003655830631032586,0.003655830631032586,0.001202690415084362,0.004241934511810541,0.00027942066662944853,0.015356391668319702,1.516967222414678e-05,0.09355860203504562,0.010246875695884228,0.009871319867670536,0.009871319867670536,0.005179625004529953,0.0001854274742072448,0.0006909154471941292,0.16726574301719666,3.013218474734458e-08,0.09485700726509094,0.0003205590764991939,0.0003205590764991939,0.0003205590764991939,0.0003205590764991939,0,0,0,"{'mean': {'raw': -0.0038002864457666874, 'lambda': 0.0, 'weighted': 0.0}, 'log_growth': {'raw': -0.003655830631032586, 'lambda': 1.0, 'weighted': -0.003655830631032586}, 'cvar': {'raw': -0.001202690415084362, 'lambda': 0.0, 'weighted': 0.0}, 'turnover': {'raw': 0.004241934511810541, 'lambda': 0.0, 'weighted': 0.0}, 'volatility': {'raw': 0.00027942066662944853, 'lambda': 0.0, 'weighted': 0.0}, 'vol_excess': {'raw': 0.015356391668319702, 'lambda': 0.0, 'weighted': 0.0}, 'weight_path': {'raw': 1.516967222414678e-05, 'lambda': 0.0, 'weighted': 0.0}, 'diversify': {'raw': 0.09355860203504562, 'lambda': 0.0, 'weighted': 0.0}}","{'mean': {'raw': -0.010246875695884228, 'lambda': 0.0, 'weighted': 0.0}, 'log_growth': {'raw': -0.009871319867670536, 'lambda': 1.0, 'weighted': -0.009871319867670536}, 'cvar': {'raw': -0.005179625004529953, 'lambda': 0.0, 'weighted': 0.0}, 'turnover': {'raw': 0.0001854274742072448, 'lambda': 0.0, 'weighted': 0.0}, 'volatility': {'raw': 0.0006909154471941292, 'lambda': 0.0, 'weighted': 0.0}, 'vol_excess': {'raw': 0.16726574301719666, 'lambda': 0.0, 'weighted': 0.0}, 'weight_path': {'raw': 3.013218474734458e-08, 'lambda': 0.0, 'weighted': 0.0}, 'diversify': {'raw': 0.09485700726509094, 'lambda': 0.0, 'weighted': 0.0}}",0.0003,859,1111,cadence,1,cadence_accept,7.748603820800781e-07,7.849612740635827e-05,252
2,-0.0036573782563209534,-0.009872094728052616,0.0038020298816263676,0.0036573782563209534,0.0036573782563209534,0.0012016057735309005,0.004425005987286568,0.0002798197092488408,0.015545785427093506,1.7839456631918438e-05,0.09388740360736847,0.010247712023556232,0.009872094728052616,0.009872094728052616,0.005179741885513067,0.00018203569925390184,0.0006910356460139155,0.16730201244354248,2.904036655593245e-08,0.09494969993829727,0.00029234710382297635,0.00029234710382297635,0.00029234710382297635,0.00029234710382297635,0,0,0,"{'mean': {'raw': -0.0038020298816263676, 'lambda': 0.0, 'weighted': 0.0}, 'log_growth': {'raw': -0.0036573782563209534, 'lambda': 1.0, 'weighted': -0.0036573782563209534}, 'cvar': {'raw': -0.0012016057735309005, 'lambda': 0.0, 'weighted': 0.0}, 'turnover': {'raw': 0.004425005987286568, 'lambda': 0.0, 'weighted': 0.0}, 'volatility': {'raw': 0.0002798197092488408, 'lambda': 0.0, 'weighted': 0.0}, 'vol_excess': {'raw': 0.015545785427093506, 'lambda': 0.0, 'weighted': 0.0}, 'weight_path': {'raw': 1.7839456631918438e-05, 'lambda': 0.0, 'weighted': 0.0}, 'diversify': {'raw': 0.09388740360736847, 'lambda': 0.0, 'weighted': 0.0}}","{'mean': {'raw': -0.010247712023556232, 'lambda': 0.0, 'weighted': 0.0}, 'log_growth': {'raw': -0.009872094728052616, 'lambda': 1.0, 'weighted': -0.009872094728052616}, 'cvar': {'raw': -0.005179741885513067, 'lambda': 0.0, 'weighted': 0.0}, 'turnover': {'raw': 0.00018203569925390184, 'lambda': 0.0, 'weighted': 0.0}, 'volatility': {'raw': 0.0006910356460139155, 'lambda': 0.0, 'weighted': 0.0}, 'vol_excess': {'raw': 0.16730201244354248, 'lambda': 0.0, 'weighted': 0.0}, 'weight_path': {'raw': 2.904036655593245e-08, 'lambda': 0.0, 'weighted': 0.0}, 'diversify': {'raw': 0.09494969993829727, 'lambda': 0.0, 'weighted': 0.0}}",0.0003,859,1111,cadence,1,cadence_accept,7.748603820800781e-07,7.849612740635827e-05,252
1,-0.003819118021056056,-0.008450845256447792,0.003964025992900133,0.003819118021056056,0.003819118021056056,0.0013679605908691883,0.00364423799328506,0.00027912581572309136,0.015216350555419922,1.2591161976160947e-05,0.09390615671873093,0.008839454501867294,0.008450845256447792,0.008450845256447792,0.0032465015538036823,0.0002251015539513901,0.0007428492535836995,0.18266385793685913,5.381176393370879e-08,0.09495346993207932,0.00031634478364139795,0.00031634478364139795,0.00031634478364139795,0.00031634478364139795,0,0,0,"{'mean': {'raw': -0.003964025992900133, 'lambda': 0.0, 'weighted': 0.0}, 'log_growth': {'raw': -0.003819118021056056, 'lambda': 1.0, 'weighted': -0.003819118021056056}, 'cvar': {'raw': -0.0013679605908691883, 'lambda': 0.0, 'weighted': 0.0}, 'turnover': {'raw': 0.00364423799328506, 'lambda': 0.0, 'weighted': 0.0}, 'volatility': {'raw': 0.00027912581572309136, 'lambda': 0.0, 'weighted': 0.0}, 'vol_excess': {'raw': 0.015216350555419922, 'lambda': 0.0, 'weighted': 0.0}, 'weight_path': {'raw': 1.2591161976160947e-05, 'lambda': 0.0, 'weighted': 0.0}, 'diversify': {'raw': 0.09390615671873093, 'lambda': 0.0, 'weighted': 0.0}}","{'mean': {'raw': -0.008839454501867294, 'lambda': 0.0, 'weighted': 0.0}, 'log_growth': {'raw': -0.008450845256447792, 'lambda': 1.0, 'weighted': -0.008450845256447792}, 'cvar': {'raw': -0.0032465015538036823, 'lambda': 0.0, 'weighted': 0.0}, 'turnover': {'raw': 0.0002251015539513901, 'lambda': 0.0, 'weighted': 0.0}, 'volatility': {'raw': 0.0007428492535836995, 'lambda': 0.0, 'weighted': 0.0}, 'vol_excess': {'raw': 0.18266385793685913, 'lambda': 0.0, 'weighted': 0.0}, 'weight_path': {'raw': 5.381176393370879e-08, 'lambda': 0.0, 'weighted': 0.0}, 'diversify': {'raw': 0.09495346993207932, 'lambda': 0.0, 'weighted': 0.0}}",0.0003,864,1116,cadence,1,cadence_accept,6.537884473800659e-07,7.736367516656127e-05,252
2,-0.003821879392489791,-0.008451499044895172,0.003966846503317356,0.003821879392489791,0.003821879392489791,0.0013703356962651014,0.003949273843318224,0.0002792338200379163,0.015267640352249146,1.3104114259476773e-05,0.09404554218053818,0.0088401660323143,0.008451499044895172,0.008451499044895172,0.0032465122640132904,0.00022128812270238996,0.0007429649122059345,0.18269753456115723,5.198711860998628e-08,0.09504086524248123,0.00027099260478280485,0.00027099260478280485,0.00027099260478280485,0.00027099260478280485,0,0,0,"{'mean': {'raw': -0.003966846503317356, 'lambda': 0.0, 'weighted': 0.0}, 'log_growth': {'raw': -0.003821879392489791, 'lambda': 1.0, 'weighted': -0.003821879392489791}, 'cvar': {'raw': -0.0013703356962651014, 'lambda': 0.0, 'weighted': 0.0}, 'turnover': {'raw': 0.003949273843318224, 'lambda': 0.0, 'weighted': 0.0}, 'volatility': {'raw': 0.0002792338200379163, 'lambda': 0.0, 'weighted': 0.0}, 'vol_excess': {'raw': 0.015267640352249146, 'lambda': 0.0, 'weighted': 0.0}, 'weight_path': {'raw': 1.3104114259476773e-05, 'lambda': 0.0, 'weighted': 0.0}, 'diversify': {'raw': 0.09404554218053818, 'lambda': 0.0, 'weighted': 0.0}}","{'mean': {'raw': -0.0088401660323143, 'lambda': 0.0, 'weighted': 0.0}, 'log_growth': {'raw': -0.008451499044895172, 'lambda': 1.0, 'weighted': -0.008451499044895172}, 'cvar': {'raw': -0.0032465122640132904, 'lambda': 0.0, 'weighted': 0.0}, 'turnover': {'raw': 0.00022128812270238996, 'lambda': 0.0, 'weighted': 0.0}, 'volatility': {'raw': 0.0007429649122059345, 'lambda': 0.0, 'weighted': 0.0}, 'vol_excess': {'raw': 0.18269753456115723, 'lambda': 0.0, 'weighted': 0.0}, 'weight_path': {'raw': 5.198711860998628e-08, 'lambda': 0.0, 'weighted': 0.0}, 'diversify': {'raw': 0.09504086524248123, 'lambda': 0.0, 'weighted': 0.0}}",0.0003,864,1116,cadence,1,cadence_accept,6.537884473800659e-07,7.736367516656127e-05,252
1,-0.0037823584862053394,-0.007227305322885513,0.003929693251848221,0.0037823584862053394,0.0037823584862053394,0.0012965523637831211,0.003723336849361658,0.00028451354592107236,0.017763733863830566,1.1633298527158331e-05,0.09440425783395767,0.007581530604511499,0.007227305322885513,0.007227305322885513,0.002464700723066926,0.0002432784967822954,0.0006921394378878176,0.16763520240783691,5.7717251422673144e-08,0.09507764130830765,0.00027005886659026146,0.00027005886659026146,0.00027005886659026146,0.00027005886659026146,0,0,0,"{'mean': {'raw': -0.003929693251848221, 'lambda': 0.0, 'weighted': 0.0}, 'log_growth': {'raw': -0.0037823584862053394, 'lambda': 1.0, 'weighted': -0.0037823584862053394}, 'cvar': {'raw': -0.0012965523637831211, 'lambda': 0.0, 'weighted': 0.0}, 'turnover': {'raw': 0.003723336849361658, 'lambda': 0.0, 'weighted': 0.0}, 'volatility': {'raw': 0.00028451354592107236, 'lambda': 0.0, 'weighted': 0.0}, 'vol_excess': {'raw': 0.017763733863830566, 'lambda': 0.0, 'weighted': 0.0}, 'weight_path': {'raw': 1.1633298527158331e-05, 'lambda': 0.0, 'weighted': 0.0}, 'diversify': {'raw': 0.09440425783395767, 'lambda': 0.0, 'weighted': 0.0}}","{'mean': {'raw': -0.007581530604511499, 'lambda': 0.0, 'weighted': 0.0}, 'log_growth': {'raw': -0.007227305322885513, 'lambda': 1.0, 'weighted': -0.007227305322885513}, 'cvar': {'raw': -0.002464700723066926, 'lambda': 0.0, 'weighted': 0.0}, 'turnover': {'raw': 0.0002432784967822954, 'lambda': 0.0, 'weighted': 0.0}, 'volatility': {'raw': 0.0006921394378878176, 'lambda': 0.0, 'weighted': 0.0}, 'vol_excess': {'raw': 0.16763520240783691, 'lambda': 0.0, 'weighted': 0.0}, 'weight_path': {'raw': 5.7717251422673144e-08, 'lambda': 0.0, 'weighted': 0.0}, 'diversify': {'raw': 0.09507764130830765, 'lambda': 0.0, 'weighted': 0.0}}",0.0003,868,1120,cadence,1,cadence_accept,5.280598998069763e-07,7.306456225971134e-05,252
2,-0.003783655120059848,-0.00722783338278532,0.003930945415049791,0.003783655120059848,0.003783655120059848,0.0012990140821784735,0.003949815407395363,0.00028441770700737834,0.017718613147735596,1.4531567103404086e-05,0.0942477434873581,0.007582107558846474,0.00722783338278532,0.00722783338278532,0.0024646888487040997,0.00023958359088283032,0.000692239380441606,0.16766533255577087,5.596211849479005e-08,0.09515850245952606,0.00025749608175829053,0.00025749608175829053,0.00025749608175829053,0.00025749608175829053,0,0,0,"{'mean': {'raw': -0.003930945415049791, 'lambda': 0.0, 'weighted': 0.0}, 'log_growth': {'raw': -0.003783655120059848, 'lambda': 1.0, 'weighted': -0.003783655120059848}, 'cvar': {'raw': -0.0012990140821784735, 'lambda': 0.0, 'weighted': 0.0}, 'turnover': {'raw': 0.003949815407395363, 'lambda': 0.0, 'weighted': 0.0}, 'volatility': {'raw': 0.00028441770700737834, 'lambda': 0.0, 'weighted': 0.0}, 'vol_excess': {'raw': 0.017718613147735596, 'lambda': 0.0, 'weighted': 0.0}, 'weight_path': {'raw': 1.4531567103404086e-05, 'lambda': 0.0, 'weighted': 0.0}, 'diversify': {'raw': 0.0942477434873581, 'lambda': 0.0, 'weighted': 0.0}}","{'mean': {'raw': -0.007582107558846474, 'lambda': 0.0, 'weighted': 0.0}, 'log_growth': {'raw': -0.00722783338278532, 'lambda': 1.0, 'weighted': -0.00722783338278532}, 'cvar': {'raw': -0.0024646888487040997, 'lambda': 0.0, 'weighted': 0.0}, 'turnover': {'raw': 0.00023958359088283032, 'lambda': 0.0, 'weighted': 0.0}, 'volatility': {'raw': 0.000692239380441606, 'lambda': 0.0, 'weighted': 0.0}, 'vol_excess': {'raw': 0.16766533255577087, 'lambda': 0.0, 'weighted': 0.0}, 'weight_path': {'raw': 5.596211849479005e-08, 'lambda': 0.0, 'weighted': 0.0}, 'diversify': {'raw': 0.09515850245952606, 'lambda': 0.0, 'weighted': 0.0}}",0.0003,868,1120,cadence,1,cadence_accept,5.280598998069763e-07,7.306456225971134e-05,252
