epoch,train_loss,val_loss,train_mean_return,train_mean_log1p_return,train_discounted_log1p_return,train_cvar,train_turnover,train_volatility,train_vol_excess,train_weight_path,train_diversify,val_mean_return,val_mean_log1p_return,val_discounted_log1p_return,val_cvar,val_turnover,val_volatility,val_vol_excess,val_weight_path,val_diversify,train_diag_grad_norm_pre_mean,train_diag_grad_norm_pre_max,train_diag_grad_norm_post_mean,train_diag_grad_norm_post_max,train_diag_nan_loss_batches,train_diag_nan_grad_batches,train_diag_skipped_nan_batches,train_term_breakdown,val_term_breakdown,lr
1,0.10517465757826965,0.06914908438920975,0.0014780467996994655,0.001223094897189488,-0.0001759720810999473,-0.003285312559455633,0.00033720363474761445,0.0005165293114259839,0.10335599382718404,1.6279016297933899e-07,0.0,0.002574532525613904,0.0023750329855829477,-0.0012660572538152337,-0.001133350539021194,1.0919196711256518e-06,0.00039956215186975896,0.06731635332107544,1.2101081855314666e-12,0.0,0.5412521759668986,0.6447295546531677,0.5412521759668986,0.6447295546531677,0,0,0,"{'mean': {'raw': -0.0014780467996994655, 'lambda': 0.0, 'weighted': 0.0}, 'log_growth': {'raw': 0.0001759720810999473, 'lambda': 1.0, 'weighted': 0.0001759720810999473}, 'cvar': {'raw': 0.003285312559455633, 'lambda': 0.5, 'weighted': 0.0016426562797278166}, 'turnover': {'raw': 0.00033720363474761445, 'lambda': 0.0001, 'weighted': 3.372036161408687e-08}, 'volatility': {'raw': 0.0005165293114259839, 'lambda': 0.0, 'weighted': 0.0}, 'vol_excess': {'raw': 0.10335599382718404, 'lambda': 1.0, 'weighted': 0.10335599382718404}, 'weight_path': {'raw': 1.6279016297933899e-07, 'lambda': 0.0, 'weighted': 0.0}, 'diversify': {'raw': 0.0, 'lambda': 0.0, 'weighted': 0.0}}","{'mean': {'raw': -0.002574532525613904, 'lambda': 0.0, 'weighted': 0.0}, 'log_growth': {'raw': 0.0012660572538152337, 'lambda': 1.0, 'weighted': 0.0012660572538152337}, 'cvar': {'raw': 0.001133350539021194, 'lambda': 0.5, 'weighted': 0.000566675269510597}, 'turnover': {'raw': 1.0919196711256518e-06, 'lambda': 0.0001, 'weighted': 1.09191961028543e-10}, 'volatility': {'raw': 0.00039956215186975896, 'lambda': 0.0, 'weighted': 0.0}, 'vol_excess': {'raw': 0.06731635332107544, 'lambda': 1.0, 'weighted': 0.06731635332107544}, 'weight_path': {'raw': 1.2101081855314666e-12, 'lambda': 0.0, 'weighted': 0.0}, 'diversify': {'raw': 0.0, 'lambda': 0.0, 'weighted': 0.0}}",0.0003
2,0.10139650603135426,0.06509915739297867,0.0014628834712008636,0.0012131317052990198,-0.0001709767384454608,-0.003209784820986291,0.0013805586301411192,0.0005057640567732354,0.09962050120035808,1.6592591312776979e-06,0.0,0.0025437558069825172,0.002349161310121417,-0.0012387706665322185,-0.0010780056472867727,2.2812039333075518e-06,0.00038956469506956637,0.06332138180732727,5.2594300442576625e-12,0.0,0.5760843853155772,0.7188329100608826,0.5760843853155772,0.7188329100608826,0,0,0,"{'mean': {'raw': -0.0014628834712008636, 'lambda': 0.0, 'weighted': 0.0}, 'log_growth': {'raw': 0.0001709767384454608, 'lambda': 1.0, 'weighted': 0.0001709767384454608}, 'cvar': {'raw': 0.003209784820986291, 'lambda': 0.5, 'weighted': 0.0016048924104931455}, 'turnover': {'raw': 0.0013805586301411192, 'lambda': 0.0001, 'weighted': 1.3805586007720194e-07}, 'volatility': {'raw': 0.0005057640567732354, 'lambda': 0.0, 'weighted': 0.0}, 'vol_excess': {'raw': 0.09962050120035808, 'lambda': 1.0, 'weighted': 0.09962050120035808}, 'weight_path': {'raw': 1.6592591312776979e-06, 'lambda': 0.0, 'weighted': 0.0}, 'diversify': {'raw': 0.0, 'lambda': 0.0, 'weighted': 0.0}}","{'mean': {'raw': -0.0025437558069825172, 'lambda': 0.0, 'weighted': 0.0}, 'log_growth': {'raw': 0.0012387706665322185, 'lambda': 1.0, 'weighted': 0.0012387706665322185}, 'cvar': {'raw': 0.0010780056472867727, 'lambda': 0.5, 'weighted': 0.0005390028236433864}, 'turnover': {'raw': 2.2812039333075518e-06, 'lambda': 0.0001, 'weighted': 2.2812038369401932e-10}, 'volatility': {'raw': 0.00038956469506956637, 'lambda': 0.0, 'weighted': 0.0}, 'vol_excess': {'raw': 0.06332138180732727, 'lambda': 1.0, 'weighted': 0.06332138180732727}, 'weight_path': {'raw': 5.2594300442576625e-12, 'lambda': 0.0, 'weighted': 0.0}, 'diversify': {'raw': 0.0, 'lambda': 0.0, 'weighted': 0.0}}",0.0003
3,0.0968461091009279,0.06026015430688858,0.0014439149914930265,0.0012003606146511931,-0.00016509617368380228,-0.003120124999744197,0.002641495317220688,0.0004929548304062337,0.0951206882794698,5.4568877203564625e-06,0.0,0.002506874967366457,0.0023180637508630753,-0.0012062040623277426,-0.0010132065508514643,3.548192808011663e-06,0.00037778361001983285,0.05854734778404236,1.2711814240118358e-11,0.0,0.6235797305901846,0.765066385269165,0.6235797305901846,0.765066385269165,0,0,0,"{'mean': {'raw': -0.0014439149914930265, 'lambda': 0.0, 'weighted': 0.0}, 'log_growth': {'raw': 0.00016509617368380228, 'lambda': 1.0, 'weighted': 0.00016509617368380228}, 'cvar': {'raw': 0.003120124999744197, 'lambda': 0.5, 'weighted': 0.0015600624998720984}, 'turnover': {'raw': 0.002641495317220688, 'lambda': 0.0001, 'weighted': 2.641495247720134e-07}, 'volatility': {'raw': 0.0004929548304062337, 'lambda': 0.0, 'weighted': 0.0}, 'vol_excess': {'raw': 0.0951206882794698, 'lambda': 1.0, 'weighted': 0.0951206882794698}, 'weight_path': {'raw': 5.4568877203564625e-06, 'lambda': 0.0, 'weighted': 0.0}, 'diversify': {'raw': 0.0, 'lambda': 0.0, 'weighted': 0.0}}","{'mean': {'raw': -0.002506874967366457, 'lambda': 0.0, 'weighted': 0.0}, 'log_growth': {'raw': 0.0012062040623277426, 'lambda': 1.0, 'weighted': 0.0012062040623277426}, 'cvar': {'raw': 0.0010132065508514643, 'lambda': 0.5, 'weighted': 0.0005066032754257321}, 'turnover': {'raw': 3.548192808011663e-06, 'lambda': 0.0001, 'weighted': 3.5481928506442273e-10}, 'volatility': {'raw': 0.00037778361001983285, 'lambda': 0.0, 'weighted': 0.0}, 'vol_excess': {'raw': 0.05854734778404236, 'lambda': 1.0, 'weighted': 0.05854734778404236}, 'weight_path': {'raw': 1.2711814240118358e-11, 'lambda': 0.0, 'weighted': 0.0}, 'diversify': {'raw': 0.0, 'lambda': 0.0, 'weighted': 0.0}}",0.0003
4,0.09129127797981103,0.05455690994858742,0.0014240651313836377,0.0011879640903013449,-0.00015930963369707266,-0.0030092847688744464,0.0038782802099982896,0.00047755080352847773,0.08962693810462952,1.2085436234580508e-05,0.0,0.002463247161358595,0.002281145891174674,-0.0011678716400638223,-0.0009387043537572026,4.6410486902459525e-06,0.0003641282964963466,0.05291968584060669,2.180866771894774e-11,0.0,0.6756299634774526,0.8373267650604248,0.6756299634774526,0.8373267650604248,0,0,0,"{'mean': {'raw': -0.0014240651313836377, 'lambda': 0.0, 'weighted': 0.0}, 'log_growth': {'raw': 0.00015930963369707266, 'lambda': 1.0, 'weighted': 0.00015930963369707266}, 'cvar': {'raw': 0.0030092847688744464, 'lambda': 0.5, 'weighted': 0.0015046423844372232}, 'turnover': {'raw': 0.0038782802099982896, 'lambda': 0.0001, 'weighted': 3.8782800970693643e-07}, 'volatility': {'raw': 0.00047755080352847773, 'lambda': 0.0, 'weighted': 0.0}, 'vol_excess': {'raw': 0.08962693810462952, 'lambda': 1.0, 'weighted': 0.08962693810462952}, 'weight_path': {'raw': 1.2085436234580508e-05, 'lambda': 0.0, 'weighted': 0.0}, 'diversify': {'raw': 0.0, 'lambda': 0.0, 'weighted': 0.0}}","{'mean': {'raw': -0.002463247161358595, 'lambda': 0.0, 'weighted': 0.0}, 'log_growth': {'raw': 0.0011678716400638223, 'lambda': 1.0, 'weighted': 0.0011678716400638223}, 'cvar': {'raw': 0.0009387043537572026, 'lambda': 0.5, 'weighted': 0.0004693521768786013}, 'turnover': {'raw': 4.6410486902459525e-06, 'lambda': 0.0001, 'weighted': 4.6410486564951725e-10}, 'volatility': {'raw': 0.0003641282964963466, 'lambda': 0.0, 'weighted': 0.0}, 'vol_excess': {'raw': 0.05291968584060669, 'lambda': 1.0, 'weighted': 0.05291968584060669}, 'weight_path': {'raw': 2.180866771894774e-11, 'lambda': 0.0, 'weighted': 0.0}, 'diversify': {'raw': 0.0, 'lambda': 0.0, 'weighted': 0.0}}",0.0003
5,0.08567524538375437,0.04845554754137993,0.0013989333529025316,0.0011704466499698658,-0.00016109331045299768,-0.002900621465717753,0.005378512820849816,0.0004618536428703616,0.08406330148379008,2.279885241781206e-05,0.0,0.0024163711350411177,0.0022413183469325304,-0.001126912422478199,-0.0008612537058070302,5.291394700179808e-06,0.00034979532938450575,0.0468980073928833,2.8393790790781637e-11,0.0,0.5407628905959427,0.8627339005470276,0.5407628905959427,0.8627339005470276,0,0,0,"{'mean': {'raw': -0.0013989333529025316, 'lambda': 0.0, 'weighted': 0.0}, 'log_growth': {'raw': 0.00016109331045299768, 'lambda': 1.0, 'weighted': 0.00016109331045299768}, 'cvar': {'raw': 0.002900621465717753, 'lambda': 0.5, 'weighted': 0.0014503107328588765}, 'turnover': {'raw': 0.005378512820849816, 'lambda': 0.0001, 'weighted': 5.378512734447819e-07}, 'volatility': {'raw': 0.0004618536428703616, 'lambda': 0.0, 'weighted': 0.0}, 'vol_excess': {'raw': 0.08406330148379008, 'lambda': 1.0, 'weighted': 0.08406330148379008}, 'weight_path': {'raw': 2.279885241781206e-05, 'lambda': 0.0, 'weighted': 0.0}, 'diversify': {'raw': 0.0, 'lambda': 0.0, 'weighted': 0.0}}","{'mean': {'raw': -0.0024163711350411177, 'lambda': 0.0, 'weighted': 0.0}, 'log_growth': {'raw': 0.001126912422478199, 'lambda': 1.0, 'weighted': 0.001126912422478199}, 'cvar': {'raw': 0.0008612537058070302, 'lambda': 0.5, 'weighted': 0.0004306268529035151}, 'turnover': {'raw': 5.291394700179808e-06, 'lambda': 0.0001, 'weighted': 5.291394544748584e-10}, 'volatility': {'raw': 0.00034979532938450575, 'lambda': 0.0, 'weighted': 0.0}, 'vol_excess': {'raw': 0.0468980073928833, 'lambda': 1.0, 'weighted': 0.0468980073928833}, 'weight_path': {'raw': 2.8393790790781637e-11, 'lambda': 0.0, 'weighted': 0.0}, 'diversify': {'raw': 0.0, 'lambda': 0.0, 'weighted': 0.0}}",0.0003
6,0.0800663479603827,0.04182294011116028,0.0013671722845174372,0.0011479097108046215,-0.00015259080100804567,-0.0027724241372197866,0.00720134765530626,0.0004427612245005245,0.0785268247127533,4.138644423316388e-05,0.0,0.002365157473832369,0.002197616035118699,-0.0010824361816048622,-0.0007797182770445943,5.485499514179537e-06,0.00033453767537139356,0.040350645780563354,3.038226961682433e-11,0.0,0.5884766038507223,0.957316517829895,0.5884766038507223,0.957316517829895,0,0,0,"{'mean': {'raw': -0.0013671722845174372, 'lambda': 0.0, 'weighted': 0.0}, 'log_growth': {'raw': 0.00015259080100804567, 'lambda': 1.0, 'weighted': 0.00015259080100804567}, 'cvar': {'raw': 0.0027724241372197866, 'lambda': 0.5, 'weighted': 0.0013862120686098933}, 'turnover': {'raw': 0.00720134765530626, 'lambda': 0.0001, 'weighted': 7.201347405801547e-07}, 'volatility': {'raw': 0.0004427612245005245, 'lambda': 0.0, 'weighted': 0.0}, 'vol_excess': {'raw': 0.0785268247127533, 'lambda': 1.0, 'weighted': 0.0785268247127533}, 'weight_path': {'raw': 4.138644423316388e-05, 'lambda': 0.0, 'weighted': 0.0}, 'diversify': {'raw': 0.0, 'lambda': 0.0, 'weighted': 0.0}}","{'mean': {'raw': -0.002365157473832369, 'lambda': 0.0, 'weighted': 0.0}, 'log_growth': {'raw': 0.0010824361816048622, 'lambda': 1.0, 'weighted': 0.0010824361816048622}, 'cvar': {'raw': 0.0007797182770445943, 'lambda': 0.5, 'weighted': 0.00038985913852229714}, 'turnover': {'raw': 5.485499514179537e-06, 'lambda': 0.0001, 'weighted': 5.485499277035899e-10}, 'volatility': {'raw': 0.00033453767537139356, 'lambda': 0.0, 'weighted': 0.0}, 'vol_excess': {'raw': 0.040350645780563354, 'lambda': 1.0, 'weighted': 0.040350645780563354}, 'weight_path': {'raw': 3.038226961682433e-11, 'lambda': 0.0, 'weighted': 0.0}, 'diversify': {'raw': 0.0, 'lambda': 0.0, 'weighted': 0.0}}",0.0003
7,0.07487989449873567,0.03456542640924454,0.0013360451945724587,0.0011254456476308405,-0.0001301213245217999,-0.0026515223629151783,0.009162854713698229,0.00042496910706783336,0.07342309753100078,6.99354301711234e-05,0.0,0.0023087873123586178,0.0021492838859558105,-0.0010338079882785678,-0.000693702429998666,5.492053333000513e-06,0.0003182286163792014,0.03318476676940918,2.915285374216481e-11,0.0,0.6140132726480564,0.9652031064033508,0.6140132726480564,0.9652031064033508,0,0,0,"{'mean': {'raw': -0.0013360451945724587, 'lambda': 0.0, 'weighted': 0.0}, 'log_growth': {'raw': 0.0001301213245217999, 'lambda': 1.0, 'weighted': 0.0001301213245217999}, 'cvar': {'raw': 0.0026515223629151783, 'lambda': 0.5, 'weighted': 0.0013257611814575891}, 'turnover': {'raw': 0.009162854713698229, 'lambda': 0.0001, 'weighted': 9.162854439637158e-07}, 'volatility': {'raw': 0.00042496910706783336, 'lambda': 0.0, 'weighted': 0.0}, 'vol_excess': {'raw': 0.07342309753100078, 'lambda': 1.0, 'weighted': 0.07342309753100078}, 'weight_path': {'raw': 6.99354301711234e-05, 'lambda': 0.0, 'weighted': 0.0}, 'diversify': {'raw': 0.0, 'lambda': 0.0, 'weighted': 0.0}}","{'mean': {'raw': -0.0023087873123586178, 'lambda': 0.0, 'weighted': 0.0}, 'log_growth': {'raw': 0.0010338079882785678, 'lambda': 1.0, 'weighted': 0.0010338079882785678}, 'cvar': {'raw': 0.000693702429998666, 'lambda': 0.5, 'weighted': 0.000346851214999333}, 'turnover': {'raw': 5.492053333000513e-06, 'lambda': 0.0001, 'weighted': 5.492052923550261e-10}, 'volatility': {'raw': 0.0003182286163792014, 'lambda': 0.0, 'weighted': 0.0}, 'vol_excess': {'raw': 0.03318476676940918, 'lambda': 1.0, 'weighted': 0.03318476676940918}, 'weight_path': {'raw': 2.915285374216481e-11, 'lambda': 0.0, 'weighted': 0.0}, 'diversify': {'raw': 0.0, 'lambda': 0.0, 'weighted': 0.0}}",0.0003
8,0.06839438768414159,0.026654087007045746,0.0013060650477806728,0.001105732594927152,-0.00012567495771994194,-0.002502394529680411,0.010425508953630924,0.0004037421167595312,0.06701647241910298,8.76727814708526e-05,0.0,0.002246907213702798,0.0020959503017365932,-0.0009808201575651765,-0.0006037878338247538,5.857170435774606e-06,0.0003009103238582611,0.02537137269973755,3.0458354588480674e-11,0.0,0.6501621271017939,1.0383607149124146,0.6501621271017939,1.0383607149124146,0,0,0,"{'mean': {'raw': -0.0013060650477806728, 'lambda': 0.0, 'weighted': 0.0}, 'log_growth': {'raw': 0.00012567495771994194, 'lambda': 1.0, 'weighted': 0.00012567495771994194}, 'cvar': {'raw': 0.002502394529680411, 'lambda': 0.5, 'weighted': 0.0012511972648402054}, 'turnover': {'raw': 0.010425508953630924, 'lambda': 0.0001, 'weighted': 1.0425508776279457e-06}, 'volatility': {'raw': 0.0004037421167595312, 'lambda': 0.0, 'weighted': 0.0}, 'vol_excess': {'raw': 0.06701647241910298, 'lambda': 1.0, 'weighted': 0.06701647241910298}, 'weight_path': {'raw': 8.76727814708526e-05, 'lambda': 0.0, 'weighted': 0.0}, 'diversify': {'raw': 0.0, 'lambda': 0.0, 'weighted': 0.0}}","{'mean': {'raw': -0.002246907213702798, 'lambda': 0.0, 'weighted': 0.0}, 'log_growth': {'raw': 0.0009808201575651765, 'lambda': 1.0, 'weighted': 0.0009808201575651765}, 'cvar': {'raw': 0.0006037878338247538, 'lambda': 0.5, 'weighted': 0.0003018939169123769}, 'turnover': {'raw': 5.857170435774606e-06, 'lambda': 0.0001, 'weighted': 5.8571703043242e-10}, 'volatility': {'raw': 0.0003009103238582611, 'lambda': 0.0, 'weighted': 0.0}, 'vol_excess': {'raw': 0.02537137269973755, 'lambda': 1.0, 'weighted': 0.02537137269973755}, 'weight_path': {'raw': 3.0458354588480674e-11, 'lambda': 0.0, 'weighted': 0.0}, 'diversify': {'raw': 0.0, 'lambda': 0.0, 'weighted': 0.0}}",0.0003
9,0.06226443941704929,0.01809506118297577,0.0012758331334528823,0.001085386941364656,-0.0001344870931158463,-0.002350341761484742,0.012640345220764479,0.0003835968188165377,0.06095351775487264,0.00012627928178214157,0.0,0.0021793986670672894,0.0020374322775751352,-0.0009234771132469177,-0.0005110948695801198,6.941288575035287e-06,0.0002827149583026767,0.01691603660583496,4.120016827702244e-11,0.0,0.6740372388157994,1.0781352519989014,0.6740372388157994,1.0781352519989014,0,0,0,"{'mean': {'raw': -0.0012758331334528823, 'lambda': 0.0, 'weighted': 0.0}, 'log_growth': {'raw': 0.0001344870931158463, 'lambda': 1.0, 'weighted': 0.0001344870931158463}, 'cvar': {'raw': 0.002350341761484742, 'lambda': 0.5, 'weighted': 0.001175170880742371}, 'turnover': {'raw': 0.012640345220764479, 'lambda': 0.0001, 'weighted': 1.2640344948522397e-06}, 'volatility': {'raw': 0.0003835968188165377, 'lambda': 0.0, 'weighted': 0.0}, 'vol_excess': {'raw': 0.06095351775487264, 'lambda': 1.0, 'weighted': 0.06095351775487264}, 'weight_path': {'raw': 0.00012627928178214157, 'lambda': 0.0, 'weighted': 0.0}, 'diversify': {'raw': 0.0, 'lambda': 0.0, 'weighted': 0.0}}","{'mean': {'raw': -0.0021793986670672894, 'lambda': 0.0, 'weighted': 0.0}, 'log_growth': {'raw': 0.0009234771132469177, 'lambda': 1.0, 'weighted': 0.0009234771132469177}, 'cvar': {'raw': 0.0005110948695801198, 'lambda': 0.5, 'weighted': 0.0002555474347900599}, 'turnover': {'raw': 6.941288575035287e-06, 'lambda': 0.0001, 'weighted': 6.941288654971345e-10}, 'volatility': {'raw': 0.0002827149583026767, 'lambda': 0.0, 'weighted': 0.0}, 'vol_excess': {'raw': 0.01691603660583496, 'lambda': 1.0, 'weighted': 0.01691603660583496}, 'weight_path': {'raw': 4.120016827702244e-11, 'lambda': 0.0, 'weighted': 0.0}, 'diversify': {'raw': 0.0, 'lambda': 0.0, 'weighted': 0.0}}",0.0003
10,0.055407596131165825,0.008942533284425735,0.0012328816034520667,0.0010531006458525856,-0.00014607771299779415,-0.0022016228370678923,0.01500611286610365,0.00036175443286386627,0.054159204165140785,0.00018007212687128535,0.0,0.0021064814645797014,0.0019738369155675173,-0.0008620887529104948,-0.0004173325141891837,8.966598215920385e-06,0.000263880385318771,0.007871776819229126,6.768347687868825e-11,0.0,0.6972661870531738,1.1118130683898926,0.6972661870531738,1.1118130683898926,0,0,0,"{'mean': {'raw': -0.0012328816034520667, 'lambda': 0.0, 'weighted': 0.0}, 'log_growth': {'raw': 0.00014607771299779415, 'lambda': 1.0, 'weighted': 0.00014607771299779415}, 'cvar': {'raw': 0.0022016228370678923, 'lambda': 0.5, 'weighted': 0.0011008114185339461}, 'turnover': {'raw': 0.01500611286610365, 'lambda': 0.0001, 'weighted': 1.5006111956002617e-06}, 'volatility': {'raw': 0.00036175443286386627, 'lambda': 0.0, 'weighted': 0.0}, 'vol_excess': {'raw': 0.054159204165140785, 'lambda': 1.0, 'weighted': 0.054159204165140785}, 'weight_path': {'raw': 0.00018007212687128535, 'lambda': 0.0, 'weighted': 0.0}, 'diversify': {'raw': 0.0, 'lambda': 0.0, 'weighted': 0.0}}","{'mean': {'raw': -0.0021064814645797014, 'lambda': 0.0, 'weighted': 0.0}, 'log_growth': {'raw': 0.0008620887529104948, 'lambda': 1.0, 'weighted': 0.0008620887529104948}, 'cvar': {'raw': 0.0004173325141891837, 'lambda': 0.5, 'weighted': 0.00020866625709459186}, 'turnover': {'raw': 8.966598215920385e-06, 'lambda': 0.0001, 'weighted': 8.966598019632954e-10}, 'volatility': {'raw': 0.000263880385318771, 'lambda': 0.0, 'weighted': 0.0}, 'vol_excess': {'raw': 0.007871776819229126, 'lambda': 1.0, 'weighted': 0.007871776819229126}, 'weight_path': {'raw': 6.768347687868825e-11, 'lambda': 0.0, 'weighted': 0.0}, 'diversify': {'raw': 0.0, 'lambda': 0.0, 'weighted': 0.0}}",0.0003
11,0.04711642558686435,0.0009592254646122456,0.0011860054413167138,0.0010180730217446883,-0.000106551645634075,-0.0020443832812209926,0.018551403035720188,0.0003373569488758221,0.04598582784334818,0.00026447782875038683,0.0,0.002028472488746047,0.0019053503638133407,-0.000797039654571563,-0.0003243693499825895,1.1800315405707806e-05,0.0002446717116981745,0.0,1.1348081502271512e-10,0.0,0.7187984384751568,1.1422673463821411,0.7187984384751568,1.1422673463821411,0,0,0,"{'mean': {'raw': -0.0011860054413167138, 'lambda': 0.0, 'weighted': 0.0}, 'log_growth': {'raw': 0.000106551645634075, 'lambda': 1.0, 'weighted': 0.000106551645634075}, 'cvar': {'raw': 0.0020443832812209926, 'lambda': 0.5, 'weighted': 0.0010221916406104963}, 'turnover': {'raw': 0.018551403035720188, 'lambda': 0.0001, 'weighted': 1.855140264221215e-06}, 'volatility': {'raw': 0.0003373569488758221, 'lambda': 0.0, 'weighted': 0.0}, 'vol_excess': {'raw': 0.04598582784334818, 'lambda': 1.0, 'weighted': 0.04598582784334818}, 'weight_path': {'raw': 0.00026447782875038683, 'lambda': 0.0, 'weighted': 0.0}, 'diversify': {'raw': 0.0, 'lambda': 0.0, 'weighted': 0.0}}","{'mean': {'raw': -0.002028472488746047, 'lambda': 0.0, 'weighted': 0.0}, 'log_growth': {'raw': 0.000797039654571563, 'lambda': 1.0, 'weighted': 0.000797039654571563}, 'cvar': {'raw': 0.0003243693499825895, 'lambda': 0.5, 'weighted': 0.00016218467499129474}, 'turnover': {'raw': 1.1800315405707806e-05, 'lambda': 0.0001, 'weighted': 1.1800315169452347e-09}, 'volatility': {'raw': 0.0002446717116981745, 'lambda': 0.0, 'weighted': 0.0}, 'vol_excess': {'raw': 0.0, 'lambda': 1.0, 'weighted': 0.0}, 'weight_path': {'raw': 1.1348081502271512e-10, 'lambda': 0.0, 'weighted': 0.0}, 'diversify': {'raw': 0.0, 'lambda': 0.0, 'weighted': 0.0}}",0.0003
12,0.039836945555483304,0.0008462383411824703,0.0011457466753199697,0.0009888378165972729,-0.00012824020814150572,-0.001877821273713683,0.019903521984815598,0.00031496576169350493,0.03876780470212301,0.00031313350579390925,0.0,0.0019460495095700026,0.001832481473684311,-0.0007290117209777236,-0.00023445037368219346,1.4839216419204604e-05,0.0002254330611322075,0.0,1.7806404961628886e-10,0.0,0.7290996415540576,1.1611013412475586,0.7290996415540576,1.1611013412475586,0,0,0,"{'mean': {'raw': -0.0011457466753199697, 'lambda': 0.0, 'weighted': 0.0}, 'log_growth': {'raw': 0.00012824020814150572, 'lambda': 1.0, 'weighted': 0.00012824020814150572}, 'cvar': {'raw': 0.001877821273713683, 'lambda': 0.5, 'weighted': 0.0009389106368568415}, 'turnover': {'raw': 0.019903521984815598, 'lambda': 0.0001, 'weighted': 1.990352188840916e-06}, 'volatility': {'raw': 0.00031496576169350493, 'lambda': 0.0, 'weighted': 0.0}, 'vol_excess': {'raw': 0.03876780470212301, 'lambda': 1.0, 'weighted': 0.03876780470212301}, 'weight_path': {'raw': 0.00031313350579390925, 'lambda': 0.0, 'weighted': 0.0}, 'diversify': {'raw': 0.0, 'lambda': 0.0, 'weighted': 0.0}}","{'mean': {'raw': -0.0019460495095700026, 'lambda': 0.0, 'weighted': 0.0}, 'log_growth': {'raw': 0.0007290117209777236, 'lambda': 1.0, 'weighted': 0.0007290117209777236}, 'cvar': {'raw': 0.00023445037368219346, 'lambda': 0.5, 'weighted': 0.00011722518684109673}, 'turnover': {'raw': 1.4839216419204604e-05, 'lambda': 0.0001, 'weighted': 1.48392165222333e-09}, 'volatility': {'raw': 0.0002254330611322075, 'lambda': 0.0, 'weighted': 0.0}, 'vol_excess': {'raw': 0.0, 'lambda': 1.0, 'weighted': 0.0}, 'weight_path': {'raw': 1.7806404961628886e-10, 'lambda': 0.0, 'weighted': 0.0}, 'diversify': {'raw': 0.0, 'lambda': 0.0, 'weighted': 0.0}}",0.0003
13,0.03351535696613913,0.0007388099329546094,0.0010985985087851684,0.0009517458771976332,-0.00011784994664291541,-0.0017408545730480303,0.022942786415417988,0.00029453977185767144,0.03252478440602621,0.00041458848863840103,0.0,0.0018640500493347645,0.0017594689270481467,-0.0006620460189878941,-0.00015352432092186064,1.7504729839856736e-05,0.00020737091836053878,0.0,2.4936211429071875e-10,0.0,0.33834605462228257,1.0042035579681396,0.33834605462228257,1.0042035579681396,0,0,0,"{'mean': {'raw': -0.0010985985087851684, 'lambda': 0.0, 'weighted': 0.0}, 'log_growth': {'raw': 0.00011784994664291541, 'lambda': 1.0, 'weighted': 0.00011784994664291541}, 'cvar': {'raw': 0.0017408545730480303, 'lambda': 0.5, 'weighted': 0.0008704272865240151}, 'turnover': {'raw': 0.022942786415417988, 'lambda': 0.0001, 'weighted': 2.2942785259753387e-06}, 'volatility': {'raw': 0.00029453977185767144, 'lambda': 0.0, 'weighted': 0.0}, 'vol_excess': {'raw': 0.03252478440602621, 'lambda': 1.0, 'weighted': 0.03252478440602621}, 'weight_path': {'raw': 0.00041458848863840103, 'lambda': 0.0, 'weighted': 0.0}, 'diversify': {'raw': 0.0, 'lambda': 0.0, 'weighted': 0.0}}","{'mean': {'raw': -0.0018640500493347645, 'lambda': 0.0, 'weighted': 0.0}, 'log_growth': {'raw': 0.0006620460189878941, 'lambda': 1.0, 'weighted': 0.0006620460189878941}, 'cvar': {'raw': 0.00015352432092186064, 'lambda': 0.5, 'weighted': 7.676216046093032e-05}, 'turnover': {'raw': 1.7504729839856736e-05, 'lambda': 0.0001, 'weighted': 1.750472988781837e-09}, 'volatility': {'raw': 0.00020737091836053878, 'lambda': 0.0, 'weighted': 0.0}, 'vol_excess': {'raw': 0.0, 'lambda': 1.0, 'weighted': 0.0}, 'weight_path': {'raw': 2.4936211429071875e-10, 'lambda': 0.0, 'weighted': 0.0}, 'diversify': {'raw': 0.0, 'lambda': 0.0, 'weighted': 0.0}}",0.0003
14,0.029570848719837766,0.000645042397081852,0.0010525414836592972,0.0009173272216382126,-9.283733864625296e-06,-0.001587044195427249,0.023040396471818287,0.0002706084245194991,0.028765738010406494,0.00043265688388297957,0.0,0.0017891413299366832,0.0016923166112974286,-0.0006014919490553439,-8.709703979548067e-05,1.942690141731873e-05,0.00019181030802428722,0.0,3.096277678693582e-10,0.0,0.33626169587175053,0.9983946084976196,0.33626169587175053,0.9983946084976196,0,0,0,"{'mean': {'raw': -0.0010525414836592972, 'lambda': 0.0, 'weighted': 0.0}, 'log_growth': {'raw': 9.283733864625296e-06, 'lambda': 1.0, 'weighted': 9.283733864625296e-06}, 'cvar': {'raw': 0.001587044195427249, 'lambda': 0.5, 'weighted': 0.0007935220977136245}, 'turnover': {'raw': 0.023040396471818287, 'lambda': 0.0001, 'weighted': 2.3040396020708917e-06}, 'volatility': {'raw': 0.0002706084245194991, 'lambda': 0.0, 'weighted': 0.0}, 'vol_excess': {'raw': 0.028765738010406494, 'lambda': 1.0, 'weighted': 0.028765738010406494}, 'weight_path': {'raw': 0.00043265688388297957, 'lambda': 0.0, 'weighted': 0.0}, 'diversify': {'raw': 0.0, 'lambda': 0.0, 'weighted': 0.0}}","{'mean': {'raw': -0.0017891413299366832, 'lambda': 0.0, 'weighted': 0.0}, 'log_growth': {'raw': 0.0006014919490553439, 'lambda': 1.0, 'weighted': 0.0006014919490553439}, 'cvar': {'raw': 8.709703979548067e-05, 'lambda': 0.5, 'weighted': 4.3548519897740334e-05}, 'turnover': {'raw': 1.942690141731873e-05, 'lambda': 0.0001, 'weighted': 1.9426900088603816e-09}, 'volatility': {'raw': 0.00019181030802428722, 'lambda': 0.0, 'weighted': 0.0}, 'vol_excess': {'raw': 0.0, 'lambda': 1.0, 'weighted': 0.0}, 'weight_path': {'raw': 3.096277678693582e-10, 'lambda': 0.0, 'weighted': 0.0}, 'diversify': {'raw': 0.0, 'lambda': 0.0, 'weighted': 0.0}}",0.0003
15,0.02633311985603844,0.000562146888114512,0.00099870577105321,0.000871481781359762,-8.537853136658669e-05,-0.0014865695508585002,0.02461052251358827,0.000254514830885455,0.025501996278762817,0.0004893438599538058,0.0,0.0017199335852637887,0.0016298890113830566,-0.0005460716201923788,-3.214631578885019e-05,2.0691393729066476e-05,0.00017823107191361487,0.0,3.5410491205922767e-10,0.0,0.33184591432412464,0.9852323532104492,0.33184591432412464,0.9852323532104492,0,0,0,"{'mean': {'raw': -0.00099870577105321, 'lambda': 0.0, 'weighted': 0.0}, 'log_growth': {'raw': 8.537853136658669e-05, 'lambda': 1.0, 'weighted': 8.537853136658669e-05}, 'cvar': {'raw': 0.0014865695508585002, 'lambda': 0.5, 'weighted': 0.0007432847754292501}, 'turnover': {'raw': 0.02461052251358827, 'lambda': 0.0001, 'weighted': 2.461052190483315e-06}, 'volatility': {'raw': 0.000254514830885455, 'lambda': 0.0, 'weighted': 0.0}, 'vol_excess': {'raw': 0.025501996278762817, 'lambda': 1.0, 'weighted': 0.025501996278762817}, 'weight_path': {'raw': 0.0004893438599538058, 'lambda': 0.0, 'weighted': 0.0}, 'diversify': {'raw': 0.0, 'lambda': 0.0, 'weighted': 0.0}}","{'mean': {'raw': -0.0017199335852637887, 'lambda': 0.0, 'weighted': 0.0}, 'log_growth': {'raw': 0.0005460716201923788, 'lambda': 1.0, 'weighted': 0.0005460716201923788}, 'cvar': {'raw': 3.214631578885019e-05, 'lambda': 0.5, 'weighted': 1.6073157894425094e-05}, 'turnover': {'raw': 2.0691393729066476e-05, 'lambda': 0.0001, 'weighted': 2.0691393043392736e-09}, 'volatility': {'raw': 0.00017823107191361487, 'lambda': 0.0, 'weighted': 0.0}, 'vol_excess': {'raw': 0.0, 'lambda': 1.0, 'weighted': 0.0}, 'weight_path': {'raw': 3.5410491205922767e-10, 'lambda': 0.0, 'weighted': 0.0}, 'diversify': {'raw': 0.0, 'lambda': 0.0, 'weighted': 0.0}}",0.0003
16,0.02356779990562548,0.0004881648637820035,0.0009756650445827594,0.0008559560762175048,-9.393009046713512e-05,-0.0013755036246341963,0.026593479017416637,0.00023918807952820012,0.02278345823287964,0.0005570856155827641,0.0,0.001655451487749815,0.0015713899629190564,-0.0004948885180056095,1.3451543054543436e-05,2.1386053049354814e-05,0.00016626814613118768,0.0,3.812323789986749e-10,0.0,0.3228568959360321,0.9578012824058533,0.3228568959360321,0.9578012824058533,0,0,0,"{'mean': {'raw': -0.0009756650445827594, 'lambda': 0.0, 'weighted': 0.0}, 'log_growth': {'raw': 9.393009046713512e-05, 'lambda': 1.0, 'weighted': 9.393009046713512e-05}, 'cvar': {'raw': 0.0013755036246341963, 'lambda': 0.5, 'weighted': 0.0006877518123170981}, 'turnover': {'raw': 0.026593479017416637, 'lambda': 0.0001, 'weighted': 2.6593478044863636e-06}, 'volatility': {'raw': 0.00023918807952820012, 'lambda': 0.0, 'weighted': 0.0}, 'vol_excess': {'raw': 0.02278345823287964, 'lambda': 1.0, 'weighted': 0.02278345823287964}, 'weight_path': {'raw': 0.0005570856155827641, 'lambda': 0.0, 'weighted': 0.0}, 'diversify': {'raw': 0.0, 'lambda': 0.0, 'weighted': 0.0}}","{'mean': {'raw': -0.001655451487749815, 'lambda': 0.0, 'weighted': 0.0}, 'log_growth': {'raw': 0.0004948885180056095, 'lambda': 1.0, 'weighted': 0.0004948885180056095}, 'cvar': {'raw': -1.3451543054543436e-05, 'lambda': 0.5, 'weighted': -6.725771527271718e-06}, 'turnover': {'raw': 2.1386053049354814e-05, 'lambda': 0.0001, 'weighted': 2.138605292856255e-09}, 'volatility': {'raw': 0.00016626814613118768, 'lambda': 0.0, 'weighted': 0.0}, 'vol_excess': {'raw': 0.0, 'lambda': 1.0, 'weighted': 0.0}, 'weight_path': {'raw': 3.812323789986749e-10, 'lambda': 0.0, 'weighted': 0.0}, 'diversify': {'raw': 0.0, 'lambda': 0.0, 'weighted': 0.0}}",0.0003
17,0.021118736127391458,0.00042168755317106843,0.0009390457319871833,0.0008269246900454164,-9.552164313693841e-05,-0.001269760396098718,0.02780860165754954,0.00022380916925612837,0.02038555343945821,0.000610976266519477,0.0,0.0015950080705806613,0.0015162619529291987,-0.00044730701483786106,5.12432015966624e-05,2.1599038518616e-05,0.00015565809735562652,0.0,3.9125289119645856e-10,0.0,0.31083726642342907,0.9227445125579834,0.31083726642342907,0.9227445125579834,0,0,0,"{'mean': {'raw': -0.0009390457319871833, 'lambda': 0.0, 'weighted': 0.0}, 'log_growth': {'raw': 9.552164313693841e-05, 'lambda': 1.0, 'weighted': 9.552164313693841e-05}, 'cvar': {'raw': 0.001269760396098718, 'lambda': 0.5, 'weighted': 0.000634880198049359}, 'turnover': {'raw': 0.02780860165754954, 'lambda': 0.0001, 'weighted': 2.780860086204484e-06}, 'volatility': {'raw': 0.00022380916925612837, 'lambda': 0.0, 'weighted': 0.0}, 'vol_excess': {'raw': 0.02038555343945821, 'lambda': 1.0, 'weighted': 0.02038555343945821}, 'weight_path': {'raw': 0.000610976266519477, 'lambda': 0.0, 'weighted': 0.0}, 'diversify': {'raw': 0.0, 'lambda': 0.0, 'weighted': 0.0}}","{'mean': {'raw': -0.0015950080705806613, 'lambda': 0.0, 'weighted': 0.0}, 'log_growth': {'raw': 0.00044730701483786106, 'lambda': 1.0, 'weighted': 0.00044730701483786106}, 'cvar': {'raw': -5.12432015966624e-05, 'lambda': 0.5, 'weighted': -2.56216007983312e-05}, 'turnover': {'raw': 2.1599038518616e-05, 'lambda': 0.0001, 'weighted': 2.159903811360664e-09}, 'volatility': {'raw': 0.00015565809735562652, 'lambda': 0.0, 'weighted': 0.0}, 'vol_excess': {'raw': 0.0, 'lambda': 1.0, 'weighted': 0.0}, 'weight_path': {'raw': 3.9125289119645856e-10, 'lambda': 0.0, 'weighted': 0.0}, 'diversify': {'raw': 0.0, 'lambda': 0.0, 'weighted': 0.0}}",0.0003
18,0.01924091736630847,0.0003617503389250487,0.0009060208055113131,0.0007987538483575918,-0.00011520180851221085,-0.001209982146974653,0.029521707445383072,0.0002140379025756071,0.01851777235666911,0.0007174490795781215,0.0,0.0015381904086098075,0.0014641802990809083,-0.00040292812627740204,8.235987479565665e-05,2.141070581274107e-05,0.00014621694572269917,0.0,3.8645969757666876e-10,0.0,0.30033061009210843,0.8909624814987183,0.30033061009210843,0.8909624814987183,0,0,0,"{'mean': {'raw': -0.0009060208055113131, 'lambda': 0.0, 'weighted': 0.0}, 'log_growth': {'raw': 0.00011520180851221085, 'lambda': 1.0, 'weighted': 0.00011520180851221085}, 'cvar': {'raw': 0.001209982146974653, 'lambda': 0.5, 'weighted': 0.0006049910734873265}, 'turnover': {'raw': 0.029521707445383072, 'lambda': 0.0001, 'weighted': 2.952170613449804e-06}, 'volatility': {'raw': 0.0002140379025756071, 'lambda': 0.0, 'weighted': 0.0}, 'vol_excess': {'raw': 0.01851777235666911, 'lambda': 1.0, 'weighted': 0.01851777235666911}, 'weight_path': {'raw': 0.0007174490795781215, 'lambda': 0.0, 'weighted': 0.0}, 'diversify': {'raw': 0.0, 'lambda': 0.0, 'weighted': 0.0}}","{'mean': {'raw': -0.0015381904086098075, 'lambda': 0.0, 'weighted': 0.0}, 'log_growth': {'raw': 0.00040292812627740204, 'lambda': 1.0, 'weighted': 0.00040292812627740204}, 'cvar': {'raw': -8.235987479565665e-05, 'lambda': 0.5, 'weighted': -4.1179937397828326e-05}, 'turnover': {'raw': 2.141070581274107e-05, 'lambda': 0.0001, 'weighted': 2.1410704320601326e-09}, 'volatility': {'raw': 0.00014621694572269917, 'lambda': 0.0, 'weighted': 0.0}, 'vol_excess': {'raw': 0.0, 'lambda': 1.0, 'weighted': 0.0}, 'weight_path': {'raw': 3.8645969757666876e-10, 'lambda': 0.0, 'weighted': 0.0}, 'diversify': {'raw': 0.0, 'lambda': 0.0, 'weighted': 0.0}}",0.0003
19,0.016519964400989313,0.00030765021801926196,0.0008667747606523335,0.0007657111091248225,-4.4167740270495415e-05,-0.0011358159390510991,0.02856662931541602,0.0002014718508386674,0.01590503255526225,0.0006868924053075413,0.0,0.0014847485581412911,0.0014149632770568132,-0.00036149442894384265,0.00010769259097287431,2.0933868654537946e-05,0.00013780780136585236,0.0,3.705916407081844e-10,0.0,0.2862216759628306,0.847963809967041,0.2862216759628306,0.847963809967041,0,0,0,"{'mean': {'raw': -0.0008667747606523335, 'lambda': 0.0, 'weighted': 0.0}, 'log_growth': {'raw': 4.4167740270495415e-05, 'lambda': 1.0, 'weighted': 4.4167740270495415e-05}, 'cvar': {'raw': 0.0011358159390510991, 'lambda': 0.5, 'weighted': 0.0005679079695255496}, 'turnover': {'raw': 0.02856662931541602, 'lambda': 0.0001, 'weighted': 2.8566628316184506e-06}, 'volatility': {'raw': 0.0002014718508386674, 'lambda': 0.0, 'weighted': 0.0}, 'vol_excess': {'raw': 0.01590503255526225, 'lambda': 1.0, 'weighted': 0.01590503255526225}, 'weight_path': {'raw': 0.0006868924053075413, 'lambda': 0.0, 'weighted': 0.0}, 'diversify': {'raw': 0.0, 'lambda': 0.0, 'weighted': 0.0}}","{'mean': {'raw': -0.0014847485581412911, 'lambda': 0.0, 'weighted': 0.0}, 'log_growth': {'raw': 0.00036149442894384265, 'lambda': 1.0, 'weighted': 0.00036149442894384265}, 'cvar': {'raw': -0.00010769259097287431, 'lambda': 0.5, 'weighted': -5.384629548643716e-05}, 'turnover': {'raw': 2.0933868654537946e-05, 'lambda': 0.0001, 'weighted': 2.093386797241692e-09}, 'volatility': {'raw': 0.00013780780136585236, 'lambda': 0.0, 'weighted': 0.0}, 'vol_excess': {'raw': 0.0, 'lambda': 1.0, 'weighted': 0.0}, 'weight_path': {'raw': 3.705916407081844e-10, 'lambda': 0.0, 'weighted': 0.0}, 'diversify': {'raw': 0.0, 'lambda': 0.0, 'weighted': 0.0}}",0.0003
20,0.014579841556648413,0.0002588086936157197,0.0008375423009662578,0.0007415085201500915,-5.327801530559858e-05,-0.001068661988635237,0.029035078982512157,0.00019131934095639735,0.01398932933807373,0.0006791758157002429,0.0,0.0014344985829666257,0.0013684817822650075,-0.00032280717277899384,0.0001280009892070666,2.0216195480315946e-05,0.00013031731941737235,0.0,3.469015352752791e-10,0.0,0.27373862522654235,0.8115891814231873,0.27373862522654235,0.8115891814231873,0,0,0,"{'mean': {'raw': -0.0008375423009662578, 'lambda': 0.0, 'weighted': 0.0}, 'log_growth': {'raw': 5.327801530559858e-05, 'lambda': 1.0, 'weighted': 5.327801530559858e-05}, 'cvar': {'raw': 0.001068661988635237, 'lambda': 0.5, 'weighted': 0.0005343309943176185}, 'turnover': {'raw': 0.029035078982512157, 'lambda': 0.0001, 'weighted': 2.903507872057768e-06}, 'volatility': {'raw': 0.00019131934095639735, 'lambda': 0.0, 'weighted': 0.0}, 'vol_excess': {'raw': 0.01398932933807373, 'lambda': 1.0, 'weighted': 0.01398932933807373}, 'weight_path': {'raw': 0.0006791758157002429, 'lambda': 0.0, 'weighted': 0.0}, 'diversify': {'raw': 0.0, 'lambda': 0.0, 'weighted': 0.0}}","{'mean': {'raw': -0.0014344985829666257, 'lambda': 0.0, 'weighted': 0.0}, 'log_growth': {'raw': 0.00032280717277899384, 'lambda': 1.0, 'weighted': 0.00032280717277899384}, 'cvar': {'raw': -0.0001280009892070666, 'lambda': 0.5, 'weighted': -6.40004946035333e-05}, 'turnover': {'raw': 2.0216195480315946e-05, 'lambda': 0.0001, 'weighted': 2.0216195384392677e-09}, 'volatility': {'raw': 0.00013031731941737235, 'lambda': 0.0, 'weighted': 0.0}, 'vol_excess': {'raw': 0.0, 'lambda': 1.0, 'weighted': 0.0}, 'weight_path': {'raw': 3.469015352752791e-10, 'lambda': 0.0, 'weighted': 0.0}, 'diversify': {'raw': 0.0, 'lambda': 0.0, 'weighted': 0.0}}",0.0003
21,0.012630600132979453,0.00021479192946571857,0.0008392740564886481,0.0007464171649189666,-1.746365645279487e-05,-0.001000624770919482,0.028390079736709595,0.0001849996357729348,0.012109984954198202,0.0006537096536097428,0.0,0.001387359923683107,0.0013246980961412191,-0.00028675515204668045,0.0001439303159713745,1.9336011973791756e-05,0.00012365756265353411,0.0,3.177703378209884e-10,0.0,0.2580257603743424,0.7646786570549011,0.2580257603743424,0.7646786570549011,0,0,0,"{'mean': {'raw': -0.0008392740564886481, 'lambda': 0.0, 'weighted': 0.0}, 'log_growth': {'raw': 1.746365645279487e-05, 'lambda': 1.0, 'weighted': 1.746365645279487e-05}, 'cvar': {'raw': 0.001000624770919482, 'lambda': 0.5, 'weighted': 0.000500312385459741}, 'turnover': {'raw': 0.028390079736709595, 'lambda': 0.0001, 'weighted': 2.8390078720500847e-06}, 'volatility': {'raw': 0.0001849996357729348, 'lambda': 0.0, 'weighted': 0.0}, 'vol_excess': {'raw': 0.012109984954198202, 'lambda': 1.0, 'weighted': 0.012109984954198202}, 'weight_path': {'raw': 0.0006537096536097428, 'lambda': 0.0, 'weighted': 0.0}, 'diversify': {'raw': 0.0, 'lambda': 0.0, 'weighted': 0.0}}","{'mean': {'raw': -0.001387359923683107, 'lambda': 0.0, 'weighted': 0.0}, 'log_growth': {'raw': 0.00028675515204668045, 'lambda': 1.0, 'weighted': 0.00028675515204668045}, 'cvar': {'raw': -0.0001439303159713745, 'lambda': 0.5, 'weighted': -7.196515798568726e-05}, 'turnover': {'raw': 1.9336011973791756e-05, 'lambda': 0.0001, 'weighted': 1.9336010570469853e-09}, 'volatility': {'raw': 0.00012365756265353411, 'lambda': 0.0, 'weighted': 0.0}, 'vol_excess': {'raw': 0.0, 'lambda': 1.0, 'weighted': 0.0}, 'weight_path': {'raw': 3.177703378209884e-10, 'lambda': 0.0, 'weighted': 0.0}, 'diversify': {'raw': 0.0, 'lambda': 0.0, 'weighted': 0.0}}",0.0003
22,0.011089060882416865,0.00017522525740787387,0.00077205876489946,0.0006834977199711526,-0.0001240375762184461,-0.000993384242368241,0.028287495175997417,0.00017632222200821465,0.010465502738952637,0.0006645448738709092,0.0,0.0013432854320853949,0.0012836026726290584,-0.00025325611932203174,0.0001560654054628685,1.831945701269433e-05,0.00011775206803577021,0.0,2.8564647869266935e-10,0.0,0.24439270809913674,0.7236239314079285,0.24439270809913674,0.7236239314079285,0,0,0,"{'mean': {'raw': -0.00077205876489946, 'lambda': 0.0, 'weighted': 0.0}, 'log_growth': {'raw': 0.0001240375762184461, 'lambda': 1.0, 'weighted': 0.0001240375762184461}, 'cvar': {'raw': 0.000993384242368241, 'lambda': 0.5, 'weighted': 0.0004966921211841205}, 'turnover': {'raw': 0.028287495175997417, 'lambda': 0.0001, 'weighted': 2.8287494539351124e-06}, 'volatility': {'raw': 0.00017632222200821465, 'lambda': 0.0, 'weighted': 0.0}, 'vol_excess': {'raw': 0.010465502738952637, 'lambda': 1.0, 'weighted': 0.010465502738952637}, 'weight_path': {'raw': 0.0006645448738709092, 'lambda': 0.0, 'weighted': 0.0}, 'diversify': {'raw': 0.0, 'lambda': 0.0, 'weighted': 0.0}}","{'mean': {'raw': -0.0013432854320853949, 'lambda': 0.0, 'weighted': 0.0}, 'log_growth': {'raw': 0.00025325611932203174, 'lambda': 1.0, 'weighted': 0.00025325611932203174}, 'cvar': {'raw': -0.0001560654054628685, 'lambda': 0.5, 'weighted': -7.803270273143426e-05}, 'turnover': {'raw': 1.831945701269433e-05, 'lambda': 0.0001, 'weighted': 1.831945706243232e-09}, 'volatility': {'raw': 0.00011775206803577021, 'lambda': 0.0, 'weighted': 0.0}, 'vol_excess': {'raw': 0.0, 'lambda': 1.0, 'weighted': 0.0}, 'weight_path': {'raw': 2.8564647869266935e-10, 'lambda': 0.0, 'weighted': 0.0}, 'diversify': {'raw': 0.0, 'lambda': 0.0, 'weighted': 0.0}}",0.0003
23,0.00923883953752617,0.00013978216156829149,0.0007735725618355597,0.000688760391009661,-6.875054289897282e-05,-0.0009172648860840127,0.029697378476460774,0.00016876135487109423,0.008708486954371134,0.0007354326080530882,0.0,0.0013022564817219973,0.0012452093651518226,-0.00022225308930501342,0.00016494531882926822,1.72485233633779e-05,0.00011253372940700501,0.0,2.534256415831493e-10,0.0,0.22926760674454272,0.6783088445663452,0.22926760674454272,0.6783088445663452,0,0,0,"{'mean': {'raw': -0.0007735725618355597, 'lambda': 0.0, 'weighted': 0.0}, 'log_growth': {'raw': 6.875054289897282e-05, 'lambda': 1.0, 'weighted': 6.875054289897282e-05}, 'cvar': {'raw': 0.0009172648860840127, 'lambda': 0.5, 'weighted': 0.00045863244304200634}, 'turnover': {'raw': 0.029697378476460774, 'lambda': 0.0001, 'weighted': 2.9697377309882236e-06}, 'volatility': {'raw': 0.00016876135487109423, 'lambda': 0.0, 'weighted': 0.0}, 'vol_excess': {'raw': 0.008708486954371134, 'lambda': 1.0, 'weighted': 0.008708486954371134}, 'weight_path': {'raw': 0.0007354326080530882, 'lambda': 0.0, 'weighted': 0.0}, 'diversify': {'raw': 0.0, 'lambda': 0.0, 'weighted': 0.0}}","{'mean': {'raw': -0.0013022564817219973, 'lambda': 0.0, 'weighted': 0.0}, 'log_growth': {'raw': 0.00022225308930501342, 'lambda': 1.0, 'weighted': 0.00022225308930501342}, 'cvar': {'raw': -0.00016494531882926822, 'lambda': 0.5, 'weighted': -8.247265941463411e-05}, 'turnover': {'raw': 1.72485233633779e-05, 'lambda': 0.0001, 'weighted': 1.72485226102026e-09}, 'volatility': {'raw': 0.00011253372940700501, 'lambda': 0.0, 'weighted': 0.0}, 'vol_excess': {'raw': 0.0, 'lambda': 1.0, 'weighted': 0.0}, 'weight_path': {'raw': 2.534256415831493e-10, 'lambda': 0.0, 'weighted': 0.0}, 'diversify': {'raw': 0.0, 'lambda': 0.0, 'weighted': 0.0}}",0.0003
24,0.007873528132525584,0.00010815159475896508,0.0007505715281392137,0.0006690919884325316,-7.959940315534671e-05,-0.000878392054194895,0.02906769886612892,0.00016198476077988744,0.007351825634638469,0.0006816946940186123,0.0,0.0012642458314076066,0.0012095218989998102,-0.0001936872722581029,0.00017107458552345634,1.612929736438673e-05,0.00010793940600706264,0.0,2.2184792891621896e-10,0.0,0.21583498214992383,0.6387760639190674,0.21583498214992383,0.6387760639190674,0,0,0,"{'mean': {'raw': -0.0007505715281392137, 'lambda': 0.0, 'weighted': 0.0}, 'log_growth': {'raw': 7.959940315534671e-05, 'lambda': 1.0, 'weighted': 7.959940315534671e-05}, 'cvar': {'raw': 0.000878392054194895, 'lambda': 0.5, 'weighted': 0.0004391960270974475}, 'turnover': {'raw': 0.02906769886612892, 'lambda': 0.0001, 'weighted': 2.906769850596902e-06}, 'volatility': {'raw': 0.00016198476077988744, 'lambda': 0.0, 'weighted': 0.0}, 'vol_excess': {'raw': 0.007351825634638469, 'lambda': 1.0, 'weighted': 0.007351825634638469}, 'weight_path': {'raw': 0.0006816946940186123, 'lambda': 0.0, 'weighted': 0.0}, 'diversify': {'raw': 0.0, 'lambda': 0.0, 'weighted': 0.0}}","{'mean': {'raw': -0.0012642458314076066, 'lambda': 0.0, 'weighted': 0.0}, 'log_growth': {'raw': 0.0001936872722581029, 'lambda': 1.0, 'weighted': 0.0001936872722581029}, 'cvar': {'raw': -0.00017107458552345634, 'lambda': 0.5, 'weighted': -8.553729276172817e-05}, 'turnover': {'raw': 1.612929736438673e-05, 'lambda': 0.0001, 'weighted': 1.6129296787070757e-09}, 'volatility': {'raw': 0.00010793940600706264, 'lambda': 0.0, 'weighted': 0.0}, 'vol_excess': {'raw': 0.0, 'lambda': 1.0, 'weighted': 0.0}, 'weight_path': {'raw': 2.2184792891621896e-10, 'lambda': 0.0, 'weighted': 0.0}, 'diversify': {'raw': 0.0, 'lambda': 0.0, 'weighted': 0.0}}",0.0003
25,0.006834584831570585,7.990923040779307e-05,0.0007588724959835721,0.0006797038950026035,-5.265404858315984e-05,-0.0008257347847878312,0.029300416509310406,0.000157331298396457,0.006366133689880371,0.0006712545291520655,0.0,0.0012290575541555882,0.001176382414996624,-0.00016737593978177756,0.00017493643099442124,1.5034101124911103e-05,0.00010389206727268174,0.0,1.9267534789868535e-10,0.0,0.2046677526862671,0.6052326560020447,0.2046677526862671,0.6052326560020447,0,0,0,"{'mean': {'raw': -0.0007588724959835721, 'lambda': 0.0, 'weighted': 0.0}, 'log_growth': {'raw': 5.265404858315984e-05, 'lambda': 1.0, 'weighted': 5.265404858315984e-05}, 'cvar': {'raw': 0.0008257347847878312, 'lambda': 0.5, 'weighted': 0.0004128673923939156}, 'turnover': {'raw': 0.029300416509310406, 'lambda': 0.0001, 'weighted': 2.930041622069742e-06}, 'volatility': {'raw': 0.000157331298396457, 'lambda': 0.0, 'weighted': 0.0}, 'vol_excess': {'raw': 0.006366133689880371, 'lambda': 1.0, 'weighted': 0.006366133689880371}, 'weight_path': {'raw': 0.0006712545291520655, 'lambda': 0.0, 'weighted': 0.0}, 'diversify': {'raw': 0.0, 'lambda': 0.0, 'weighted': 0.0}}","{'mean': {'raw': -0.0012290575541555882, 'lambda': 0.0, 'weighted': 0.0}, 'log_growth': {'raw': 0.00016737593978177756, 'lambda': 1.0, 'weighted': 0.00016737593978177756}, 'cvar': {'raw': -0.00017493643099442124, 'lambda': 0.5, 'weighted': -8.746821549721062e-05}, 'turnover': {'raw': 1.5034101124911103e-05, 'lambda': 0.0001, 'weighted': 1.5034100631083902e-09}, 'volatility': {'raw': 0.00010389206727268174, 'lambda': 0.0, 'weighted': 0.0}, 'vol_excess': {'raw': 0.0, 'lambda': 1.0, 'weighted': 0.0}, 'weight_path': {'raw': 1.9267534789868535e-10, 'lambda': 0.0, 'weighted': 0.0}, 'diversify': {'raw': 0.0, 'lambda': 0.0, 'weighted': 0.0}}",0.0003
26,0.005538743571378291,5.4800097132101655e-05,0.000718908971369577,0.0006414711921631048,-1.986891341706117e-05,-0.0008299540349980816,0.028528746217489243,0.0001539377796386058,0.00510104497273763,0.000653882569167763,0.0,0.0011966631282120943,0.0011457877699285746,-0.0001432681456208229,0.00017693889094516635,1.3960983778815717e-05,0.00010034110164269805,0.0,1.6622118959030985e-10,0.0,0.18867094931192696,0.5572883486747742,0.18867094931192696,0.5572883486747742,0,0,0,"{'mean': {'raw': -0.000718908971369577, 'lambda': 0.0, 'weighted': 0.0}, 'log_growth': {'raw': 1.986891341706117e-05, 'lambda': 1.0, 'weighted': 1.986891341706117e-05}, 'cvar': {'raw': 0.0008299540349980816, 'lambda': 0.5, 'weighted': 0.0004149770174990408}, 'turnover': {'raw': 0.028528746217489243, 'lambda': 0.0001, 'weighted': 2.8528744830206656e-06}, 'volatility': {'raw': 0.0001539377796386058, 'lambda': 0.0, 'weighted': 0.0}, 'vol_excess': {'raw': 0.00510104497273763, 'lambda': 1.0, 'weighted': 0.00510104497273763}, 'weight_path': {'raw': 0.000653882569167763, 'lambda': 0.0, 'weighted': 0.0}, 'diversify': {'raw': 0.0, 'lambda': 0.0, 'weighted': 0.0}}","{'mean': {'raw': -0.0011966631282120943, 'lambda': 0.0, 'weighted': 0.0}, 'log_growth': {'raw': 0.0001432681456208229, 'lambda': 1.0, 'weighted': 0.0001432681456208229}, 'cvar': {'raw': -0.00017693889094516635, 'lambda': 0.5, 'weighted': -8.846944547258317e-05}, 'turnover': {'raw': 1.3960983778815717e-05, 'lambda': 0.0001, 'weighted': 1.3960983480387767e-09}, 'volatility': {'raw': 0.00010034110164269805, 'lambda': 0.0, 'weighted': 0.0}, 'vol_excess': {'raw': 0.0, 'lambda': 1.0, 'weighted': 0.0}, 'weight_path': {'raw': 1.6622118959030985e-10, 'lambda': 0.0, 'weighted': 0.0}, 'diversify': {'raw': 0.0, 'lambda': 0.0, 'weighted': 0.0}}",0.0003
27,0.004782191982182364,3.2453739549964666e-05,0.0006923008574328074,0.0006178034624705712,-5.670516596486171e-05,-0.0008014402313468357,0.027843666573365528,0.00014805072957339385,0.004321982463200887,0.0006208041061957678,1.9815288396785036e-05,0.001166854053735733,0.0011175613617524505,-0.00012118078302592039,0.0001774566771928221,1.2940683518536389e-05,9.72217385424301e-05,0.0,1.4281148486006146e-10,0.0,0.1812474086570243,0.5355658531188965,0.1812474086570243,0.5355658531188965,0,0,0,"{'mean': {'raw': -0.0006923008574328074, 'lambda': 0.0, 'weighted': 0.0}, 'log_growth': {'raw': 5.670516596486171e-05, 'lambda': 1.0, 'weighted': 5.670516596486171e-05}, 'cvar': {'raw': 0.0008014402313468357, 'lambda': 0.5, 'weighted': 0.00040072011567341786}, 'turnover': {'raw': 0.027843666573365528, 'lambda': 0.0001, 'weighted': 2.7843664914447195e-06}, 'volatility': {'raw': 0.00014805072957339385, 'lambda': 0.0, 'weighted': 0.0}, 'vol_excess': {'raw': 0.004321982463200887, 'lambda': 1.0, 'weighted': 0.004321982463200887}, 'weight_path': {'raw': 0.0006208041061957678, 'lambda': 0.0, 'weighted': 0.0}, 'diversify': {'raw': 1.9815288396785036e-05, 'lambda': 0.0, 'weighted': 0.0}}","{'mean': {'raw': -0.001166854053735733, 'lambda': 0.0, 'weighted': 0.0}, 'log_growth': {'raw': 0.00012118078302592039, 'lambda': 1.0, 'weighted': 0.00012118078302592039}, 'cvar': {'raw': -0.0001774566771928221, 'lambda': 0.5, 'weighted': -8.872833859641105e-05}, 'turnover': {'raw': 1.2940683518536389e-05, 'lambda': 0.0001, 'weighted': 1.2940682969642125e-09}, 'volatility': {'raw': 9.72217385424301e-05, 'lambda': 0.0, 'weighted': 0.0}, 'vol_excess': {'raw': 0.0, 'lambda': 1.0, 'weighted': 0.0}, 'weight_path': {'raw': 1.4281148486006146e-10, 'lambda': 0.0, 'weighted': 0.0}, 'diversify': {'raw': 0.0, 'lambda': 0.0, 'weighted': 0.0}}",0.0003
28,0.004020485677756369,1.2530796993814874e-05,0.0006797704021058356,0.0006066114486505588,-7.00228459512194e-05,-0.0007859541704722991,0.02684854653974374,0.00014534459963518506,0.0035548011461893716,0.000557397356412063,0.0004961077841774871,0.001139417989179492,0.0010915192542597651,-0.00010093139280797914,0.000176803587237373,1.198146946990164e-05,9.447618504054844e-05,0.0,1.223599693789268e-10,0.0,0.17128578041835377,0.50584876537323,0.17128578041835377,0.50584876537323,0,0,0,"{'mean': {'raw': -0.0006797704021058356, 'lambda': 0.0, 'weighted': 0.0}, 'log_growth': {'raw': 7.00228459512194e-05, 'lambda': 1.0, 'weighted': 7.00228459512194e-05}, 'cvar': {'raw': 0.0007859541704722991, 'lambda': 0.5, 'weighted': 0.00039297708523614955}, 'turnover': {'raw': 0.02684854653974374, 'lambda': 0.0001, 'weighted': 2.6848545833975854e-06}, 'volatility': {'raw': 0.00014534459963518506, 'lambda': 0.0, 'weighted': 0.0}, 'vol_excess': {'raw': 0.0035548011461893716, 'lambda': 1.0, 'weighted': 0.0035548011461893716}, 'weight_path': {'raw': 0.000557397356412063, 'lambda': 0.0, 'weighted': 0.0}, 'diversify': {'raw': 0.0004961077841774871, 'lambda': 0.0, 'weighted': 0.0}}","{'mean': {'raw': -0.001139417989179492, 'lambda': 0.0, 'weighted': 0.0}, 'log_growth': {'raw': 0.00010093139280797914, 'lambda': 1.0, 'weighted': 0.00010093139280797914}, 'cvar': {'raw': -0.000176803587237373, 'lambda': 0.5, 'weighted': -8.84017936186865e-05}, 'turnover': {'raw': 1.198146946990164e-05, 'lambda': 0.0001, 'weighted': 1.1981469150157409e-09}, 'volatility': {'raw': 9.447618504054844e-05, 'lambda': 0.0, 'weighted': 0.0}, 'vol_excess': {'raw': 0.0, 'lambda': 1.0, 'weighted': 0.0}, 'weight_path': {'raw': 1.223599693789268e-10, 'lambda': 0.0, 'weighted': 0.0}, 'diversify': {'raw': 0.0, 'lambda': 0.0, 'weighted': 0.0}}",0.0003
29,0.0031881534960120916,-5.238287485553883e-06,0.0006932145915925503,0.0006219045220253369,-4.017131868749857e-05,-0.0007377707709868749,0.02762271153430144,0.00014163464463005462,0.0027763346831003823,0.0006425614701583982,0.0020552959370737276,0.001114188227802515,0.0010675188386812806,-8.238101872848347e-05,0.00017524082795716822,1.1079481737397145e-05,9.20576712815091e-05,0.0,1.0451390447530073e-10,0.0,0.16026162526880702,0.47238677740097046,0.16026162526880702,0.47238677740097046,0,0,0,"{'mean': {'raw': -0.0006932145915925503, 'lambda': 0.0, 'weighted': 0.0}, 'log_growth': {'raw': 4.017131868749857e-05, 'lambda': 1.0, 'weighted': 4.017131868749857e-05}, 'cvar': {'raw': 0.0007377707709868749, 'lambda': 0.5, 'weighted': 0.00036888538549343747}, 'turnover': {'raw': 0.02762271153430144, 'lambda': 0.0001, 'weighted': 2.7622710755773974e-06}, 'volatility': {'raw': 0.00014163464463005462, 'lambda': 0.0, 'weighted': 0.0}, 'vol_excess': {'raw': 0.0027763346831003823, 'lambda': 1.0, 'weighted': 0.0027763346831003823}, 'weight_path': {'raw': 0.0006425614701583982, 'lambda': 0.0, 'weighted': 0.0}, 'diversify': {'raw': 0.0020552959370737276, 'lambda': 0.0, 'weighted': 0.0}}","{'mean': {'raw': -0.001114188227802515, 'lambda': 0.0, 'weighted': 0.0}, 'log_growth': {'raw': 8.238101872848347e-05, 'lambda': 1.0, 'weighted': 8.238101872848347e-05}, 'cvar': {'raw': -0.00017524082795716822, 'lambda': 0.5, 'weighted': -8.762041397858411e-05}, 'turnover': {'raw': 1.1079481737397145e-05, 'lambda': 0.0001, 'weighted': 1.1079481776476996e-09}, 'volatility': {'raw': 9.20576712815091e-05, 'lambda': 0.0, 'weighted': 0.0}, 'vol_excess': {'raw': 0.0, 'lambda': 1.0, 'weighted': 0.0}, 'weight_path': {'raw': 1.0451390447530073e-10, 'lambda': 0.0, 'weighted': 0.0}, 'diversify': {'raw': 0.0, 'lambda': 0.0, 'weighted': 0.0}}",0.0003
30,0.002212757710367441,-2.1013942387071438e-05,0.0006421903575149676,0.0005721096434475234,-0.00010005850344896317,-0.0007637829209367434,0.02610875479876995,0.00013915331752893204,0.0017281969388326008,0.0005491105063507954,0.004880215662221114,0.001091131940484047,0.0010455417213961482,-6.548578676301986e-05,0.000173001506482251,1.0239048606308643e-05,8.993648225441575e-05,0.0,8.942327434091624e-11,0.0047115120105445385,0.14678367091498026,0.43249231576919556,0.14678367091498026,0.43249231576919556,0,0,0,"{'mean': {'raw': -0.0006421903575149676, 'lambda': 0.0, 'weighted': 0.0}, 'log_growth': {'raw': 0.00010005850344896317, 'lambda': 1.0, 'weighted': 0.00010005850344896317}, 'cvar': {'raw': 0.0007637829209367434, 'lambda': 0.5, 'weighted': 0.0003818914604683717}, 'turnover': {'raw': 0.02610875479876995, 'lambda': 0.0001, 'weighted': 2.6108754506518985e-06}, 'volatility': {'raw': 0.00013915331752893204, 'lambda': 0.0, 'weighted': 0.0}, 'vol_excess': {'raw': 0.0017281969388326008, 'lambda': 1.0, 'weighted': 0.0017281969388326008}, 'weight_path': {'raw': 0.0005491105063507954, 'lambda': 0.0, 'weighted': 0.0}, 'diversify': {'raw': 0.004880215662221114, 'lambda': 0.0, 'weighted': 0.0}}","{'mean': {'raw': -0.001091131940484047, 'lambda': 0.0, 'weighted': 0.0}, 'log_growth': {'raw': 6.548578676301986e-05, 'lambda': 1.0, 'weighted': 6.548578676301986e-05}, 'cvar': {'raw': -0.000173001506482251, 'lambda': 0.5, 'weighted': -8.65007532411255e-05}, 'turnover': {'raw': 1.0239048606308643e-05, 'lambda': 0.0001, 'weighted': 1.0239048497950876e-09}, 'volatility': {'raw': 8.993648225441575e-05, 'lambda': 0.0, 'weighted': 0.0}, 'vol_excess': {'raw': 0.0, 'lambda': 1.0, 'weighted': 0.0}, 'weight_path': {'raw': 8.942327434091624e-11, 'lambda': 0.0, 'weighted': 0.0}, 'diversify': {'raw': 0.0047115120105445385, 'lambda': 0.0, 'weighted': 0.0}}",0.0003
31,0.0017260500462725759,-3.503664629533887e-05,0.0006398457335308194,0.0005708180639582375,-0.00010560722633575399,-0.0007444999646395445,0.02465563329557578,0.00013703991377648586,0.0012457271416982014,0.00048589093300203484,0.008628460268179575,0.0010700704297050834,0.001025429111905396,-5.009994492866099e-05,0.0001702750741969794,9.475187653151806e-06,8.807308040559292e-05,0.0,7.655576866882896e-11,0.01035990845412016,0.1396709418234726,0.41161325573921204,0.1396709418234726,0.41161325573921204,0,0,0,"{'mean': {'raw': -0.0006398457335308194, 'lambda': 0.0, 'weighted': 0.0}, 'log_growth': {'raw': 0.00010560722633575399, 'lambda': 1.0, 'weighted': 0.00010560722633575399}, 'cvar': {'raw': 0.0007444999646395445, 'lambda': 0.5, 'weighted': 0.00037224998231977224}, 'turnover': {'raw': 0.02465563329557578, 'lambda': 0.0001, 'weighted': 2.4655632084128834e-06}, 'volatility': {'raw': 0.00013703991377648586, 'lambda': 0.0, 'weighted': 0.0}, 'vol_excess': {'raw': 0.0012457271416982014, 'lambda': 1.0, 'weighted': 0.0012457271416982014}, 'weight_path': {'raw': 0.00048589093300203484, 'lambda': 0.0, 'weighted': 0.0}, 'diversify': {'raw': 0.008628460268179575, 'lambda': 0.0, 'weighted': 0.0}}","{'mean': {'raw': -0.0010700704297050834, 'lambda': 0.0, 'weighted': 0.0}, 'log_growth': {'raw': 5.009994492866099e-05, 'lambda': 1.0, 'weighted': 5.009994492866099e-05}, 'cvar': {'raw': -0.0001702750741969794, 'lambda': 0.5, 'weighted': -8.51375370984897e-05}, 'turnover': {'raw': 9.475187653151806e-06, 'lambda': 0.0001, 'weighted': 9.475187301433152e-10}, 'volatility': {'raw': 8.807308040559292e-05, 'lambda': 0.0, 'weighted': 0.0}, 'vol_excess': {'raw': 0.0, 'lambda': 1.0, 'weighted': 0.0}, 'weight_path': {'raw': 7.655576866882896e-11, 'lambda': 0.0, 'weighted': 0.0}, 'diversify': {'raw': 0.01035990845412016, 'lambda': 0.0, 'weighted': 0.0}}",0.0003
32,0.0009435987643276652,-4.749947038362734e-05,0.0006412656609124193,0.0005736673289599518,-9.858647050956885e-05,-0.0007146676168000946,0.023972772682706516,0.0001342056081436264,0.00048528114954630536,0.00048374306061305106,0.012741485921045145,0.0010508629493415356,0.00100705586373806,-3.610902058426291e-05,0.00016721873544156551,8.779163181316108e-06,8.643554610898718e-05,0.0,6.565114424317287e-11,0.015511042438447475,0.12795895004334548,0.37709346413612366,0.12795895004334548,0.37709346413612366,0,0,0,"{'mean': {'raw': -0.0006412656609124193, 'lambda': 0.0, 'weighted': 0.0}, 'log_growth': {'raw': 9.858647050956885e-05, 'lambda': 1.0, 'weighted': 9.858647050956885e-05}, 'cvar': {'raw': 0.0007146676168000946, 'lambda': 0.5, 'weighted': 0.0003573338084000473}, 'turnover': {'raw': 0.023972772682706516, 'lambda': 0.0001, 'weighted': 2.3972772093353947e-06}, 'volatility': {'raw': 0.0001342056081436264, 'lambda': 0.0, 'weighted': 0.0}, 'vol_excess': {'raw': 0.00048528114954630536, 'lambda': 1.0, 'weighted': 0.00048528114954630536}, 'weight_path': {'raw': 0.00048374306061305106, 'lambda': 0.0, 'weighted': 0.0}, 'diversify': {'raw': 0.012741485921045145, 'lambda': 0.0, 'weighted': 0.0}}","{'mean': {'raw': -0.0010508629493415356, 'lambda': 0.0, 'weighted': 0.0}, 'log_growth': {'raw': 3.610902058426291e-05, 'lambda': 1.0, 'weighted': 3.610902058426291e-05}, 'cvar': {'raw': -0.00016721873544156551, 'lambda': 0.5, 'weighted': -8.360936772078276e-05}, 'turnover': {'raw': 8.779163181316108e-06, 'lambda': 0.0001, 'weighted': 8.779162952166075e-10}, 'volatility': {'raw': 8.643554610898718e-05, 'lambda': 0.0, 'weighted': 0.0}, 'vol_excess': {'raw': 0.0, 'lambda': 1.0, 'weighted': 0.0}, 'weight_path': {'raw': 6.565114424317287e-11, 'lambda': 0.0, 'weighted': 0.0}, 'diversify': {'raw': 0.015511042438447475, 'lambda': 0.0, 'weighted': 0.0}}",0.0003
33,0.00048100870723525685,-5.861836689291522e-05,0.0006231912702787668,0.0005565035195710758,-7.14930744531254e-05,-0.0007162005980111038,0.024202268570661545,0.00013240102756147584,4.8995018005371094e-05,0.0004926022666040808,0.016922099515795708,0.001033308100886643,0.0009902379242703319,-2.3354778022621758e-05,0.00016394791600760072,8.146956133714411e-06,8.49904608912766e-05,0.0,5.662445859422327e-11,0.02021907828748226,0.12324406947785367,0.3629953861236572,0.12324406947785367,0.3629953861236572,0,0,0,"{'mean': {'raw': -0.0006231912702787668, 'lambda': 0.0, 'weighted': 0.0}, 'log_growth': {'raw': 7.14930744531254e-05, 'lambda': 1.0, 'weighted': 7.14930744531254e-05}, 'cvar': {'raw': 0.0007162005980111038, 'lambda': 0.5, 'weighted': 0.0003581002990055519}, 'turnover': {'raw': 0.024202268570661545, 'lambda': 0.0001, 'weighted': 2.4202267923101317e-06}, 'volatility': {'raw': 0.00013240102756147584, 'lambda': 0.0, 'weighted': 0.0}, 'vol_excess': {'raw': 4.8995018005371094e-05, 'lambda': 1.0, 'weighted': 4.8995018005371094e-05}, 'weight_path': {'raw': 0.0004926022666040808, 'lambda': 0.0, 'weighted': 0.0}, 'diversify': {'raw': 0.016922099515795708, 'lambda': 0.0, 'weighted': 0.0}}","{'mean': {'raw': -0.001033308100886643, 'lambda': 0.0, 'weighted': 0.0}, 'log_growth': {'raw': 2.3354778022621758e-05, 'lambda': 1.0, 'weighted': 2.3354778022621758e-05}, 'cvar': {'raw': -0.00016394791600760072, 'lambda': 0.5, 'weighted': -8.197395800380036e-05}, 'turnover': {'raw': 8.146956133714411e-06, 'lambda': 0.0001, 'weighted': 8.146955887688989e-10}, 'volatility': {'raw': 8.49904608912766e-05, 'lambda': 0.0, 'weighted': 0.0}, 'vol_excess': {'raw': 0.0, 'lambda': 1.0, 'weighted': 0.0}, 'weight_path': {'raw': 5.662445859422327e-11, 'lambda': 0.0, 'weighted': 0.0}, 'diversify': {'raw': 0.02021907828748226, 'lambda': 0.0, 'weighted': 0.0}}",0.0003
34,0.00044714919446657103,-6.709790613967925e-05,0.0006100086223644515,0.0005438226119925579,-8.552472960824768e-05,-0.0007184061590426912,0.02421320043504238,0.0001314189357799478,0.0,0.0005082598654553294,0.021108318741122883,0.0010196343064308167,0.0009771211771294475,-1.3442622730508447e-05,0.00016108258569147438,7.645817277079914e-06,8.389900176553056e-05,0.0,4.9807095947596025e-11,0.023886218667030334,0.0049924883448208375,0.00850741844624281,0.0049924883448208375,0.00850741844624281,0,0,0,"{'mean': {'raw': -0.0006100086223644515, 'lambda': 0.0, 'weighted': 0.0}, 'log_growth': {'raw': 8.552472960824768e-05, 'lambda': 1.0, 'weighted': 8.552472960824768e-05}, 'cvar': {'raw': 0.0007184061590426912, 'lambda': 0.5, 'weighted': 0.0003592030795213456}, 'turnover': {'raw': 0.02421320043504238, 'lambda': 0.0001, 'weighted': 2.4213200049416628e-06}, 'volatility': {'raw': 0.0001314189357799478, 'lambda': 0.0, 'weighted': 0.0}, 'vol_excess': {'raw': 0.0, 'lambda': 1.0, 'weighted': 0.0}, 'weight_path': {'raw': 0.0005082598654553294, 'lambda': 0.0, 'weighted': 0.0}, 'diversify': {'raw': 0.021108318741122883, 'lambda': 0.0, 'weighted': 0.0}}","{'mean': {'raw': -0.0010196343064308167, 'lambda': 0.0, 'weighted': 0.0}, 'log_growth': {'raw': 1.3442622730508447e-05, 'lambda': 1.0, 'weighted': 1.3442622730508447e-05}, 'cvar': {'raw': -0.00016108258569147438, 'lambda': 0.5, 'weighted': -8.054129284573719e-05}, 'turnover': {'raw': 7.645817277079914e-06, 'lambda': 0.0001, 'weighted': 7.645817312607051e-10}, 'volatility': {'raw': 8.389900176553056e-05, 'lambda': 0.0, 'weighted': 0.0}, 'vol_excess': {'raw': 0.0, 'lambda': 1.0, 'weighted': 0.0}, 'weight_path': {'raw': 4.9807095947596025e-11, 'lambda': 0.0, 'weighted': 0.0}, 'diversify': {'raw': 0.023886218667030334, 'lambda': 0.0, 'weighted': 0.0}}",0.0003
35,0.0003675478898609678,-7.310691580642015e-05,0.00064366120689859,0.0005773592177623262,-2.2814085241407156e-05,-0.0006848770135547966,0.022953350096940994,0.00013162099154821286,0.0,0.00043282613235836226,0.024812225252389908,0.0010097865015268326,0.0009676652844063938,-6.315372047538403e-06,0.00015884602908045053,7.2783982432156336e-06,8.313145372085273e-05,0.0,4.509942766461883e-11,0.026527240872383118,0.005052451936838527,0.008145185187458992,0.005052451936838527,0.008145185187458992,0,0,0,"{'mean': {'raw': -0.00064366120689859, 'lambda': 0.0, 'weighted': 0.0}, 'log_growth': {'raw': 2.2814085241407156e-05, 'lambda': 1.0, 'weighted': 2.2814085241407156e-05}, 'cvar': {'raw': 0.0006848770135547966, 'lambda': 0.5, 'weighted': 0.0003424385067773983}, 'turnover': {'raw': 0.022953350096940994, 'lambda': 0.0001, 'weighted': 2.295334904071448e-06}, 'volatility': {'raw': 0.00013162099154821286, 'lambda': 0.0, 'weighted': 0.0}, 'vol_excess': {'raw': 0.0, 'lambda': 1.0, 'weighted': 0.0}, 'weight_path': {'raw': 0.00043282613235836226, 'lambda': 0.0, 'weighted': 0.0}, 'diversify': {'raw': 0.024812225252389908, 'lambda': 0.0, 'weighted': 0.0}}","{'mean': {'raw': -0.0010097865015268326, 'lambda': 0.0, 'weighted': 0.0}, 'log_growth': {'raw': 6.315372047538403e-06, 'lambda': 1.0, 'weighted': 6.315372047538403e-06}, 'cvar': {'raw': -0.00015884602908045053, 'lambda': 0.5, 'weighted': -7.942301454022527e-05}, 'turnover': {'raw': 7.2783982432156336e-06, 'lambda': 0.0001, 'weighted': 7.278397884391552e-10}, 'volatility': {'raw': 8.313145372085273e-05, 'lambda': 0.0, 'weighted': 0.0}, 'vol_excess': {'raw': 0.0, 'lambda': 1.0, 'weighted': 0.0}, 'weight_path': {'raw': 4.509942766461883e-11, 'lambda': 0.0, 'weighted': 0.0}, 'diversify': {'raw': 0.026527240872383118, 'lambda': 0.0, 'weighted': 0.0}}",0.0003
36,0.0004336591809988022,-7.741343142697588e-05,0.0005831484061976274,0.0005182051681913435,-7.091588728750746e-05,-0.0007208364453011503,0.023252233862876892,0.00012888279161415994,0.0,0.0004369558203810205,0.026430390775203705,0.0010026427917182446,0.0009608009131625295,-1.152296704276523e-06,0.00015713284665253013,6.9957832238287665e-06,8.258436719188467e-05,0.0,4.161723743401069e-11,0.028443103656172752,0.0051246327348053455,0.008024672046303749,0.0051246327348053455,0.008024672046303749,0,0,0,"{'mean': {'raw': -0.0005831484061976274, 'lambda': 0.0, 'weighted': 0.0}, 'log_growth': {'raw': 7.091588728750746e-05, 'lambda': 1.0, 'weighted': 7.091588728750746e-05}, 'cvar': {'raw': 0.0007208364453011503, 'lambda': 0.5, 'weighted': 0.00036041822265057516}, 'turnover': {'raw': 0.023252233862876892, 'lambda': 0.0001, 'weighted': 2.3252233252909114e-06}, 'volatility': {'raw': 0.00012888279161415994, 'lambda': 0.0, 'weighted': 0.0}, 'vol_excess': {'raw': 0.0, 'lambda': 1.0, 'weighted': 0.0}, 'weight_path': {'raw': 0.0004369558203810205, 'lambda': 0.0, 'weighted': 0.0}, 'diversify': {'raw': 0.026430390775203705, 'lambda': 0.0, 'weighted': 0.0}}","{'mean': {'raw': -0.0010026427917182446, 'lambda': 0.0, 'weighted': 0.0}, 'log_growth': {'raw': 1.152296704276523e-06, 'lambda': 1.0, 'weighted': 1.152296704276523e-06}, 'cvar': {'raw': -0.00015713284665253013, 'lambda': 0.5, 'weighted': -7.856642332626507e-05}, 'turnover': {'raw': 6.9957832238287665e-06, 'lambda': 0.0001, 'weighted': 6.995782841912046e-10}, 'volatility': {'raw': 8.258436719188467e-05, 'lambda': 0.0, 'weighted': 0.0}, 'vol_excess': {'raw': 0.0, 'lambda': 1.0, 'weighted': 0.0}, 'weight_path': {'raw': 4.161723743401069e-11, 'lambda': 0.0, 'weighted': 0.0}, 'diversify': {'raw': 0.028443103656172752, 'lambda': 0.0, 'weighted': 0.0}}",0.0003
37,0.0004836954952528079,-8.053807687247172e-05,0.0006043651956133544,0.000539571619204556,-0.00013303011655807495,-0.0006968903277690212,0.022202403595050175,0.00012857179050721848,0.0,0.000405720299265037,0.02831232361495495,0.0009974148124456406,0.0009557748562656343,2.623496129672276e-06,0.00015583050844725221,6.7638006839843e-06,8.218916627811268e-05,0.0,3.891758443286264e-11,0.029845157638192177,0.004719719950420161,0.008353262208402157,0.004719719950420161,0.008353262208402157,0,0,0,"{'mean': {'raw': -0.0006043651956133544, 'lambda': 0.0, 'weighted': 0.0}, 'log_growth': {'raw': 0.00013303011655807495, 'lambda': 1.0, 'weighted': 0.00013303011655807495}, 'cvar': {'raw': 0.0006968903277690212, 'lambda': 0.5, 'weighted': 0.0003484451638845106}, 'turnover': {'raw': 0.022202403595050175, 'lambda': 0.0001, 'weighted': 2.220240276074037e-06}, 'volatility': {'raw': 0.00012857179050721848, 'lambda': 0.0, 'weighted': 0.0}, 'vol_excess': {'raw': 0.0, 'lambda': 1.0, 'weighted': 0.0}, 'weight_path': {'raw': 0.000405720299265037, 'lambda': 0.0, 'weighted': 0.0}, 'diversify': {'raw': 0.02831232361495495, 'lambda': 0.0, 'weighted': 0.0}}","{'mean': {'raw': -0.0009974148124456406, 'lambda': 0.0, 'weighted': 0.0}, 'log_growth': {'raw': -2.623496129672276e-06, 'lambda': 1.0, 'weighted': -2.623496129672276e-06}, 'cvar': {'raw': -0.00015583050844725221, 'lambda': 0.5, 'weighted': -7.791525422362611e-05}, 'turnover': {'raw': 6.7638006839843e-06, 'lambda': 0.0001, 'weighted': 6.763800630693595e-10}, 'volatility': {'raw': 8.218916627811268e-05, 'lambda': 0.0, 'weighted': 0.0}, 'vol_excess': {'raw': 0.0, 'lambda': 1.0, 'weighted': 0.0}, 'weight_path': {'raw': 3.891758443286264e-11, 'lambda': 0.0, 'weighted': 0.0}, 'diversify': {'raw': 0.029845157638192177, 'lambda': 0.0, 'weighted': 0.0}}",0.0003
38,0.00043737771920859814,-8.282132330350578e-05,0.0006082776623467604,0.0005431638370888928,-8.586357580497861e-05,-0.0006983857795906564,0.02321227329472701,0.00012921967815297344,0.0,0.00043124125416701037,0.029558285449941952,0.0009935686830431223,0.0009520759340375662,5.398806024459191e-06,0.00015484634786844254,6.58221733829123e-06,8.190122025553137e-05,0.0,3.6916209672499534e-11,0.030876584351062775,0.004646692774258554,0.007857093587517738,0.004646692774258554,0.007857093587517738,0,0,0,"{'mean': {'raw': -0.0006082776623467604, 'lambda': 0.0, 'weighted': 0.0}, 'log_growth': {'raw': 8.586357580497861e-05, 'lambda': 1.0, 'weighted': 8.586357580497861e-05}, 'cvar': {'raw': 0.0006983857795906564, 'lambda': 0.5, 'weighted': 0.0003491928897953282}, 'turnover': {'raw': 0.02321227329472701, 'lambda': 0.0001, 'weighted': 2.3212273087362214e-06}, 'volatility': {'raw': 0.00012921967815297344, 'lambda': 0.0, 'weighted': 0.0}, 'vol_excess': {'raw': 0.0, 'lambda': 1.0, 'weighted': 0.0}, 'weight_path': {'raw': 0.00043124125416701037, 'lambda': 0.0, 'weighted': 0.0}, 'diversify': {'raw': 0.029558285449941952, 'lambda': 0.0, 'weighted': 0.0}}","{'mean': {'raw': -0.0009935686830431223, 'lambda': 0.0, 'weighted': 0.0}, 'log_growth': {'raw': -5.398806024459191e-06, 'lambda': 1.0, 'weighted': -5.398806024459191e-06}, 'cvar': {'raw': -0.00015484634786844254, 'lambda': 0.5, 'weighted': -7.742317393422127e-05}, 'turnover': {'raw': 6.58221733829123e-06, 'lambda': 0.0001, 'weighted': 6.582216993678003e-10}, 'volatility': {'raw': 8.190122025553137e-05, 'lambda': 0.0, 'weighted': 0.0}, 'vol_excess': {'raw': 0.0, 'lambda': 1.0, 'weighted': 0.0}, 'weight_path': {'raw': 3.6916209672499534e-11, 'lambda': 0.0, 'weighted': 0.0}, 'diversify': {'raw': 0.030876584351062775, 'lambda': 0.0, 'weighted': 0.0}}",0.0003
39,0.0004538288728023569,-8.449944289168343e-05,0.0005888343827488521,0.0005245923336284856,-0.0001007034055267771,-0.0007020232490807151,0.021137901892264683,0.0001275066679227166,0.0,0.00036700918766049046,0.030976474285125732,0.000990729546174407,0.0009493444231338799,7.447271400451427e-06,0.0001541056262794882,6.428290816984372e-06,8.169015927705914e-05,0.0,3.520694152880921e-11,0.03163807466626167,0.004604468975837032,0.007721841800957918,0.004604468975837032,0.007721841800957918,0,0,0,"{'mean': {'raw': -0.0005888343827488521, 'lambda': 0.0, 'weighted': 0.0}, 'log_growth': {'raw': 0.0001007034055267771, 'lambda': 1.0, 'weighted': 0.0001007034055267771}, 'cvar': {'raw': 0.0007020232490807151, 'lambda': 0.5, 'weighted': 0.00035101162454035756}, 'turnover': {'raw': 0.021137901892264683, 'lambda': 0.0001, 'weighted': 2.113790136111978e-06}, 'volatility': {'raw': 0.0001275066679227166, 'lambda': 0.0, 'weighted': 0.0}, 'vol_excess': {'raw': 0.0, 'lambda': 1.0, 'weighted': 0.0}, 'weight_path': {'raw': 0.00036700918766049046, 'lambda': 0.0, 'weighted': 0.0}, 'diversify': {'raw': 0.030976474285125732, 'lambda': 0.0, 'weighted': 0.0}}","{'mean': {'raw': -0.000990729546174407, 'lambda': 0.0, 'weighted': 0.0}, 'log_growth': {'raw': -7.447271400451427e-06, 'lambda': 1.0, 'weighted': -7.447271400451427e-06}, 'cvar': {'raw': -0.0001541056262794882, 'lambda': 0.5, 'weighted': -7.70528131397441e-05}, 'turnover': {'raw': 6.428290816984372e-06, 'lambda': 0.0001, 'weighted': 6.42829067754036e-10}, 'volatility': {'raw': 8.169015927705914e-05, 'lambda': 0.0, 'weighted': 0.0}, 'vol_excess': {'raw': 0.0, 'lambda': 1.0, 'weighted': 0.0}, 'weight_path': {'raw': 3.520694152880921e-11, 'lambda': 0.0, 'weighted': 0.0}, 'diversify': {'raw': 0.03163807466626167, 'lambda': 0.0, 'weighted': 0.0}}",0.0003
40,0.00045494506290803355,-8.574013190809637e-05,0.0005773800464036564,0.0005129579027804235,-9.392816961432497e-05,-0.0007175268450131019,0.022533658891916275,0.00012790919572580606,0.0,0.00041285829502157867,0.031116682415207226,0.0009886226616799831,0.0009473172249272466,8.966809218691196e-06,0.00015354790957644582,6.312006917141844e-06,8.153438830049708e-05,0.0,3.3918735875548833e-11,0.03220308944582939,0.004483791378637155,0.00774984760209918,0.004483791378637155,0.00774984760209918,0,0,0,"{'mean': {'raw': -0.0005773800464036564, 'lambda': 0.0, 'weighted': 0.0}, 'log_growth': {'raw': 9.392816961432497e-05, 'lambda': 1.0, 'weighted': 9.392816961432497e-05}, 'cvar': {'raw': 0.0007175268450131019, 'lambda': 0.5, 'weighted': 0.00035876342250655097}, 'turnover': {'raw': 0.022533658891916275, 'lambda': 0.0001, 'weighted': 2.2533658921020105e-06}, 'volatility': {'raw': 0.00012790919572580606, 'lambda': 0.0, 'weighted': 0.0}, 'vol_excess': {'raw': 0.0, 'lambda': 1.0, 'weighted': 0.0}, 'weight_path': {'raw': 0.00041285829502157867, 'lambda': 0.0, 'weighted': 0.0}, 'diversify': {'raw': 0.031116682415207226, 'lambda': 0.0, 'weighted': 0.0}}","{'mean': {'raw': -0.0009886226616799831, 'lambda': 0.0, 'weighted': 0.0}, 'log_growth': {'raw': -8.966809218691196e-06, 'lambda': 1.0, 'weighted': -8.966809218691196e-06}, 'cvar': {'raw': -0.00015354790957644582, 'lambda': 0.5, 'weighted': -7.677395478822291e-05}, 'turnover': {'raw': 6.312006917141844e-06, 'lambda': 0.0001, 'weighted': 6.312007028164146e-10}, 'volatility': {'raw': 8.153438830049708e-05, 'lambda': 0.0, 'weighted': 0.0}, 'vol_excess': {'raw': 0.0, 'lambda': 1.0, 'weighted': 0.0}, 'weight_path': {'raw': 3.3918735875548833e-11, 'lambda': 0.0, 'weighted': 0.0}, 'diversify': {'raw': 0.03220308944582939, 'lambda': 0.0, 'weighted': 0.0}}",0.0003
41,0.0004442656257500251,-8.666084613651037e-05,0.0005714113552433749,0.0005075690666368852,-8.647533832117915e-05,-0.0007115008872157583,0.020399377991755802,0.00012670039965693528,0.0,0.00034196730121038854,0.03239803264538447,0.0009870538488030434,0.000945807434618473,1.0097218364535365e-05,0.00015312849427573383,6.210858373378869e-06,8.141884609358385e-05,0.0,3.2807839778215e-11,0.03262383118271828,0.0044311278422052664,0.0072860331274569035,0.0044311278422052664,0.0072860331274569035,0,0,0,"{'mean': {'raw': -0.0005714113552433749, 'lambda': 0.0, 'weighted': 0.0}, 'log_growth': {'raw': 8.647533832117915e-05, 'lambda': 1.0, 'weighted': 8.647533832117915e-05}, 'cvar': {'raw': 0.0007115008872157583, 'lambda': 0.5, 'weighted': 0.00035575044360787916}, 'turnover': {'raw': 0.020399377991755802, 'lambda': 0.0001, 'weighted': 2.039937688399126e-06}, 'volatility': {'raw': 0.00012670039965693528, 'lambda': 0.0, 'weighted': 0.0}, 'vol_excess': {'raw': 0.0, 'lambda': 1.0, 'weighted': 0.0}, 'weight_path': {'raw': 0.00034196730121038854, 'lambda': 0.0, 'weighted': 0.0}, 'diversify': {'raw': 0.03239803264538447, 'lambda': 0.0, 'weighted': 0.0}}","{'mean': {'raw': -0.0009870538488030434, 'lambda': 0.0, 'weighted': 0.0}, 'log_growth': {'raw': -1.0097218364535365e-05, 'lambda': 1.0, 'weighted': -1.0097218364535365e-05}, 'cvar': {'raw': -0.00015312849427573383, 'lambda': 0.5, 'weighted': -7.656424713786691e-05}, 'turnover': {'raw': 6.210858373378869e-06, 'lambda': 0.0001, 'weighted': 6.210857939059622e-10}, 'volatility': {'raw': 8.141884609358385e-05, 'lambda': 0.0, 'weighted': 0.0}, 'vol_excess': {'raw': 0.0, 'lambda': 1.0, 'weighted': 0.0}, 'weight_path': {'raw': 3.2807839778215e-11, 'lambda': 0.0, 'weighted': 0.0}, 'diversify': {'raw': 0.03262383118271828, 'lambda': 0.0, 'weighted': 0.0}}",0.0003
42,0.0004168946761637926,-8.734520815778524e-05,0.0006114344966287414,0.0005472564953379333,-7.664090177665155e-05,-0.0006758877037403485,0.02309899963438511,0.00012735739922694242,0.0,0.0004348784180668493,0.03250262141227722,0.000985887018032372,0.0009446844924241304,1.0938808372884523e-05,0.00015281402738764882,6.125469553808216e-06,8.133318624459207e-05,0.0,3.191292369253418e-11,0.032936710864305496,0.004388605399678151,0.007038028445094824,0.004388605399678151,0.007038028445094824,0,0,0,"{'mean': {'raw': -0.0006114344966287414, 'lambda': 0.0, 'weighted': 0.0}, 'log_growth': {'raw': 7.664090177665155e-05, 'lambda': 1.0, 'weighted': 7.664090177665155e-05}, 'cvar': {'raw': 0.0006758877037403485, 'lambda': 0.5, 'weighted': 0.00033794385187017423}, 'turnover': {'raw': 0.02309899963438511, 'lambda': 0.0001, 'weighted': 2.3098999311817656e-06}, 'volatility': {'raw': 0.00012735739922694242, 'lambda': 0.0, 'weighted': 0.0}, 'vol_excess': {'raw': 0.0, 'lambda': 1.0, 'weighted': 0.0}, 'weight_path': {'raw': 0.0004348784180668493, 'lambda': 0.0, 'weighted': 0.0}, 'diversify': {'raw': 0.03250262141227722, 'lambda': 0.0, 'weighted': 0.0}}","{'mean': {'raw': -0.000985887018032372, 'lambda': 0.0, 'weighted': 0.0}, 'log_growth': {'raw': -1.0938808372884523e-05, 'lambda': 1.0, 'weighted': -1.0938808372884523e-05}, 'cvar': {'raw': -0.00015281402738764882, 'lambda': 0.5, 'weighted': -7.640701369382441e-05}, 'turnover': {'raw': 6.125469553808216e-06, 'lambda': 0.0001, 'weighted': 6.125469576012676e-10}, 'volatility': {'raw': 8.133318624459207e-05, 'lambda': 0.0, 'weighted': 0.0}, 'vol_excess': {'raw': 0.0, 'lambda': 1.0, 'weighted': 0.0}, 'weight_path': {'raw': 3.191292369253418e-11, 'lambda': 0.0, 'weighted': 0.0}, 'diversify': {'raw': 0.032936710864305496, 'lambda': 0.0, 'weighted': 0.0}}",0.0003
43,0.00044089222016433877,-8.78588980413042e-05,0.0005679028496767083,0.0005039628207062682,-8.024845737963915e-05,-0.0007167142903199419,0.022865479191144306,0.0001268948835786432,0.0,0.000428543232070903,0.032646180440982185,0.0009850090136751533,0.0009438391425646842,1.1571491086215246e-05,0.00015257601626217365,6.039885192876682e-06,8.126883767545223e-05,0.0,3.1028530439458635e-11,0.03317223861813545,0.0043179244579126435,0.007356282789260149,0.0043179244579126435,0.007356282789260149,0,0,0,"{'mean': {'raw': -0.0005679028496767083, 'lambda': 0.0, 'weighted': 0.0}, 'log_growth': {'raw': 8.024845737963915e-05, 'lambda': 1.0, 'weighted': 8.024845737963915e-05}, 'cvar': {'raw': 0.0007167142903199419, 'lambda': 0.5, 'weighted': 0.00035835714515997097}, 'turnover': {'raw': 0.022865479191144306, 'lambda': 0.0001, 'weighted': 2.2865478210102688e-06}, 'volatility': {'raw': 0.0001268948835786432, 'lambda': 0.0, 'weighted': 0.0}, 'vol_excess': {'raw': 0.0, 'lambda': 1.0, 'weighted': 0.0}, 'weight_path': {'raw': 0.000428543232070903, 'lambda': 0.0, 'weighted': 0.0}, 'diversify': {'raw': 0.032646180440982185, 'lambda': 0.0, 'weighted': 0.0}}","{'mean': {'raw': -0.0009850090136751533, 'lambda': 0.0, 'weighted': 0.0}, 'log_growth': {'raw': -1.1571491086215246e-05, 'lambda': 1.0, 'weighted': -1.1571491086215246e-05}, 'cvar': {'raw': -0.00015257601626217365, 'lambda': 0.5, 'weighted': -7.628800813108683e-05}, 'turnover': {'raw': 6.039885192876682e-06, 'lambda': 0.0001, 'weighted': 6.039885258601885e-10}, 'volatility': {'raw': 8.126883767545223e-05, 'lambda': 0.0, 'weighted': 0.0}, 'vol_excess': {'raw': 0.0, 'lambda': 1.0, 'weighted': 0.0}, 'weight_path': {'raw': 3.1028530439458635e-11, 'lambda': 0.0, 'weighted': 0.0}, 'diversify': {'raw': 0.03317223861813545, 'lambda': 0.0, 'weighted': 0.0}}",0.0003
44,0.00043954219048221904,-8.8245898950845e-05,0.000581122604974856,0.0005172384747614464,-8.633175942425926e-05,-0.0007020984242747849,0.02161181593934695,0.0001267741245101206,0.0,0.0003862461890093982,0.03261936207612356,0.0009843468433246017,0.0009432019433006644,1.2048448297719005e-05,0.00015239609638229012,5.9673297982953954e-06,8.122041617752984e-05,0.0,3.029792389197539e-11,0.03334980085492134,0.004672875045798719,0.0076006739400327206,0.004672875045798719,0.0076006739400327206,0,0,0,"{'mean': {'raw': -0.000581122604974856, 'lambda': 0.0, 'weighted': 0.0}, 'log_growth': {'raw': 8.633175942425926e-05, 'lambda': 1.0, 'weighted': 8.633175942425926e-05}, 'cvar': {'raw': 0.0007020984242747849, 'lambda': 0.5, 'weighted': 0.00035104921213739243}, 'turnover': {'raw': 0.02161181593934695, 'lambda': 0.0001, 'weighted': 2.1611815554933855e-06}, 'volatility': {'raw': 0.0001267741245101206, 'lambda': 0.0, 'weighted': 0.0}, 'vol_excess': {'raw': 0.0, 'lambda': 1.0, 'weighted': 0.0}, 'weight_path': {'raw': 0.0003862461890093982, 'lambda': 0.0, 'weighted': 0.0}, 'diversify': {'raw': 0.03261936207612356, 'lambda': 0.0, 'weighted': 0.0}}","{'mean': {'raw': -0.0009843468433246017, 'lambda': 0.0, 'weighted': 0.0}, 'log_growth': {'raw': -1.2048448297719005e-05, 'lambda': 1.0, 'weighted': -1.2048448297719005e-05}, 'cvar': {'raw': -0.00015239609638229012, 'lambda': 0.5, 'weighted': -7.619804819114506e-05}, 'turnover': {'raw': 5.9673297982953954e-06, 'lambda': 0.0001, 'weighted': 5.967329408385069e-10}, 'volatility': {'raw': 8.122041617752984e-05, 'lambda': 0.0, 'weighted': 0.0}, 'vol_excess': {'raw': 0.0, 'lambda': 1.0, 'weighted': 0.0}, 'weight_path': {'raw': 3.029792389197539e-11, 'lambda': 0.0, 'weighted': 0.0}, 'diversify': {'raw': 0.03334980085492134, 'lambda': 0.0, 'weighted': 0.0}}",0.0003
45,0.0003968097347145279,-8.853941835695878e-05,0.0006010817596688867,0.0005371964653022587,-5.3780231003959976e-05,-0.0006816159390533963,0.022214673459529877,0.0001267569896299392,0.0,0.00041791523108258843,0.0329134576022625,0.000983844744041562,0.000942718586884439,1.2410660019668285e-05,0.00015225869719870389,5.912250344408676e-06,8.118373807519674e-05,0.0,2.961842923698832e-11,0.033484455198049545,0.004556394647806883,0.007049725390970707,0.004556394647806883,0.007049725390970707,0,0,0,"{'mean': {'raw': -0.0006010817596688867, 'lambda': 0.0, 'weighted': 0.0}, 'log_growth': {'raw': 5.3780231003959976e-05, 'lambda': 1.0, 'weighted': 5.3780231003959976e-05}, 'cvar': {'raw': 0.0006816159390533963, 'lambda': 0.5, 'weighted': 0.0003408079695266982}, 'turnover': {'raw': 0.022214673459529877, 'lambda': 0.0001, 'weighted': 2.221467336009179e-06}, 'volatility': {'raw': 0.0001267569896299392, 'lambda': 0.0, 'weighted': 0.0}, 'vol_excess': {'raw': 0.0, 'lambda': 1.0, 'weighted': 0.0}, 'weight_path': {'raw': 0.00041791523108258843, 'lambda': 0.0, 'weighted': 0.0}, 'diversify': {'raw': 0.0329134576022625, 'lambda': 0.0, 'weighted': 0.0}}","{'mean': {'raw': -0.000983844744041562, 'lambda': 0.0, 'weighted': 0.0}, 'log_growth': {'raw': -1.2410660019668285e-05, 'lambda': 1.0, 'weighted': -1.2410660019668285e-05}, 'cvar': {'raw': -0.00015225869719870389, 'lambda': 0.5, 'weighted': -7.612934859935194e-05}, 'turnover': {'raw': 5.912250344408676e-06, 'lambda': 0.0001, 'weighted': 5.912250133910391e-10}, 'volatility': {'raw': 8.118373807519674e-05, 'lambda': 0.0, 'weighted': 0.0}, 'vol_excess': {'raw': 0.0, 'lambda': 1.0, 'weighted': 0.0}, 'weight_path': {'raw': 2.961842923698832e-11, 'lambda': 0.0, 'weighted': 0.0}, 'diversify': {'raw': 0.033484455198049545, 'lambda': 0.0, 'weighted': 0.0}}",0.0003
46,0.0004376618502040704,-8.876452193362638e-05,0.0005714740934005628,0.0005076248877837012,-7.960658210019271e-05,-0.0007115732684421042,0.022686402623852093,0.00012672383066577217,0.0,0.0004100211275120576,0.033202861746152244,0.0009834591764956713,0.0009423472220078111,1.2688488823187072e-05,0.00015215322491712868,5.842308382852934e-06,8.115559467114508e-05,0.0,2.8996034739936505e-11,0.03358789160847664,0.004559114497775833,0.007664415519684553,0.004559114497775833,0.007664415519684553,0,0,0,"{'mean': {'raw': -0.0005714740934005628, 'lambda': 0.0, 'weighted': 0.0}, 'log_growth': {'raw': 7.960658210019271e-05, 'lambda': 1.0, 'weighted': 7.960658210019271e-05}, 'cvar': {'raw': 0.0007115732684421042, 'lambda': 0.5, 'weighted': 0.0003557866342210521}, 'turnover': {'raw': 0.022686402623852093, 'lambda': 0.0001, 'weighted': 2.268640249288486e-06}, 'volatility': {'raw': 0.00012672383066577217, 'lambda': 0.0, 'weighted': 0.0}, 'vol_excess': {'raw': 0.0, 'lambda': 1.0, 'weighted': 0.0}, 'weight_path': {'raw': 0.0004100211275120576, 'lambda': 0.0, 'weighted': 0.0}, 'diversify': {'raw': 0.033202861746152244, 'lambda': 0.0, 'weighted': 0.0}}","{'mean': {'raw': -0.0009834591764956713, 'lambda': 0.0, 'weighted': 0.0}, 'log_growth': {'raw': -1.2688488823187072e-05, 'lambda': 1.0, 'weighted': -1.2688488823187072e-05}, 'cvar': {'raw': -0.00015215322491712868, 'lambda': 0.5, 'weighted': -7.607661245856434e-05}, 'turnover': {'raw': 5.842308382852934e-06, 'lambda': 0.0001, 'weighted': 5.842308303805055e-10}, 'volatility': {'raw': 8.115559467114508e-05, 'lambda': 0.0, 'weighted': 0.0}, 'vol_excess': {'raw': 0.0, 'lambda': 1.0, 'weighted': 0.0}, 'weight_path': {'raw': 2.8996034739936505e-11, 'lambda': 0.0, 'weighted': 0.0}, 'diversify': {'raw': 0.03358789160847664, 'lambda': 0.0, 'weighted': 0.0}}",0.0003
47,0.0004190868542840083,-8.89452567207627e-05,0.0006028799689374864,0.0005391865076186756,-7.90761938939492e-05,-0.0006754429632565007,0.022891173760096233,0.0001263977489240157,0.0,0.0004386714135762304,0.03311172996958097,0.0009831500938162208,0.0009420497226528823,1.2911553312733304e-05,0.00015206857642624527,5.784966106148204e-06,8.113305375445634e-05,0.0,2.8463318507698787e-11,0.03367079421877861,0.004414716153405607,0.00694891856983304,0.004414716153405607,0.00694891856983304,0,0,0,"{'mean': {'raw': -0.0006028799689374864, 'lambda': 0.0, 'weighted': 0.0}, 'log_growth': {'raw': 7.90761938939492e-05, 'lambda': 1.0, 'weighted': 7.90761938939492e-05}, 'cvar': {'raw': 0.0006754429632565007, 'lambda': 0.5, 'weighted': 0.00033772148162825033}, 'turnover': {'raw': 0.022891173760096233, 'lambda': 0.0001, 'weighted': 2.289117295125228e-06}, 'volatility': {'raw': 0.0001263977489240157, 'lambda': 0.0, 'weighted': 0.0}, 'vol_excess': {'raw': 0.0, 'lambda': 1.0, 'weighted': 0.0}, 'weight_path': {'raw': 0.0004386714135762304, 'lambda': 0.0, 'weighted': 0.0}, 'diversify': {'raw': 0.03311172996958097, 'lambda': 0.0, 'weighted': 0.0}}","{'mean': {'raw': -0.0009831500938162208, 'lambda': 0.0, 'weighted': 0.0}, 'log_growth': {'raw': -1.2911553312733304e-05, 'lambda': 1.0, 'weighted': -1.2911553312733304e-05}, 'cvar': {'raw': -0.00015206857642624527, 'lambda': 0.5, 'weighted': -7.603428821312264e-05}, 'turnover': {'raw': 5.784966106148204e-06, 'lambda': 0.0001, 'weighted': 5.784965839694678e-10}, 'volatility': {'raw': 8.113305375445634e-05, 'lambda': 0.0, 'weighted': 0.0}, 'vol_excess': {'raw': 0.0, 'lambda': 1.0, 'weighted': 0.0}, 'weight_path': {'raw': 2.8463318507698787e-11, 'lambda': 0.0, 'weighted': 0.0}, 'diversify': {'raw': 0.03367079421877861, 'lambda': 0.0, 'weighted': 0.0}}",0.0003
48,0.0004769008761892716,-8.909287134883925e-05,0.000596555124502629,0.000532418634975329,-0.00012868328485637903,-0.0006921298142212132,0.021527669702967007,0.00012723722708566734,0.0,0.0003738472781454523,0.032713924845059715,0.0009828958427533507,0.000941805134061724,1.3094102541799657e-05,0.00015199868357740343,5.730861630581785e-06,8.111452916637063e-05,0.0,2.789606046160742e-11,0.03373895213007927,0.004894274558561544,0.008459066972136497,0.004894274558561544,0.008459066972136497,0,0,0,"{'mean': {'raw': -0.000596555124502629, 'lambda': 0.0, 'weighted': 0.0}, 'log_growth': {'raw': 0.00012868328485637903, 'lambda': 1.0, 'weighted': 0.00012868328485637903}, 'cvar': {'raw': 0.0006921298142212132, 'lambda': 0.5, 'weighted': 0.0003460649071106066}, 'turnover': {'raw': 0.021527669702967007, 'lambda': 0.0001, 'weighted': 2.1527669105125824e-06}, 'volatility': {'raw': 0.00012723722708566734, 'lambda': 0.0, 'weighted': 0.0}, 'vol_excess': {'raw': 0.0, 'lambda': 1.0, 'weighted': 0.0}, 'weight_path': {'raw': 0.0003738472781454523, 'lambda': 0.0, 'weighted': 0.0}, 'diversify': {'raw': 0.032713924845059715, 'lambda': 0.0, 'weighted': 0.0}}","{'mean': {'raw': -0.0009828958427533507, 'lambda': 0.0, 'weighted': 0.0}, 'log_growth': {'raw': -1.3094102541799657e-05, 'lambda': 1.0, 'weighted': -1.3094102541799657e-05}, 'cvar': {'raw': -0.00015199868357740343, 'lambda': 0.5, 'weighted': -7.599934178870171e-05}, 'turnover': {'raw': 5.730861630581785e-06, 'lambda': 0.0001, 'weighted': 5.73086134103562e-10}, 'volatility': {'raw': 8.111452916637063e-05, 'lambda': 0.0, 'weighted': 0.0}, 'vol_excess': {'raw': 0.0, 'lambda': 1.0, 'weighted': 0.0}, 'weight_path': {'raw': 2.789606046160742e-11, 'lambda': 0.0, 'weighted': 0.0}, 'diversify': {'raw': 0.03373895213007927, 'lambda': 0.0, 'weighted': 0.0}}",0.0003
49,0.0004365798473979036,-8.921803237171844e-05,0.0005795771721750498,0.0005157319537829608,-8.294021245092154e-05,-0.0007027430692687631,0.02267986225585143,0.00012669879409562176,0.0,0.0004343643959145993,0.0332722415526708,0.0009826816385611892,0.0009415988461114466,1.3248711184132844e-05,0.000151939777424559,5.67632832826348e-06,8.109892951324582e-05,0.0,2.7337722363629524e-11,0.03379639983177185,0.004237983763838808,0.007118130102753639,0.004237983763838808,0.007118130102753639,0,0,0,"{'mean': {'raw': -0.0005795771721750498, 'lambda': 0.0, 'weighted': 0.0}, 'log_growth': {'raw': 8.294021245092154e-05, 'lambda': 1.0, 'weighted': 8.294021245092154e-05}, 'cvar': {'raw': 0.0007027430692687631, 'lambda': 0.5, 'weighted': 0.00035137153463438153}, 'turnover': {'raw': 0.02267986225585143, 'lambda': 0.0001, 'weighted': 2.2679861710154605e-06}, 'volatility': {'raw': 0.00012669879409562176, 'lambda': 0.0, 'weighted': 0.0}, 'vol_excess': {'raw': 0.0, 'lambda': 1.0, 'weighted': 0.0}, 'weight_path': {'raw': 0.0004343643959145993, 'lambda': 0.0, 'weighted': 0.0}, 'diversify': {'raw': 0.0332722415526708, 'lambda': 0.0, 'weighted': 0.0}}","{'mean': {'raw': -0.0009826816385611892, 'lambda': 0.0, 'weighted': 0.0}, 'log_growth': {'raw': -1.3248711184132844e-05, 'lambda': 1.0, 'weighted': -1.3248711184132844e-05}, 'cvar': {'raw': -0.000151939777424559, 'lambda': 0.5, 'weighted': -7.59698887122795e-05}, 'turnover': {'raw': 5.67632832826348e-06, 'lambda': 0.0001, 'weighted': 5.676328296289057e-10}, 'volatility': {'raw': 8.109892951324582e-05, 'lambda': 0.0, 'weighted': 0.0}, 'vol_excess': {'raw': 0.0, 'lambda': 1.0, 'weighted': 0.0}, 'weight_path': {'raw': 2.7337722363629524e-11, 'lambda': 0.0, 'weighted': 0.0}, 'diversify': {'raw': 0.03379639983177185, 'lambda': 0.0, 'weighted': 0.0}}",0.0003
50,0.00042835401836782694,-8.932061609812081e-05,0.0005794885219074786,0.0005154320388101041,-7.275699560220043e-05,-0.0007066983283342173,0.022477175419529278,0.00012711261661024764,0.0,0.0004254818777553737,0.033631227910518646,0.0009825067827478051,0.000941430393140763,1.3375377420743462e-05,0.00015189159603323787,5.633848104480421e-06,8.108618203550577e-05,0.0,2.6887206003300967e-11,0.03384333848953247,0.004296148312278092,0.006880020257085562,0.004296148312278092,0.006880020257085562,0,0,0,"{'mean': {'raw': -0.0005794885219074786, 'lambda': 0.0, 'weighted': 0.0}, 'log_growth': {'raw': 7.275699560220043e-05, 'lambda': 1.0, 'weighted': 7.275699560220043e-05}, 'cvar': {'raw': 0.0007066983283342173, 'lambda': 0.5, 'weighted': 0.00035334916416710865}, 'turnover': {'raw': 0.022477175419529278, 'lambda': 0.0001, 'weighted': 2.2477174752566498e-06}, 'volatility': {'raw': 0.00012711261661024764, 'lambda': 0.0, 'weighted': 0.0}, 'vol_excess': {'raw': 0.0, 'lambda': 1.0, 'weighted': 0.0}, 'weight_path': {'raw': 0.0004254818777553737, 'lambda': 0.0, 'weighted': 0.0}, 'diversify': {'raw': 0.033631227910518646, 'lambda': 0.0, 'weighted': 0.0}}","{'mean': {'raw': -0.0009825067827478051, 'lambda': 0.0, 'weighted': 0.0}, 'log_growth': {'raw': -1.3375377420743462e-05, 'lambda': 1.0, 'weighted': -1.3375377420743462e-05}, 'cvar': {'raw': -0.00015189159603323787, 'lambda': 0.5, 'weighted': -7.594579801661894e-05}, 'turnover': {'raw': 5.633848104480421e-06, 'lambda': 0.0001, 'weighted': 5.633847832697825e-10}, 'volatility': {'raw': 8.108618203550577e-05, 'lambda': 0.0, 'weighted': 0.0}, 'vol_excess': {'raw': 0.0, 'lambda': 1.0, 'weighted': 0.0}, 'weight_path': {'raw': 2.6887206003300967e-11, 'lambda': 0.0, 'weighted': 0.0}, 'diversify': {'raw': 0.03384333848953247, 'lambda': 0.0, 'weighted': 0.0}}",0.0003
51,0.00039813182471940917,-8.940460247686133e-05,0.0006115789292380214,0.000547798874322325,-6.1564768354098e-05,-0.0006686950315876553,0.022195370867848396,0.0001265217336670806,0.0,0.0004173159929147611,0.03293351208170255,0.000982362194918096,0.0009412912768311799,1.347931902273558e-05,0.00015185168012976646,5.575491741183214e-06,8.107566827675328e-05,0.0,2.6390629265238275e-11,0.03388208523392677,0.004314559007373949,0.0067918370477855206,0.004314559007373949,0.0067918370477855206,0,0,0,"{'mean': {'raw': -0.0006115789292380214, 'lambda': 0.0, 'weighted': 0.0}, 'log_growth': {'raw': 6.1564768354098e-05, 'lambda': 1.0, 'weighted': 6.1564768354098e-05}, 'cvar': {'raw': 0.0006686950315876553, 'lambda': 0.5, 'weighted': 0.00033434751579382765}, 'turnover': {'raw': 0.022195370867848396, 'lambda': 0.0001, 'weighted': 2.219537009295891e-06}, 'volatility': {'raw': 0.0001265217336670806, 'lambda': 0.0, 'weighted': 0.0}, 'vol_excess': {'raw': 0.0, 'lambda': 1.0, 'weighted': 0.0}, 'weight_path': {'raw': 0.0004173159929147611, 'lambda': 0.0, 'weighted': 0.0}, 'diversify': {'raw': 0.03293351208170255, 'lambda': 0.0, 'weighted': 0.0}}","{'mean': {'raw': -0.000982362194918096, 'lambda': 0.0, 'weighted': 0.0}, 'log_growth': {'raw': -1.347931902273558e-05, 'lambda': 1.0, 'weighted': -1.347931902273558e-05}, 'cvar': {'raw': -0.00015185168012976646, 'lambda': 0.5, 'weighted': -7.592584006488323e-05}, 'turnover': {'raw': 5.575491741183214e-06, 'lambda': 0.0001, 'weighted': 5.575491734965965e-10}, 'volatility': {'raw': 8.107566827675328e-05, 'lambda': 0.0, 'weighted': 0.0}, 'vol_excess': {'raw': 0.0, 'lambda': 1.0, 'weighted': 0.0}, 'weight_path': {'raw': 2.6390629265238275e-11, 'lambda': 0.0, 'weighted': 0.0}, 'diversify': {'raw': 0.03388208523392677, 'lambda': 0.0, 'weighted': 0.0}}",0.0003
52,0.00037911173421889544,-8.946053276304156e-05,0.000592497429655244,0.0005283566618648668,-2.9073543070505064e-05,-0.00069575091280664,0.02162772665421168,0.0001272660835335652,0.0,0.00038870517164468765,0.033236621568600334,0.0009822661522775888,0.0009411988430656493,1.354852065560408e-05,0.00015182513743638992,5.535508535103872e-06,8.106868335744366e-05,0.0,2.6002653155665634e-11,0.03390783444046974,0.004673534383376439,0.007192307151854038,0.004673534383376439,0.007192307151854038,0,0,0,"{'mean': {'raw': -0.000592497429655244, 'lambda': 0.0, 'weighted': 0.0}, 'log_growth': {'raw': 2.9073543070505064e-05, 'lambda': 1.0, 'weighted': 2.9073543070505064e-05}, 'cvar': {'raw': 0.00069575091280664, 'lambda': 0.5, 'weighted': 0.00034787545640332}, 'turnover': {'raw': 0.02162772665421168, 'lambda': 0.0001, 'weighted': 2.162772640682912e-06}, 'volatility': {'raw': 0.0001272660835335652, 'lambda': 0.0, 'weighted': 0.0}, 'vol_excess': {'raw': 0.0, 'lambda': 1.0, 'weighted': 0.0}, 'weight_path': {'raw': 0.00038870517164468765, 'lambda': 0.0, 'weighted': 0.0}, 'diversify': {'raw': 0.033236621568600334, 'lambda': 0.0, 'weighted': 0.0}}","{'mean': {'raw': -0.0009822661522775888, 'lambda': 0.0, 'weighted': 0.0}, 'log_growth': {'raw': -1.354852065560408e-05, 'lambda': 1.0, 'weighted': -1.354852065560408e-05}, 'cvar': {'raw': -0.00015182513743638992, 'lambda': 0.5, 'weighted': -7.591256871819496e-05}, 'turnover': {'raw': 5.535508535103872e-06, 'lambda': 0.0001, 'weighted': 5.535508162957115e-10}, 'volatility': {'raw': 8.106868335744366e-05, 'lambda': 0.0, 'weighted': 0.0}, 'vol_excess': {'raw': 0.0, 'lambda': 1.0, 'weighted': 0.0}, 'weight_path': {'raw': 2.6002653155665634e-11, 'lambda': 0.0, 'weighted': 0.0}, 'diversify': {'raw': 0.03390783444046974, 'lambda': 0.0, 'weighted': 0.0}}",0.0003
53,0.00045000303847094375,-8.95171397132799e-05,0.0005848404640952746,0.0005207953896994392,-9.689027986799677e-05,-0.0007014639074138055,0.02380780006448428,0.0001270772554562427,0.0,0.0004530021493944029,0.03275148198008537,0.0009821687126532197,0.0009411048959009349,1.3618466255138628e-05,0.00015179843467194587,5.48823027202161e-06,8.106159657472745e-05,0.0,2.562046928777928e-11,0.03393395617604256,0.00426915551846226,0.007315408904105425,0.00426915551846226,0.007315408904105425,0,0,0,"{'mean': {'raw': -0.0005848404640952746, 'lambda': 0.0, 'weighted': 0.0}, 'log_growth': {'raw': 9.689027986799677e-05, 'lambda': 1.0, 'weighted': 9.689027986799677e-05}, 'cvar': {'raw': 0.0007014639074138055, 'lambda': 0.5, 'weighted': 0.00035073195370690274}, 'turnover': {'raw': 0.02380780006448428, 'lambda': 0.0001, 'weighted': 2.380779960731161e-06}, 'volatility': {'raw': 0.0001270772554562427, 'lambda': 0.0, 'weighted': 0.0}, 'vol_excess': {'raw': 0.0, 'lambda': 1.0, 'weighted': 0.0}, 'weight_path': {'raw': 0.0004530021493944029, 'lambda': 0.0, 'weighted': 0.0}, 'diversify': {'raw': 0.03275148198008537, 'lambda': 0.0, 'weighted': 0.0}}","{'mean': {'raw': -0.0009821687126532197, 'lambda': 0.0, 'weighted': 0.0}, 'log_growth': {'raw': -1.3618466255138628e-05, 'lambda': 1.0, 'weighted': -1.3618466255138628e-05}, 'cvar': {'raw': -0.00015179843467194587, 'lambda': 0.5, 'weighted': -7.589921733597293e-05}, 'turnover': {'raw': 5.48823027202161e-06, 'lambda': 0.0001, 'weighted': 5.488229870564965e-10}, 'volatility': {'raw': 8.106159657472745e-05, 'lambda': 0.0, 'weighted': 0.0}, 'vol_excess': {'raw': 0.0, 'lambda': 1.0, 'weighted': 0.0}, 'weight_path': {'raw': 2.562046928777928e-11, 'lambda': 0.0, 'weighted': 0.0}, 'diversify': {'raw': 0.03393395617604256, 'lambda': 0.0, 'weighted': 0.0}}",0.0003
54,0.00045005585222194594,-8.956880628829822e-05,0.0005711780783409873,0.0005075288548444709,-9.389555392165978e-05,-0.0007077545839517067,0.022830381368597347,0.00012627623800653964,0.0,0.0004272311052773148,0.033201166739066444,0.0009820811683312058,0.0009410206694155931,1.3682172721019015e-05,0.00015177435125224292,5.44231761523406e-06,8.105522283585742e-05,0.0,2.51219201691244e-11,0.03395744413137436,0.004977733634101848,0.008105909451842308,0.004977733634101848,0.008105909451842308,0,0,0,"{'mean': {'raw': -0.0005711780783409873, 'lambda': 0.0, 'weighted': 0.0}, 'log_growth': {'raw': 9.389555392165978e-05, 'lambda': 1.0, 'weighted': 9.389555392165978e-05}, 'cvar': {'raw': 0.0007077545839517067, 'lambda': 0.5, 'weighted': 0.0003538772919758533}, 'turnover': {'raw': 0.022830381368597347, 'lambda': 0.0001, 'weighted': 2.283038080956127e-06}, 'volatility': {'raw': 0.00012627623800653964, 'lambda': 0.0, 'weighted': 0.0}, 'vol_excess': {'raw': 0.0, 'lambda': 1.0, 'weighted': 0.0}, 'weight_path': {'raw': 0.0004272311052773148, 'lambda': 0.0, 'weighted': 0.0}, 'diversify': {'raw': 0.033201166739066444, 'lambda': 0.0, 'weighted': 0.0}}","{'mean': {'raw': -0.0009820811683312058, 'lambda': 0.0, 'weighted': 0.0}, 'log_growth': {'raw': -1.3682172721019015e-05, 'lambda': 1.0, 'weighted': -1.3682172721019015e-05}, 'cvar': {'raw': -0.00015177435125224292, 'lambda': 0.5, 'weighted': -7.588717562612146e-05}, 'turnover': {'raw': 5.44231761523406e-06, 'lambda': 0.0001, 'weighted': 5.442317707604616e-10}, 'volatility': {'raw': 8.105522283585742e-05, 'lambda': 0.0, 'weighted': 0.0}, 'vol_excess': {'raw': 0.0, 'lambda': 1.0, 'weighted': 0.0}, 'weight_path': {'raw': 2.51219201691244e-11, 'lambda': 0.0, 'weighted': 0.0}, 'diversify': {'raw': 0.03395744413137436, 'lambda': 0.0, 'weighted': 0.0}}",0.0003
55,0.00039947063972552616,-8.961971616372466e-05,0.0005946072924416512,0.0005308764521032572,-5.5202457588166e-05,-0.0006845685420557857,0.01983834244310856,0.0001264816649684993,0.0,0.0003293433110229671,0.03375549241900444,0.0009819932747632265,0.0009409358608536422,1.374522707919823e-05,0.00015175004955381155,5.399720521381823e-06,8.104881999315694e-05,0.0,2.47592796959184e-11,0.033981047570705414,0.004462751443497837,0.0069519649259746075,0.004462751443497837,0.0069519649259746075,0,0,0,"{'mean': {'raw': -0.0005946072924416512, 'lambda': 0.0, 'weighted': 0.0}, 'log_growth': {'raw': 5.5202457588166e-05, 'lambda': 1.0, 'weighted': 5.5202457588166e-05}, 'cvar': {'raw': 0.0006845685420557857, 'lambda': 0.5, 'weighted': 0.00034228427102789283}, 'turnover': {'raw': 0.01983834244310856, 'lambda': 0.0001, 'weighted': 1.9838341813738225e-06}, 'volatility': {'raw': 0.0001264816649684993, 'lambda': 0.0, 'weighted': 0.0}, 'vol_excess': {'raw': 0.0, 'lambda': 1.0, 'weighted': 0.0}, 'weight_path': {'raw': 0.0003293433110229671, 'lambda': 0.0, 'weighted': 0.0}, 'diversify': {'raw': 0.03375549241900444, 'lambda': 0.0, 'weighted': 0.0}}","{'mean': {'raw': -0.0009819932747632265, 'lambda': 0.0, 'weighted': 0.0}, 'log_growth': {'raw': -1.374522707919823e-05, 'lambda': 1.0, 'weighted': -1.374522707919823e-05}, 'cvar': {'raw': -0.00015175004955381155, 'lambda': 0.5, 'weighted': -7.587502477690578e-05}, 'turnover': {'raw': 5.399720521381823e-06, 'lambda': 0.0001, 'weighted': 5.399720115484286e-10}, 'volatility': {'raw': 8.104881999315694e-05, 'lambda': 0.0, 'weighted': 0.0}, 'vol_excess': {'raw': 0.0, 'lambda': 1.0, 'weighted': 0.0}, 'weight_path': {'raw': 2.47592796959184e-11, 'lambda': 0.0, 'weighted': 0.0}, 'diversify': {'raw': 0.033981047570705414, 'lambda': 0.0, 'weighted': 0.0}}",0.0003
56,0.0004266854763651888,-8.96655474207364e-05,0.0005956716583265612,0.0005315230810083449,-7.83425251332422e-05,-0.0006922944933952143,0.02195695973932743,0.00012731396903594336,0.0,0.00040849529129142564,0.03320435558756193,0.0009819145780056715,0.000940860016271472,1.380204048473388e-05,0.00015172809071373194,5.362740466807736e-06,8.104310109047219e-05,0.0,2.43920179193724e-11,0.03400216996669769,0.004178943422933419,0.006479988805949688,0.004178943422933419,0.006479988805949688,0,0,0,"{'mean': {'raw': -0.0005956716583265612, 'lambda': 0.0, 'weighted': 0.0}, 'log_growth': {'raw': 7.83425251332422e-05, 'lambda': 1.0, 'weighted': 7.83425251332422e-05}, 'cvar': {'raw': 0.0006922944933952143, 'lambda': 0.5, 'weighted': 0.00034614724669760716}, 'turnover': {'raw': 0.02195695973932743, 'lambda': 0.0001, 'weighted': 2.1956959699309664e-06}, 'volatility': {'raw': 0.00012731396903594336, 'lambda': 0.0, 'weighted': 0.0}, 'vol_excess': {'raw': 0.0, 'lambda': 1.0, 'weighted': 0.0}, 'weight_path': {'raw': 0.00040849529129142564, 'lambda': 0.0, 'weighted': 0.0}, 'diversify': {'raw': 0.03320435558756193, 'lambda': 0.0, 'weighted': 0.0}}","{'mean': {'raw': -0.0009819145780056715, 'lambda': 0.0, 'weighted': 0.0}, 'log_growth': {'raw': -1.380204048473388e-05, 'lambda': 1.0, 'weighted': -1.380204048473388e-05}, 'cvar': {'raw': -0.00015172809071373194, 'lambda': 0.5, 'weighted': -7.586404535686597e-05}, 'turnover': {'raw': 5.362740466807736e-06, 'lambda': 0.0001, 'weighted': 5.362740251868559e-10}, 'volatility': {'raw': 8.104310109047219e-05, 'lambda': 0.0, 'weighted': 0.0}, 'vol_excess': {'raw': 0.0, 'lambda': 1.0, 'weighted': 0.0}, 'weight_path': {'raw': 2.43920179193724e-11, 'lambda': 0.0, 'weighted': 0.0}, 'diversify': {'raw': 0.03400216996669769, 'lambda': 0.0, 'weighted': 0.0}}",0.0003
57,0.00045028065020839375,-8.97136123967357e-05,0.0005796684514886389,0.0005160229629836977,-9.914737893268466e-05,-0.0006981989135965705,0.020338139807184536,0.0001263004402668836,0.0,0.0003482653119135648,0.03331527983148893,0.0009818326216191053,0.0009407813777215779,1.3861369552614633e-05,0.0001517055497970432,5.309494554239791e-06,8.103714208118618e-05,0.0,2.3907514856702505e-11,0.03402412310242653,0.004491142967405419,0.007597744930535555,0.004491142967405419,0.007597744930535555,0,0,0,"{'mean': {'raw': -0.0005796684514886389, 'lambda': 0.0, 'weighted': 0.0}, 'log_growth': {'raw': 9.914737893268466e-05, 'lambda': 1.0, 'weighted': 9.914737893268466e-05}, 'cvar': {'raw': 0.0006981989135965705, 'lambda': 0.5, 'weighted': 0.00034909945679828525}, 'turnover': {'raw': 0.020338139807184536, 'lambda': 0.0001, 'weighted': 2.0338138710940257e-06}, 'volatility': {'raw': 0.0001263004402668836, 'lambda': 0.0, 'weighted': 0.0}, 'vol_excess': {'raw': 0.0, 'lambda': 1.0, 'weighted': 0.0}, 'weight_path': {'raw': 0.0003482653119135648, 'lambda': 0.0, 'weighted': 0.0}, 'diversify': {'raw': 0.03331527983148893, 'lambda': 0.0, 'weighted': 0.0}}","{'mean': {'raw': -0.0009818326216191053, 'lambda': 0.0, 'weighted': 0.0}, 'log_growth': {'raw': -1.3861369552614633e-05, 'lambda': 1.0, 'weighted': -1.3861369552614633e-05}, 'cvar': {'raw': -0.0001517055497970432, 'lambda': 0.5, 'weighted': -7.58527748985216e-05}, 'turnover': {'raw': 5.309494554239791e-06, 'lambda': 0.0001, 'weighted': 5.309494510719048e-10}, 'volatility': {'raw': 8.103714208118618e-05, 'lambda': 0.0, 'weighted': 0.0}, 'vol_excess': {'raw': 0.0, 'lambda': 1.0, 'weighted': 0.0}, 'weight_path': {'raw': 2.3907514856702505e-11, 'lambda': 0.0, 'weighted': 0.0}, 'diversify': {'raw': 0.03402412310242653, 'lambda': 0.0, 'weighted': 0.0}}",0.0003
58,0.00041819969192147255,-8.976073149824515e-05,0.0005780692833165327,0.0005142438070227703,-6.360382152100404e-05,-0.0007049417569457243,0.021250295763214428,0.00012664313301987326,0.0,0.00037385097433192033,0.03316925341884295,0.000981752062216401,0.0009407038451172411,1.3919673619966488e-05,0.00015168316895142198,5.273021542961942e-06,8.10313067631796e-05,0.0,2.3616863673026067e-11,0.034045688807964325,0.004405874254492422,0.0069519998505711555,0.004405874254492422,0.0069519998505711555,0,0,0,"{'mean': {'raw': -0.0005780692833165327, 'lambda': 0.0, 'weighted': 0.0}, 'log_growth': {'raw': 6.360382152100404e-05, 'lambda': 1.0, 'weighted': 6.360382152100404e-05}, 'cvar': {'raw': 0.0007049417569457243, 'lambda': 0.5, 'weighted': 0.0003524708784728621}, 'turnover': {'raw': 0.021250295763214428, 'lambda': 0.0001, 'weighted': 2.1250295200540372e-06}, 'volatility': {'raw': 0.00012664313301987326, 'lambda': 0.0, 'weighted': 0.0}, 'vol_excess': {'raw': 0.0, 'lambda': 1.0, 'weighted': 0.0}, 'weight_path': {'raw': 0.00037385097433192033, 'lambda': 0.0, 'weighted': 0.0}, 'diversify': {'raw': 0.03316925341884295, 'lambda': 0.0, 'weighted': 0.0}}","{'mean': {'raw': -0.000981752062216401, 'lambda': 0.0, 'weighted': 0.0}, 'log_growth': {'raw': -1.3919673619966488e-05, 'lambda': 1.0, 'weighted': -1.3919673619966488e-05}, 'cvar': {'raw': -0.00015168316895142198, 'lambda': 0.5, 'weighted': -7.584158447571099e-05}, 'turnover': {'raw': 5.273021542961942e-06, 'lambda': 0.0001, 'weighted': 5.273021463914063e-10}, 'volatility': {'raw': 8.10313067631796e-05, 'lambda': 0.0, 'weighted': 0.0}, 'vol_excess': {'raw': 0.0, 'lambda': 1.0, 'weighted': 0.0}, 'weight_path': {'raw': 2.3616863673026067e-11, 'lambda': 0.0, 'weighted': 0.0}, 'diversify': {'raw': 0.034045688807964325, 'lambda': 0.0, 'weighted': 0.0}}",0.0003
59,0.00033961931088318426,-8.979388076113537e-05,0.0006058963675362369,0.0005417928429475675,3.36312223225832e-06,-0.0006817404403894519,0.021122339492042858,0.0001272268394435135,0.0,0.00035771623758288723,0.03348936513066292,0.0009816953679546714,0.0009406490717083216,1.3960560863779392e-05,0.000151667685713619,5.230502665654058e-06,8.102716674329713e-05,0.0,2.321910719249587e-11,0.03406095877289772,0.004635608949077626,0.00678696995601058,0.004635608949077626,0.00678696995601058,0,0,0,"{'mean': {'raw': -0.0006058963675362369, 'lambda': 0.0, 'weighted': 0.0}, 'log_growth': {'raw': -3.36312223225832e-06, 'lambda': 1.0, 'weighted': -3.36312223225832e-06}, 'cvar': {'raw': 0.0006817404403894519, 'lambda': 0.5, 'weighted': 0.00034087022019472596}, 'turnover': {'raw': 0.021122339492042858, 'lambda': 0.0001, 'weighted': 2.112233914886019e-06}, 'volatility': {'raw': 0.0001272268394435135, 'lambda': 0.0, 'weighted': 0.0}, 'vol_excess': {'raw': 0.0, 'lambda': 1.0, 'weighted': 0.0}, 'weight_path': {'raw': 0.00035771623758288723, 'lambda': 0.0, 'weighted': 0.0}, 'diversify': {'raw': 0.03348936513066292, 'lambda': 0.0, 'weighted': 0.0}}","{'mean': {'raw': -0.0009816953679546714, 'lambda': 0.0, 'weighted': 0.0}, 'log_growth': {'raw': -1.3960560863779392e-05, 'lambda': 1.0, 'weighted': -1.3960560863779392e-05}, 'cvar': {'raw': -0.000151667685713619, 'lambda': 0.5, 'weighted': -7.58338428568095e-05}, 'turnover': {'raw': 5.230502665654058e-06, 'lambda': 0.0001, 'weighted': 5.230502697628481e-10}, 'volatility': {'raw': 8.102716674329713e-05, 'lambda': 0.0, 'weighted': 0.0}, 'vol_excess': {'raw': 0.0, 'lambda': 1.0, 'weighted': 0.0}, 'weight_path': {'raw': 2.321910719249587e-11, 'lambda': 0.0, 'weighted': 0.0}, 'diversify': {'raw': 0.03406095877289772, 'lambda': 0.0, 'weighted': 0.0}}",0.0003
60,0.0004462062691648801,-8.982896542875096e-05,0.0005592060624621809,0.0004956242628395557,-8.517810298750798e-05,-0.0007175567006925121,0.022497717291116714,0.00012616172656028843,0.0,0.0003953301541817685,0.033621665090322495,0.0009816351812332869,0.0009405912715010345,1.4003962860442698e-05,0.00015165103832259774,5.19403010912356e-06,8.102280116872862e-05,0.0,2.2858987272500464e-11,0.03407705947756767,0.004475214751437306,0.007506221067160368,0.004475214751437306,0.007506221067160368,0,0,0,"{'mean': {'raw': -0.0005592060624621809, 'lambda': 0.0, 'weighted': 0.0}, 'log_growth': {'raw': 8.517810298750798e-05, 'lambda': 1.0, 'weighted': 8.517810298750798e-05}, 'cvar': {'raw': 0.0007175567006925121, 'lambda': 0.5, 'weighted': 0.00035877835034625605}, 'turnover': {'raw': 0.022497717291116714, 'lambda': 0.0001, 'weighted': 2.249771720623054e-06}, 'volatility': {'raw': 0.00012616172656028843, 'lambda': 0.0, 'weighted': 0.0}, 'vol_excess': {'raw': 0.0, 'lambda': 1.0, 'weighted': 0.0}, 'weight_path': {'raw': 0.0003953301541817685, 'lambda': 0.0, 'weighted': 0.0}, 'diversify': {'raw': 0.033621665090322495, 'lambda': 0.0, 'weighted': 0.0}}","{'mean': {'raw': -0.0009816351812332869, 'lambda': 0.0, 'weighted': 0.0}, 'log_growth': {'raw': -1.4003962860442698e-05, 'lambda': 1.0, 'weighted': -1.4003962860442698e-05}, 'cvar': {'raw': -0.00015165103832259774, 'lambda': 0.5, 'weighted': -7.582551916129887e-05}, 'turnover': {'raw': 5.19403010912356e-06, 'lambda': 0.0001, 'weighted': 5.194030205935007e-10}, 'volatility': {'raw': 8.102280116872862e-05, 'lambda': 0.0, 'weighted': 0.0}, 'vol_excess': {'raw': 0.0, 'lambda': 1.0, 'weighted': 0.0}, 'weight_path': {'raw': 2.2858987272500464e-11, 'lambda': 0.0, 'weighted': 0.0}, 'diversify': {'raw': 0.03407705947756767, 'lambda': 0.0, 'weighted': 0.0}}",0.0003
61,0.00040246460897227127,-8.986218745121732e-05,0.0005990959180053324,0.0005351161332024882,-5.765428068116307e-05,-0.0006851825164631009,0.02219035600622495,0.00012696469154131287,0.0,0.00038500498825063306,0.033225843062003456,0.000981577904894948,0.0009405361488461494,1.4045129319129046e-05,0.00015163514763116837,5.153266101842746e-06,8.101863204501569e-05,0.0,2.254295014547658e-11,0.034092459827661514,0.004426695057190955,0.0070332614704966545,0.004426695057190955,0.0070332614704966545,0,0,0,"{'mean': {'raw': -0.0005990959180053324, 'lambda': 0.0, 'weighted': 0.0}, 'log_growth': {'raw': 5.765428068116307e-05, 'lambda': 1.0, 'weighted': 5.765428068116307e-05}, 'cvar': {'raw': 0.0006851825164631009, 'lambda': 0.5, 'weighted': 0.00034259125823155046}, 'turnover': {'raw': 0.02219035600622495, 'lambda': 0.0001, 'weighted': 2.2190354987590886e-06}, 'volatility': {'raw': 0.00012696469154131287, 'lambda': 0.0, 'weighted': 0.0}, 'vol_excess': {'raw': 0.0, 'lambda': 1.0, 'weighted': 0.0}, 'weight_path': {'raw': 0.00038500498825063306, 'lambda': 0.0, 'weighted': 0.0}, 'diversify': {'raw': 0.033225843062003456, 'lambda': 0.0, 'weighted': 0.0}}","{'mean': {'raw': -0.000981577904894948, 'lambda': 0.0, 'weighted': 0.0}, 'log_growth': {'raw': -1.4045129319129046e-05, 'lambda': 1.0, 'weighted': -1.4045129319129046e-05}, 'cvar': {'raw': -0.00015163514763116837, 'lambda': 0.5, 'weighted': -7.581757381558418e-05}, 'turnover': {'raw': 5.153266101842746e-06, 'lambda': 0.0001, 'weighted': 5.153266147139846e-10}, 'volatility': {'raw': 8.101863204501569e-05, 'lambda': 0.0, 'weighted': 0.0}, 'vol_excess': {'raw': 0.0, 'lambda': 1.0, 'weighted': 0.0}, 'weight_path': {'raw': 2.254295014547658e-11, 'lambda': 0.0, 'weighted': 0.0}, 'diversify': {'raw': 0.034092459827661514, 'lambda': 0.0, 'weighted': 0.0}}",0.0003
62,0.00046742715251942474,-8.990261267172173e-05,0.0005931686804008981,0.0005289330535257856,-0.00011709869916861256,-0.0006961108156247064,0.02273099807401498,0.00012748659355565906,0.0,0.00043248275566535693,0.03350454072157542,0.0009815088706091046,0.0009404695592820644,1.409505057381466e-05,0.00015161614282988012,5.112697635922814e-06,8.10136116342619e-05,0.0,2.2184492090571162e-11,0.034110985696315765,0.004390982988600929,0.00763008464127779,0.004390982988600929,0.00763008464127779,0,0,0,"{'mean': {'raw': -0.0005931686804008981, 'lambda': 0.0, 'weighted': 0.0}, 'log_growth': {'raw': 0.00011709869916861256, 'lambda': 1.0, 'weighted': 0.00011709869916861256}, 'cvar': {'raw': 0.0006961108156247064, 'lambda': 0.5, 'weighted': 0.0003480554078123532}, 'turnover': {'raw': 0.02273099807401498, 'lambda': 0.0001, 'weighted': 2.273099729184954e-06}, 'volatility': {'raw': 0.00012748659355565906, 'lambda': 0.0, 'weighted': 0.0}, 'vol_excess': {'raw': 0.0, 'lambda': 1.0, 'weighted': 0.0}, 'weight_path': {'raw': 0.00043248275566535693, 'lambda': 0.0, 'weighted': 0.0}, 'diversify': {'raw': 0.03350454072157542, 'lambda': 0.0, 'weighted': 0.0}}","{'mean': {'raw': -0.0009815088706091046, 'lambda': 0.0, 'weighted': 0.0}, 'log_growth': {'raw': -1.409505057381466e-05, 'lambda': 1.0, 'weighted': -1.409505057381466e-05}, 'cvar': {'raw': -0.00015161614282988012, 'lambda': 0.5, 'weighted': -7.580807141494006e-05}, 'turnover': {'raw': 5.112697635922814e-06, 'lambda': 0.0001, 'weighted': 5.112697487597018e-10}, 'volatility': {'raw': 8.10136116342619e-05, 'lambda': 0.0, 'weighted': 0.0}, 'vol_excess': {'raw': 0.0, 'lambda': 1.0, 'weighted': 0.0}, 'weight_path': {'raw': 2.2184492090571162e-11, 'lambda': 0.0, 'weighted': 0.0}, 'diversify': {'raw': 0.034110985696315765, 'lambda': 0.0, 'weighted': 0.0}}",0.0003
63,0.0004136296920478344,-8.994393283501267e-05,0.0005970541387796402,0.0005331881499538819,-6.861408473923802e-05,-0.0006857330833251277,0.021489677329858143,0.0001267377083422616,0.0,0.00038364568414787453,0.033588141202926636,0.0009814378572627902,0.0009404014563187957,1.4146276953397319e-05,0.00015159632312133908,5.081412837171229e-06,8.100848208414391e-05,0.0,2.1889476342629166e-11,0.03412993997335434,0.004611751452709238,0.00746398139744997,0.004611751452709238,0.00746398139744997,0,0,0,"{'mean': {'raw': -0.0005970541387796402, 'lambda': 0.0, 'weighted': 0.0}, 'log_growth': {'raw': 6.861408473923802e-05, 'lambda': 1.0, 'weighted': 6.861408473923802e-05}, 'cvar': {'raw': 0.0006857330833251277, 'lambda': 0.5, 'weighted': 0.00034286654166256386}, 'turnover': {'raw': 0.021489677329858143, 'lambda': 0.0001, 'weighted': 2.148967647978376e-06}, 'volatility': {'raw': 0.0001267377083422616, 'lambda': 0.0, 'weighted': 0.0}, 'vol_excess': {'raw': 0.0, 'lambda': 1.0, 'weighted': 0.0}, 'weight_path': {'raw': 0.00038364568414787453, 'lambda': 0.0, 'weighted': 0.0}, 'diversify': {'raw': 0.033588141202926636, 'lambda': 0.0, 'weighted': 0.0}}","{'mean': {'raw': -0.0009814378572627902, 'lambda': 0.0, 'weighted': 0.0}, 'log_growth': {'raw': -1.4146276953397319e-05, 'lambda': 1.0, 'weighted': -1.4146276953397319e-05}, 'cvar': {'raw': -0.00015159632312133908, 'lambda': 0.5, 'weighted': -7.579816156066954e-05}, 'turnover': {'raw': 5.081412837171229e-06, 'lambda': 0.0001, 'weighted': 5.081412512986105e-10}, 'volatility': {'raw': 8.100848208414391e-05, 'lambda': 0.0, 'weighted': 0.0}, 'vol_excess': {'raw': 0.0, 'lambda': 1.0, 'weighted': 0.0}, 'weight_path': {'raw': 2.1889476342629166e-11, 'lambda': 0.0, 'weighted': 0.0}, 'diversify': {'raw': 0.03412993997335434, 'lambda': 0.0, 'weighted': 0.0}}",0.0003
64,0.0004561420452470581,-8.999250712804496e-05,0.0005819207290187478,0.0005183958564884961,-0.0001068517449311912,-0.0006943448000432303,0.021178654705484707,0.00012604714720509946,0.0,0.00038024083672401804,0.03343191867073377,0.000981354620307684,0.0009403213043697178,1.4206257219484542e-05,0.000151573505718261,5.030507054470945e-06,8.10024284874089e-05,0.0,2.1541501221689074e-11,0.03415229171514511,0.004454155336134136,0.007541353814303875,0.004454155336134136,0.007541353814303875,0,0,0,"{'mean': {'raw': -0.0005819207290187478, 'lambda': 0.0, 'weighted': 0.0}, 'log_growth': {'raw': 0.0001068517449311912, 'lambda': 1.0, 'weighted': 0.0001068517449311912}, 'cvar': {'raw': 0.0006943448000432303, 'lambda': 0.5, 'weighted': 0.00034717240002161515}, 'turnover': {'raw': 0.021178654705484707, 'lambda': 0.0001, 'weighted': 2.117865430288172e-06}, 'volatility': {'raw': 0.00012604714720509946, 'lambda': 0.0, 'weighted': 0.0}, 'vol_excess': {'raw': 0.0, 'lambda': 1.0, 'weighted': 0.0}, 'weight_path': {'raw': 0.00038024083672401804, 'lambda': 0.0, 'weighted': 0.0}, 'diversify': {'raw': 0.03343191867073377, 'lambda': 0.0, 'weighted': 0.0}}","{'mean': {'raw': -0.000981354620307684, 'lambda': 0.0, 'weighted': 0.0}, 'log_growth': {'raw': -1.4206257219484542e-05, 'lambda': 1.0, 'weighted': -1.4206257219484542e-05}, 'cvar': {'raw': -0.000151573505718261, 'lambda': 0.5, 'weighted': -7.57867528591305e-05}, 'turnover': {'raw': 5.030507054470945e-06, 'lambda': 0.0001, 'weighted': 5.030507121972505e-10}, 'volatility': {'raw': 8.10024284874089e-05, 'lambda': 0.0, 'weighted': 0.0}, 'vol_excess': {'raw': 0.0, 'lambda': 1.0, 'weighted': 0.0}, 'weight_path': {'raw': 2.1541501221689074e-11, 'lambda': 0.0, 'weighted': 0.0}, 'diversify': {'raw': 0.03415229171514511, 'lambda': 0.0, 'weighted': 0.0}}",0.0003
65,0.0004616077446068327,-9.004463936435059e-05,0.000597235863097012,0.0005332575334856907,-0.0001156551103728513,-0.0006875563946474964,0.021745918318629265,0.0001270079034535835,0.0,0.00038487543739999336,0.033549875020980835,0.000981264398433268,0.0009402342257089913,1.4270987776399124e-05,0.00015154830180108547,5.007141226087697e-06,8.099587284959853e-05,0.0,2.1277968970112582e-11,0.03417651355266571,0.004139762294168274,0.007256518583744764,0.004139762294168274,0.007256518583744764,0,0,0,"{'mean': {'raw': -0.000597235863097012, 'lambda': 0.0, 'weighted': 0.0}, 'log_growth': {'raw': 0.0001156551103728513, 'lambda': 1.0, 'weighted': 0.0001156551103728513}, 'cvar': {'raw': 0.0006875563946474964, 'lambda': 0.5, 'weighted': 0.0003437781973237482}, 'turnover': {'raw': 0.021745918318629265, 'lambda': 0.0001, 'weighted': 2.1745917517061266e-06}, 'volatility': {'raw': 0.0001270079034535835, 'lambda': 0.0, 'weighted': 0.0}, 'vol_excess': {'raw': 0.0, 'lambda': 1.0, 'weighted': 0.0}, 'weight_path': {'raw': 0.00038487543739999336, 'lambda': 0.0, 'weighted': 0.0}, 'diversify': {'raw': 0.033549875020980835, 'lambda': 0.0, 'weighted': 0.0}}","{'mean': {'raw': -0.000981264398433268, 'lambda': 0.0, 'weighted': 0.0}, 'log_growth': {'raw': -1.4270987776399124e-05, 'lambda': 1.0, 'weighted': -1.4270987776399124e-05}, 'cvar': {'raw': -0.00015154830180108547, 'lambda': 0.5, 'weighted': -7.577415090054274e-05}, 'turnover': {'raw': 5.007141226087697e-06, 'lambda': 0.0001, 'weighted': 5.007141368196244e-10}, 'volatility': {'raw': 8.099587284959853e-05, 'lambda': 0.0, 'weighted': 0.0}, 'vol_excess': {'raw': 0.0, 'lambda': 1.0, 'weighted': 0.0}, 'weight_path': {'raw': 2.1277968970112582e-11, 'lambda': 0.0, 'weighted': 0.0}, 'diversify': {'raw': 0.03417651355266571, 'lambda': 0.0, 'weighted': 0.0}}",0.0003
66,0.00045133645956714946,-9.010053327074274e-05,0.0005792645388282835,0.0005153328141508003,-9.589023344839613e-05,-0.0007063835898103813,0.022543289388219517,0.00012686601257883012,0.0,0.0004239569049483786,0.0337369367480278,0.000981168239377439,0.0009401417337357998,1.4340282177727204e-05,0.00015152149717323482,4.968756911694072e-06,8.098888793028891e-05,0.0,2.0931678265667664e-11,0.034202300012111664,0.004369538432608048,0.0075900317169725895,0.004369538432608048,0.0075900317169725895,0,0,0,"{'mean': {'raw': -0.0005792645388282835, 'lambda': 0.0, 'weighted': 0.0}, 'log_growth': {'raw': 9.589023344839613e-05, 'lambda': 1.0, 'weighted': 9.589023344839613e-05}, 'cvar': {'raw': 0.0007063835898103813, 'lambda': 0.5, 'weighted': 0.00035319179490519065}, 'turnover': {'raw': 0.022543289388219517, 'lambda': 0.0001, 'weighted': 2.2543288196175126e-06}, 'volatility': {'raw': 0.00012686601257883012, 'lambda': 0.0, 'weighted': 0.0}, 'vol_excess': {'raw': 0.0, 'lambda': 1.0, 'weighted': 0.0}, 'weight_path': {'raw': 0.0004239569049483786, 'lambda': 0.0, 'weighted': 0.0}, 'diversify': {'raw': 0.0337369367480278, 'lambda': 0.0, 'weighted': 0.0}}","{'mean': {'raw': -0.000981168239377439, 'lambda': 0.0, 'weighted': 0.0}, 'log_growth': {'raw': -1.4340282177727204e-05, 'lambda': 1.0, 'weighted': -1.4340282177727204e-05}, 'cvar': {'raw': -0.00015152149717323482, 'lambda': 0.5, 'weighted': -7.576074858661741e-05}, 'turnover': {'raw': 4.968756911694072e-06, 'lambda': 0.0001, 'weighted': 4.968756517342854e-10}, 'volatility': {'raw': 8.098888793028891e-05, 'lambda': 0.0, 'weighted': 0.0}, 'vol_excess': {'raw': 0.0, 'lambda': 1.0, 'weighted': 0.0}, 'weight_path': {'raw': 2.0931678265667664e-11, 'lambda': 0.0, 'weighted': 0.0}, 'diversify': {'raw': 0.034202300012111664, 'lambda': 0.0, 'weighted': 0.0}}",0.0003
67,0.0004032297292724252,-9.015127579914406e-05,0.0005897405208088458,0.0005261397163849324,-5.7400825122992195e-05,-0.0006872308440506458,0.0221348504225413,0.00012620589404832572,0.0,0.00039694164297543466,0.033805632342894874,0.000981081509962678,0.0009400582639500499,1.4402963643078692e-05,0.00015149761748034507,4.941724455420626e-06,8.098259422695264e-05,0.0,2.0703772030117307e-11,0.03422555327415466,0.0047420071593175335,0.007436944637447596,0.0047420071593175335,0.007436944637447596,0,0,0,"{'mean': {'raw': -0.0005897405208088458, 'lambda': 0.0, 'weighted': 0.0}, 'log_growth': {'raw': 5.7400825122992195e-05, 'lambda': 1.0, 'weighted': 5.7400825122992195e-05}, 'cvar': {'raw': 0.0006872308440506458, 'lambda': 0.5, 'weighted': 0.0003436154220253229}, 'turnover': {'raw': 0.0221348504225413, 'lambda': 0.0001, 'weighted': 2.2134850041766185e-06}, 'volatility': {'raw': 0.00012620589404832572, 'lambda': 0.0, 'weighted': 0.0}, 'vol_excess': {'raw': 0.0, 'lambda': 1.0, 'weighted': 0.0}, 'weight_path': {'raw': 0.00039694164297543466, 'lambda': 0.0, 'weighted': 0.0}, 'diversify': {'raw': 0.033805632342894874, 'lambda': 0.0, 'weighted': 0.0}}","{'mean': {'raw': -0.000981081509962678, 'lambda': 0.0, 'weighted': 0.0}, 'log_growth': {'raw': -1.4402963643078692e-05, 'lambda': 1.0, 'weighted': -1.4402963643078692e-05}, 'cvar': {'raw': -0.00015149761748034507, 'lambda': 0.5, 'weighted': -7.574880874017254e-05}, 'turnover': {'raw': 4.941724455420626e-06, 'lambda': 0.0001, 'weighted': 4.941724252027768e-10}, 'volatility': {'raw': 8.098259422695264e-05, 'lambda': 0.0, 'weighted': 0.0}, 'vol_excess': {'raw': 0.0, 'lambda': 1.0, 'weighted': 0.0}, 'weight_path': {'raw': 2.0703772030117307e-11, 'lambda': 0.0, 'weighted': 0.0}, 'diversify': {'raw': 0.03422555327415466, 'lambda': 0.0, 'weighted': 0.0}}",0.0003
68,0.0004486730322241783,-9.020552533911541e-05,0.0005816577662092944,0.0005174704904978474,-9.23591045041879e-05,-0.000708321065758355,0.02153360719482104,0.00012740451347781345,0.0,0.00040693832367348176,0.034298392633597054,0.0009809889597818255,0.0009399689733982086,1.4470115274889395e-05,0.00015147180238272995,4.899751274933806e-06,8.097587124211714e-05,0.0,2.036134802430034e-11,0.03425042703747749,0.004671908332966268,0.007240121718496084,0.004671908332966268,0.007240121718496084,0,0,0,"{'mean': {'raw': -0.0005816577662092944, 'lambda': 0.0, 'weighted': 0.0}, 'log_growth': {'raw': 9.23591045041879e-05, 'lambda': 1.0, 'weighted': 9.23591045041879e-05}, 'cvar': {'raw': 0.000708321065758355, 'lambda': 0.5, 'weighted': 0.0003541605328791775}, 'turnover': {'raw': 0.02153360719482104, 'lambda': 0.0001, 'weighted': 2.15336065897039e-06}, 'volatility': {'raw': 0.00012740451347781345, 'lambda': 0.0, 'weighted': 0.0}, 'vol_excess': {'raw': 0.0, 'lambda': 1.0, 'weighted': 0.0}, 'weight_path': {'raw': 0.00040693832367348176, 'lambda': 0.0, 'weighted': 0.0}, 'diversify': {'raw': 0.034298392633597054, 'lambda': 0.0, 'weighted': 0.0}}","{'mean': {'raw': -0.0009809889597818255, 'lambda': 0.0, 'weighted': 0.0}, 'log_growth': {'raw': -1.4470115274889395e-05, 'lambda': 1.0, 'weighted': -1.4470115274889395e-05}, 'cvar': {'raw': -0.00015147180238272995, 'lambda': 0.5, 'weighted': -7.573590119136497e-05}, 'turnover': {'raw': 4.899751274933806e-06, 'lambda': 0.0001, 'weighted': 4.89975116035879e-10}, 'volatility': {'raw': 8.097587124211714e-05, 'lambda': 0.0, 'weighted': 0.0}, 'vol_excess': {'raw': 0.0, 'lambda': 1.0, 'weighted': 0.0}, 'weight_path': {'raw': 2.036134802430034e-11, 'lambda': 0.0, 'weighted': 0.0}, 'diversify': {'raw': 0.03425042703747749, 'lambda': 0.0, 'weighted': 0.0}}",0.0003
69,0.00041441254628201324,-9.02570245671086e-05,0.00058786227600649,0.0005237004564454159,-6.176418780038755e-05,-0.0007009323308011517,0.02182292441527049,0.0001273327701104184,0.0,0.0004231433170692374,0.03354183336098989,0.0009809002513065934,0.0009398836409673095,1.4533914509229362e-05,0.00015144719509407878,4.867530606134096e-06,8.09694392955862e-05,0.0,2.0114715448826814e-11,0.03427419066429138,0.004735819064080715,0.007475018035620451,0.004735819064080715,0.007475018035620451,0,0,0,"{'mean': {'raw': -0.00058786227600649, 'lambda': 0.0, 'weighted': 0.0}, 'log_growth': {'raw': 6.176418780038755e-05, 'lambda': 1.0, 'weighted': 6.176418780038755e-05}, 'cvar': {'raw': 0.0007009323308011517, 'lambda': 0.5, 'weighted': 0.00035046616540057585}, 'turnover': {'raw': 0.02182292441527049, 'lambda': 0.0001, 'weighted': 2.182292367554813e-06}, 'volatility': {'raw': 0.0001273327701104184, 'lambda': 0.0, 'weighted': 0.0}, 'vol_excess': {'raw': 0.0, 'lambda': 1.0, 'weighted': 0.0}, 'weight_path': {'raw': 0.0004231433170692374, 'lambda': 0.0, 'weighted': 0.0}, 'diversify': {'raw': 0.03354183336098989, 'lambda': 0.0, 'weighted': 0.0}}","{'mean': {'raw': -0.0009809002513065934, 'lambda': 0.0, 'weighted': 0.0}, 'log_growth': {'raw': -1.4533914509229362e-05, 'lambda': 1.0, 'weighted': -1.4533914509229362e-05}, 'cvar': {'raw': -0.00015144719509407878, 'lambda': 0.5, 'weighted': -7.572359754703939e-05}, 'turnover': {'raw': 4.867530606134096e-06, 'lambda': 0.0001, 'weighted': 4.867530267738118e-10}, 'volatility': {'raw': 8.09694392955862e-05, 'lambda': 0.0, 'weighted': 0.0}, 'vol_excess': {'raw': 0.0, 'lambda': 1.0, 'weighted': 0.0}, 'weight_path': {'raw': 2.0114715448826814e-11, 'lambda': 0.0, 'weighted': 0.0}, 'diversify': {'raw': 0.03427419066429138, 'lambda': 0.0, 'weighted': 0.0}}",0.0003
70,0.0003421182045713067,-9.030312503455207e-05,0.0006047124625183642,0.0005408919144732257,-2.0452037764092288e-06,-0.0006759115446281309,0.021172321091095608,0.00012664123642025515,0.0,0.00037202808501509327,0.033596184104681015,0.0009808214381337166,0.0009398076799698174,1.4590915270673577e-05,0.00015142538177315146,4.827234988624696e-06,8.096371311694384e-05,0.0,1.9818494068069015e-11,0.03429536521434784,0.004222556133754551,0.00613991916179657,0.004222556133754551,0.00613991916179657,0,0,0,"{'mean': {'raw': -0.0006047124625183642, 'lambda': 0.0, 'weighted': 0.0}, 'log_growth': {'raw': 2.0452037764092288e-06, 'lambda': 1.0, 'weighted': 2.0452037764092288e-06}, 'cvar': {'raw': 0.0006759115446281309, 'lambda': 0.5, 'weighted': 0.00033795577231406543}, 'turnover': {'raw': 0.021172321091095608, 'lambda': 0.0001, 'weighted': 2.1172321188108376e-06}, 'volatility': {'raw': 0.00012664123642025515, 'lambda': 0.0, 'weighted': 0.0}, 'vol_excess': {'raw': 0.0, 'lambda': 1.0, 'weighted': 0.0}, 'weight_path': {'raw': 0.00037202808501509327, 'lambda': 0.0, 'weighted': 0.0}, 'diversify': {'raw': 0.033596184104681015, 'lambda': 0.0, 'weighted': 0.0}}","{'mean': {'raw': -0.0009808214381337166, 'lambda': 0.0, 'weighted': 0.0}, 'log_growth': {'raw': -1.4590915270673577e-05, 'lambda': 1.0, 'weighted': -1.4590915270673577e-05}, 'cvar': {'raw': -0.00015142538177315146, 'lambda': 0.5, 'weighted': -7.571269088657573e-05}, 'turnover': {'raw': 4.827234988624696e-06, 'lambda': 0.0001, 'weighted': 4.827234723059348e-10}, 'volatility': {'raw': 8.096371311694384e-05, 'lambda': 0.0, 'weighted': 0.0}, 'vol_excess': {'raw': 0.0, 'lambda': 1.0, 'weighted': 0.0}, 'weight_path': {'raw': 1.9818494068069015e-11, 'lambda': 0.0, 'weighted': 0.0}, 'diversify': {'raw': 0.03429536521434784, 'lambda': 0.0, 'weighted': 0.0}}",0.0003
71,0.00040934669474760693,-9.034411777975038e-05,0.0005968488209570447,0.0005326548901697,-6.13224304591616e-05,-0.0006919025521104535,0.020730266347527504,0.00012736248997195312,0.0,0.00037610911143322784,0.03329783802231153,0.0009807501919567585,0.0009397391695529222,1.4641860616393387e-05,0.00015140547475311905,4.7986418394430075e-06,8.0958561738953e-05,0.0,1.9556516128726997e-11,0.03431440889835358,0.004408081100943188,0.007209900766611099,0.004408081100943188,0.007209900766611099,0,0,0,"{'mean': {'raw': -0.0005968488209570447, 'lambda': 0.0, 'weighted': 0.0}, 'log_growth': {'raw': 6.13224304591616e-05, 'lambda': 1.0, 'weighted': 6.13224304591616e-05}, 'cvar': {'raw': 0.0006919025521104535, 'lambda': 0.5, 'weighted': 0.00034595127605522674}, 'turnover': {'raw': 0.020730266347527504, 'lambda': 0.0001, 'weighted': 2.0730265835785153e-06}, 'volatility': {'raw': 0.00012736248997195312, 'lambda': 0.0, 'weighted': 0.0}, 'vol_excess': {'raw': 0.0, 'lambda': 1.0, 'weighted': 0.0}, 'weight_path': {'raw': 0.00037610911143322784, 'lambda': 0.0, 'weighted': 0.0}, 'diversify': {'raw': 0.03329783802231153, 'lambda': 0.0, 'weighted': 0.0}}","{'mean': {'raw': -0.0009807501919567585, 'lambda': 0.0, 'weighted': 0.0}, 'log_growth': {'raw': -1.4641860616393387e-05, 'lambda': 1.0, 'weighted': -1.4641860616393387e-05}, 'cvar': {'raw': -0.00015140547475311905, 'lambda': 0.5, 'weighted': -7.570273737655953e-05}, 'turnover': {'raw': 4.7986418394430075e-06, 'lambda': 0.0001, 'weighted': 4.79864148417164e-10}, 'volatility': {'raw': 8.0958561738953e-05, 'lambda': 0.0, 'weighted': 0.0}, 'vol_excess': {'raw': 0.0, 'lambda': 1.0, 'weighted': 0.0}, 'weight_path': {'raw': 1.9556516128726997e-11, 'lambda': 0.0, 'weighted': 0.0}, 'diversify': {'raw': 0.03431440889835358, 'lambda': 0.0, 'weighted': 0.0}}",0.0003
72,0.0004307803077002366,-9.038719872478396e-05,0.0005987116601318121,0.0005348088646618029,-8.618043890843789e-05,-0.000685073008450369,0.020633548498153687,0.00012681693624472246,0.0,0.0003752676711883396,0.03426504135131836,0.0009806768503040075,0.0009396684472449124,1.469513608753914e-05,0.0001513850875198841,4.771024123328971e-06,8.09532284620218e-05,0.0,1.928954912466807e-11,0.034334126859903336,0.004389471102816363,0.007220603059977293,0.004389471102816363,0.007220603059977293,0,0,0,"{'mean': {'raw': -0.0005987116601318121, 'lambda': 0.0, 'weighted': 0.0}, 'log_growth': {'raw': 8.618043890843789e-05, 'lambda': 1.0, 'weighted': 8.618043890843789e-05}, 'cvar': {'raw': 0.000685073008450369, 'lambda': 0.5, 'weighted': 0.0003425365042251845}, 'turnover': {'raw': 0.020633548498153687, 'lambda': 0.0001, 'weighted': 2.0633547895461866e-06}, 'volatility': {'raw': 0.00012681693624472246, 'lambda': 0.0, 'weighted': 0.0}, 'vol_excess': {'raw': 0.0, 'lambda': 1.0, 'weighted': 0.0}, 'weight_path': {'raw': 0.0003752676711883396, 'lambda': 0.0, 'weighted': 0.0}, 'diversify': {'raw': 0.03426504135131836, 'lambda': 0.0, 'weighted': 0.0}}","{'mean': {'raw': -0.0009806768503040075, 'lambda': 0.0, 'weighted': 0.0}, 'log_growth': {'raw': -1.469513608753914e-05, 'lambda': 1.0, 'weighted': -1.469513608753914e-05}, 'cvar': {'raw': -0.0001513850875198841, 'lambda': 0.5, 'weighted': -7.569254375994205e-05}, 'turnover': {'raw': 4.771024123328971e-06, 'lambda': 0.0001, 'weighted': 4.771024131322577e-10}, 'volatility': {'raw': 8.09532284620218e-05, 'lambda': 0.0, 'weighted': 0.0}, 'vol_excess': {'raw': 0.0, 'lambda': 1.0, 'weighted': 0.0}, 'weight_path': {'raw': 1.928954912466807e-11, 'lambda': 0.0, 'weighted': 0.0}, 'diversify': {'raw': 0.034334126859903336, 'lambda': 0.0, 'weighted': 0.0}}",0.0003
73,0.00040597581149389345,-9.043112368090078e-05,0.0005833702743984759,0.0005194580783912291,-5.3515774197876453e-05,-0.0007008309088026484,0.020446980372071266,0.0001268499957708021,0.0,0.000338319349490727,0.03355151042342186,0.0009806012967601418,0.0009395956876687706,1.474952841817867e-05,0.00015136413276195526,4.73654063171125e-06,8.094775694189593e-05,0.0,1.905605187535464e-11,0.034354373812675476,0.004624852600196998,0.007433657068759203,0.004624852600196998,0.007433657068759203,0,0,0,"{'mean': {'raw': -0.0005833702743984759, 'lambda': 0.0, 'weighted': 0.0}, 'log_growth': {'raw': 5.3515774197876453e-05, 'lambda': 1.0, 'weighted': 5.3515774197876453e-05}, 'cvar': {'raw': 0.0007008309088026484, 'lambda': 0.5, 'weighted': 0.0003504154544013242}, 'turnover': {'raw': 0.020446980372071266, 'lambda': 0.0001, 'weighted': 2.0446980215638177e-06}, 'volatility': {'raw': 0.0001268499957708021, 'lambda': 0.0, 'weighted': 0.0}, 'vol_excess': {'raw': 0.0, 'lambda': 1.0, 'weighted': 0.0}, 'weight_path': {'raw': 0.000338319349490727, 'lambda': 0.0, 'weighted': 0.0}, 'diversify': {'raw': 0.03355151042342186, 'lambda': 0.0, 'weighted': 0.0}}","{'mean': {'raw': -0.0009806012967601418, 'lambda': 0.0, 'weighted': 0.0}, 'log_growth': {'raw': -1.474952841817867e-05, 'lambda': 1.0, 'weighted': -1.474952841817867e-05}, 'cvar': {'raw': -0.00015136413276195526, 'lambda': 0.5, 'weighted': -7.568206638097763e-05}, 'turnover': {'raw': 4.73654063171125e-06, 'lambda': 0.0001, 'weighted': 4.736540604177719e-10}, 'volatility': {'raw': 8.094775694189593e-05, 'lambda': 0.0, 'weighted': 0.0}, 'vol_excess': {'raw': 0.0, 'lambda': 1.0, 'weighted': 0.0}, 'weight_path': {'raw': 1.905605187535464e-11, 'lambda': 0.0, 'weighted': 0.0}, 'diversify': {'raw': 0.034354373812675476, 'lambda': 0.0, 'weighted': 0.0}}",0.0003
74,0.0004481593690191706,-9.049067011801526e-05,0.0005732497957069427,0.0005093936536771556,-9.12664885011812e-05,-0.000709532648518992,0.021264350041747093,0.00012672951803930724,0.0,0.00038229576117979985,0.033800256748994194,0.000980498269200325,0.0009394964436069131,1.4823479432379827e-05,0.00015133533452171832,4.702369551523589e-06,8.094029180938378e-05,0.0,1.87431528630988e-11,0.03438199311494827,0.004176329588517547,0.006883738096803427,0.004176329588517547,0.006883738096803427,0,0,0,"{'mean': {'raw': -0.0005732497957069427, 'lambda': 0.0, 'weighted': 0.0}, 'log_growth': {'raw': 9.12664885011812e-05, 'lambda': 1.0, 'weighted': 9.12664885011812e-05}, 'cvar': {'raw': 0.000709532648518992, 'lambda': 0.5, 'weighted': 0.000354766324259496}, 'turnover': {'raw': 0.021264350041747093, 'lambda': 0.0001, 'weighted': 2.126434992533177e-06}, 'volatility': {'raw': 0.00012672951803930724, 'lambda': 0.0, 'weighted': 0.0}, 'vol_excess': {'raw': 0.0, 'lambda': 1.0, 'weighted': 0.0}, 'weight_path': {'raw': 0.00038229576117979985, 'lambda': 0.0, 'weighted': 0.0}, 'diversify': {'raw': 0.033800256748994194, 'lambda': 0.0, 'weighted': 0.0}}","{'mean': {'raw': -0.000980498269200325, 'lambda': 0.0, 'weighted': 0.0}, 'log_growth': {'raw': -1.4823479432379827e-05, 'lambda': 1.0, 'weighted': -1.4823479432379827e-05}, 'cvar': {'raw': -0.00015133533452171832, 'lambda': 0.5, 'weighted': -7.566766726085916e-05}, 'turnover': {'raw': 4.702369551523589e-06, 'lambda': 0.0001, 'weighted': 4.702369604814294e-10}, 'volatility': {'raw': 8.094029180938378e-05, 'lambda': 0.0, 'weighted': 0.0}, 'vol_excess': {'raw': 0.0, 'lambda': 1.0, 'weighted': 0.0}, 'weight_path': {'raw': 1.87431528630988e-11, 'lambda': 0.0, 'weighted': 0.0}, 'diversify': {'raw': 0.03438199311494827, 'lambda': 0.0, 'weighted': 0.0}}",0.0003
75,0.0004226131131872535,-9.055270493263379e-05,0.0006084750930313021,0.0005444321626176437,-8.279151127984126e-05,-0.000675328352372162,0.021573984374602635,0.00012705766857834533,0.0,0.00038121663965284824,0.03403252735733986,0.000980391982011497,0.0009393943473696709,1.490022441430483e-05,0.00015130589599721134,4.670616817747941e-06,8.093258657027036e-05,0.0,1.8512741686849132e-11,0.034410510212183,0.004223402861195306,0.007100553717464209,0.004223402861195306,0.007100553717464209,0,0,0,"{'mean': {'raw': -0.0006084750930313021, 'lambda': 0.0, 'weighted': 0.0}, 'log_growth': {'raw': 8.279151127984126e-05, 'lambda': 1.0, 'weighted': 8.279151127984126e-05}, 'cvar': {'raw': 0.000675328352372162, 'lambda': 0.5, 'weighted': 0.000337664176186081}, 'turnover': {'raw': 0.021573984374602635, 'lambda': 0.0001, 'weighted': 2.157398360698911e-06}, 'volatility': {'raw': 0.00012705766857834533, 'lambda': 0.0, 'weighted': 0.0}, 'vol_excess': {'raw': 0.0, 'lambda': 1.0, 'weighted': 0.0}, 'weight_path': {'raw': 0.00038121663965284824, 'lambda': 0.0, 'weighted': 0.0}, 'diversify': {'raw': 0.03403252735733986, 'lambda': 0.0, 'weighted': 0.0}}","{'mean': {'raw': -0.000980391982011497, 'lambda': 0.0, 'weighted': 0.0}, 'log_growth': {'raw': -1.490022441430483e-05, 'lambda': 1.0, 'weighted': -1.490022441430483e-05}, 'cvar': {'raw': -0.00015130589599721134, 'lambda': 0.5, 'weighted': -7.565294799860567e-05}, 'turnover': {'raw': 4.670616817747941e-06, 'lambda': 0.0001, 'weighted': 4.670616671198502e-10}, 'volatility': {'raw': 8.093258657027036e-05, 'lambda': 0.0, 'weighted': 0.0}, 'vol_excess': {'raw': 0.0, 'lambda': 1.0, 'weighted': 0.0}, 'weight_path': {'raw': 1.8512741686849132e-11, 'lambda': 0.0, 'weighted': 0.0}, 'diversify': {'raw': 0.034410510212183, 'lambda': 0.0, 'weighted': 0.0}}",0.0003
76,0.0004415774407486121,-9.062071330845356e-05,0.0005859737187468758,0.0005220013554207981,-9.025138569995761e-05,-0.0006984372448641807,0.0210746085892121,0.00012693244692248604,0.0,0.0003679434400207053,0.033945160607496895,0.0009802748681977391,0.0009392814827151597,1.4984607332735322e-05,0.00015127313963603228,4.637538040697109e-06,8.092410280369222e-05,0.0,1.8306257551503613e-11,0.034441929310560226,0.004501232605737944,0.007485869340598583,0.004501232605737944,0.007485869340598583,0,0,0,"{'mean': {'raw': -0.0005859737187468758, 'lambda': 0.0, 'weighted': 0.0}, 'log_growth': {'raw': 9.025138569995761e-05, 'lambda': 1.0, 'weighted': 9.025138569995761e-05}, 'cvar': {'raw': 0.0006984372448641807, 'lambda': 0.5, 'weighted': 0.00034921862243209034}, 'turnover': {'raw': 0.0210746085892121, 'lambda': 0.0001, 'weighted': 2.1074608108998896e-06}, 'volatility': {'raw': 0.00012693244692248604, 'lambda': 0.0, 'weighted': 0.0}, 'vol_excess': {'raw': 0.0, 'lambda': 1.0, 'weighted': 0.0}, 'weight_path': {'raw': 0.0003679434400207053, 'lambda': 0.0, 'weighted': 0.0}, 'diversify': {'raw': 0.033945160607496895, 'lambda': 0.0, 'weighted': 0.0}}","{'mean': {'raw': -0.0009802748681977391, 'lambda': 0.0, 'weighted': 0.0}, 'log_growth': {'raw': -1.4984607332735322e-05, 'lambda': 1.0, 'weighted': -1.4984607332735322e-05}, 'cvar': {'raw': -0.00015127313963603228, 'lambda': 0.5, 'weighted': -7.563656981801614e-05}, 'turnover': {'raw': 4.637538040697109e-06, 'lambda': 0.0001, 'weighted': 4.6375378537355516e-10}, 'volatility': {'raw': 8.092410280369222e-05, 'lambda': 0.0, 'weighted': 0.0}, 'vol_excess': {'raw': 0.0, 'lambda': 1.0, 'weighted': 0.0}, 'weight_path': {'raw': 1.8306257551503613e-11, 'lambda': 0.0, 'weighted': 0.0}, 'diversify': {'raw': 0.034441929310560226, 'lambda': 0.0, 'weighted': 0.0}}",0.0003
77,0.0004082469580074151,-9.068525832844898e-05,0.000573180829330037,0.000509696469331781,-5.4440907357881464e-05,-0.0007032045784095923,0.0220368392765522,0.0001259796966526968,0.0,0.00039747355428213876,0.03445640206336975,0.0009801643900573254,0.0009391748462803662,1.5064519175211899e-05,0.00015124239143915474,4.608827566698892e-06,8.0916091974359e-05,0.0,1.806273186577556e-11,0.03447159007191658,0.004369427605221669,0.007086843252182007,0.004369427605221669,0.007086843252182007,0,0,0,"{'mean': {'raw': -0.000573180829330037, 'lambda': 0.0, 'weighted': 0.0}, 'log_growth': {'raw': 5.4440907357881464e-05, 'lambda': 1.0, 'weighted': 5.4440907357881464e-05}, 'cvar': {'raw': 0.0007032045784095923, 'lambda': 0.5, 'weighted': 0.00035160228920479614}, 'turnover': {'raw': 0.0220368392765522, 'lambda': 0.0001, 'weighted': 2.203683910314188e-06}, 'volatility': {'raw': 0.0001259796966526968, 'lambda': 0.0, 'weighted': 0.0}, 'vol_excess': {'raw': 0.0, 'lambda': 1.0, 'weighted': 0.0}, 'weight_path': {'raw': 0.00039747355428213876, 'lambda': 0.0, 'weighted': 0.0}, 'diversify': {'raw': 0.03445640206336975, 'lambda': 0.0, 'weighted': 0.0}}","{'mean': {'raw': -0.0009801643900573254, 'lambda': 0.0, 'weighted': 0.0}, 'log_growth': {'raw': -1.5064519175211899e-05, 'lambda': 1.0, 'weighted': -1.5064519175211899e-05}, 'cvar': {'raw': -0.00015124239143915474, 'lambda': 0.5, 'weighted': -7.562119571957737e-05}, 'turnover': {'raw': 4.608827566698892e-06, 'lambda': 0.0001, 'weighted': 4.608827486318745e-10}, 'volatility': {'raw': 8.0916091974359e-05, 'lambda': 0.0, 'weighted': 0.0}, 'vol_excess': {'raw': 0.0, 'lambda': 1.0, 'weighted': 0.0}, 'weight_path': {'raw': 1.806273186577556e-11, 'lambda': 0.0, 'weighted': 0.0}, 'diversify': {'raw': 0.03447159007191658, 'lambda': 0.0, 'weighted': 0.0}}",0.0003
78,0.0004153957512850563,-9.072317334357649e-05,0.0005895456415601075,0.0005256552831269801,-6.601812007526557e-05,-0.0006944949078994492,0.021301845088601112,0.00012680445070145652,0.0,0.00038292182337803143,0.033820571998755135,0.0009800982661545277,0.0009391115745529532,1.5111646462173667e-05,0.00015122396871447563,4.57672376796836e-06,8.091132622212172e-05,0.0,1.7826063541948045e-11,0.034489236772060394,0.004811843275092542,0.007513308897614479,0.004811843275092542,0.007513308897614479,0,0,0,"{'mean': {'raw': -0.0005895456415601075, 'lambda': 0.0, 'weighted': 0.0}, 'log_growth': {'raw': 6.601812007526557e-05, 'lambda': 1.0, 'weighted': 6.601812007526557e-05}, 'cvar': {'raw': 0.0006944949078994492, 'lambda': 0.5, 'weighted': 0.0003472474539497246}, 'turnover': {'raw': 0.021301845088601112, 'lambda': 0.0001, 'weighted': 2.1301844602324613e-06}, 'volatility': {'raw': 0.00012680445070145652, 'lambda': 0.0, 'weighted': 0.0}, 'vol_excess': {'raw': 0.0, 'lambda': 1.0, 'weighted': 0.0}, 'weight_path': {'raw': 0.00038292182337803143, 'lambda': 0.0, 'weighted': 0.0}, 'diversify': {'raw': 0.033820571998755135, 'lambda': 0.0, 'weighted': 0.0}}","{'mean': {'raw': -0.0009800982661545277, 'lambda': 0.0, 'weighted': 0.0}, 'log_growth': {'raw': -1.5111646462173667e-05, 'lambda': 1.0, 'weighted': -1.5111646462173667e-05}, 'cvar': {'raw': -0.00015122396871447563, 'lambda': 0.5, 'weighted': -7.561198435723782e-05}, 'turnover': {'raw': 4.57672376796836e-06, 'lambda': 0.0001, 'weighted': 4.5767237222271717e-10}, 'volatility': {'raw': 8.091132622212172e-05, 'lambda': 0.0, 'weighted': 0.0}, 'vol_excess': {'raw': 0.0, 'lambda': 1.0, 'weighted': 0.0}, 'weight_path': {'raw': 1.7826063541948045e-11, 'lambda': 0.0, 'weighted': 0.0}, 'diversify': {'raw': 0.034489236772060394, 'lambda': 0.0, 'weighted': 0.0}}",0.0003
79,0.0004905062184358636,-9.07890425878577e-05,0.0005673035824050506,0.0005034424442177018,-0.00013076655644302568,-0.0007152454345487058,0.021170244241754215,0.0001267485204152763,0.0,0.0003570178911710779,0.033890304466088615,0.0009799858089536428,0.0009390028426423669,1.519314173492603e-05,0.0001511927112005651,4.5505885282182135e-06,8.09031625976786e-05,0.0,1.7590064821382256e-11,0.03451947122812271,0.0042332774416233105,0.0074457633309066296,0.0042332774416233105,0.0074457633309066296,0,0,0,"{'mean': {'raw': -0.0005673035824050506, 'lambda': 0.0, 'weighted': 0.0}, 'log_growth': {'raw': 0.00013076655644302568, 'lambda': 1.0, 'weighted': 0.00013076655644302568}, 'cvar': {'raw': 0.0007152454345487058, 'lambda': 0.5, 'weighted': 0.0003576227172743529}, 'turnover': {'raw': 0.021170244241754215, 'lambda': 0.0001, 'weighted': 2.1170243750627074e-06}, 'volatility': {'raw': 0.0001267485204152763, 'lambda': 0.0, 'weighted': 0.0}, 'vol_excess': {'raw': 0.0, 'lambda': 1.0, 'weighted': 0.0}, 'weight_path': {'raw': 0.0003570178911710779, 'lambda': 0.0, 'weighted': 0.0}, 'diversify': {'raw': 0.033890304466088615, 'lambda': 0.0, 'weighted': 0.0}}","{'mean': {'raw': -0.0009799858089536428, 'lambda': 0.0, 'weighted': 0.0}, 'log_growth': {'raw': -1.519314173492603e-05, 'lambda': 1.0, 'weighted': -1.519314173492603e-05}, 'cvar': {'raw': -0.0001511927112005651, 'lambda': 0.5, 'weighted': -7.559635560028255e-05}, 'turnover': {'raw': 4.5505885282182135e-06, 'lambda': 0.0001, 'weighted': 4.550588517115983e-10}, 'volatility': {'raw': 8.09031625976786e-05, 'lambda': 0.0, 'weighted': 0.0}, 'vol_excess': {'raw': 0.0, 'lambda': 1.0, 'weighted': 0.0}, 'weight_path': {'raw': 1.7590064821382256e-11, 'lambda': 0.0, 'weighted': 0.0}, 'diversify': {'raw': 0.03451947122812271, 'lambda': 0.0, 'weighted': 0.0}}",0.0003
80,0.00044814272162814933,-9.093508560908958e-05,0.0005842431370789806,0.0005204077848854164,-9.674811735749245e-05,-0.0006983046769164503,0.022422187651197117,0.00012671698641497642,0.0,0.0004233597331525137,0.03338072821497917,0.0009797333041206002,0.0009387597092427313,1.5374573195003904e-05,0.00015112193068489432,4.507250196184032e-06,8.0884899944067e-05,0.0,1.7331218057914377e-11,0.03458716347813606,0.004048859157289068,0.006787843536585569,0.004048859157289068,0.006787843536585569,0,0,0,"{'mean': {'raw': -0.0005842431370789806, 'lambda': 0.0, 'weighted': 0.0}, 'log_growth': {'raw': 9.674811735749245e-05, 'lambda': 1.0, 'weighted': 9.674811735749245e-05}, 'cvar': {'raw': 0.0006983046769164503, 'lambda': 0.5, 'weighted': 0.00034915233845822513}, 'turnover': {'raw': 0.022422187651197117, 'lambda': 0.0001, 'weighted': 2.242218746080956e-06}, 'volatility': {'raw': 0.00012671698641497642, 'lambda': 0.0, 'weighted': 0.0}, 'vol_excess': {'raw': 0.0, 'lambda': 1.0, 'weighted': 0.0}, 'weight_path': {'raw': 0.0004233597331525137, 'lambda': 0.0, 'weighted': 0.0}, 'diversify': {'raw': 0.03338072821497917, 'lambda': 0.0, 'weighted': 0.0}}","{'mean': {'raw': -0.0009797333041206002, 'lambda': 0.0, 'weighted': 0.0}, 'log_growth': {'raw': -1.5374573195003904e-05, 'lambda': 1.0, 'weighted': -1.5374573195003904e-05}, 'cvar': {'raw': -0.00015112193068489432, 'lambda': 0.5, 'weighted': -7.556096534244716e-05}, 'turnover': {'raw': 4.507250196184032e-06, 'lambda': 0.0001, 'weighted': 4.507250128682472e-10}, 'volatility': {'raw': 8.0884899944067e-05, 'lambda': 0.0, 'weighted': 0.0}, 'vol_excess': {'raw': 0.0, 'lambda': 1.0, 'weighted': 0.0}, 'weight_path': {'raw': 1.7331218057914377e-11, 'lambda': 0.0, 'weighted': 0.0}, 'diversify': {'raw': 0.03458716347813606, 'lambda': 0.0, 'weighted': 0.0}}",0.0003
